<?xml version="1.0" encoding="UTF-8" standalone="yes"?>
<addon id="script.module.libZdf" 
	     name="libZdf" 
	     version="1.9.2" 
	     provider-name="membrane">
  <requires>
    <import addon="xbmc.python" version="2.1.0" />
    <import addon="script.module.libMediathek2" version="1.1.12"/>
  </requires>
  <extension point="xbmc.python.module" library="lib" />
  <extension point="xbmc.addon.metadata">
    <platform>all</platform>
    <summary lang="en">Core lib for the ZDF Mediathek</summary>
    <description lang="en">Handles everything related to the ZDF Mediathek. Used in multiple add-ons.</description>
  </extension>
</addon>
