<?xml version="1.0" encoding="UTF-8" standalone="yes"?>
<addon id="script.module.libmdr" 
	     name="libmdr" 
	     version="0.3.0" 
	     provider-name="membrane">
  <requires>
    <import addon="xbmc.python" version="2.1.0" />
    <import addon="script.module.libmediathek3" version="1.1.3"/>
  </requires>
  <extension point="xbmc.python.module" library="lib" />
  <extension point="xbmc.addon.metadata">
    <platform>all</platform>
    <summary lang="en">libMdr</summary>
    <description lang="en">libMdr</description>
  </extension>
</addon>
