<?xml version="1.0" encoding="UTF-8" standalone="yes"?>
<addon id="script.module.libarte" 
	     name="libarte" 
	     version="1.0.0" 
	     provider-name="sarbes">
  <requires>
    <import addon="xbmc.python" version="2.25.0" />
    <import addon="script.module.libmediathek3" version="1.4.0"/>
  </requires>
  <extension point="xbmc.python.module" library="lib" />
  <extension point="xbmc.addon.metadata">
    <platform>all</platform>
    <summary lang="en">This is a scraper for http://arte.tv.</summary>
    <description lang="en">This is a scraper for http://arte.tv.</description>
  </extension>
</addon>
