<?xml version="1.0" encoding="UTF-8" standalone="yes"?>
<addon id="script.module.libdaserste" 
	     name="libdaserste" 
	     version="1.0.0" 
	     provider-name="membrane">
  <requires>
    <import addon="xbmc.python" version="2.25.0" />
    <import addon="script.module.libmediathek3" version="1.3.1"/>
  </requires>
  <extension point="xbmc.python.module" library="lib" />
  <extension point="xbmc.addon.metadata">
    <platform>all</platform>
    <platform>all</platform>
    <summary lang="en">This is a scraper for the Das Erste Mediathek (http://mediathek.daserste.de/).</summary>
    <description lang="en">This is a scraper for the Das Erste Mediathek (http://mediathek.daserste.de/). It uses the JSON interface of the Android app.</description>
  </extension>
</addon>
