<?xml version="1.0" encoding="utf-8" ?>
<tv>
<channel id="ArteEvent1.de">
<display-name>Arte Event 1</display-name>
</channel>
<channel id="ArteEvent2.de">
<display-name>Arte Event 2</display-name>
</channel>
<channel id="ArteEvent3.de">
<display-name>Arte Event 3</display-name>
</channel>
<channel id="BREvent1.de">
<display-name>BR Event 1</display-name>
</channel>
<channel id="BREvent2.de">
<display-name>BR Event 2</display-name>
</channel>
<channel id="BREvent3.de">
<display-name>BR Event 3</display-name>
</channel>
<channel id="BREvent4.de">
<display-name>BR Event 4</display-name>
</channel>
<channel id="MDRPlus1.de">
<display-name>MDR+ 1</display-name>
</channel>
<channel id="MDRPlus2.de">
<display-name>MDR+ 2</display-name>
</channel>
<channel id="MDRPlus3.de">
<display-name>MDR+ 3</display-name>
</channel>
<channel id="ARDEvent1.de">
<display-name>ARD Event 1</display-name>
</channel>
<channel id="ARDEvent2.de">
<display-name>ARD Event 2</display-name>
</channel>
<channel id="WDREvent1.de">
<display-name>WDR Event 1</display-name>
</channel>
<channel id="WDREvent2.de">
<display-name>WDR Event 2</display-name>
</channel>
<channel id="WDREvent3.de">
<display-name>WDR Event 3</display-name>
</channel>
<channel id="WDREvent4.de">
<display-name>WDR Event 4</display-name>
</channel>
<channel id="SWREvent1.de">
<display-name>SWR Event 1</display-name>
</channel>
<channel id="SWREvent2.de">
<display-name>SWR Event 2</display-name>
</channel>
<channel id="SWREvent3.de">
<display-name>SWR Event 3</display-name>
</channel>
<channel id="SWREvent4.de">
<display-name>SWR Event 4</display-name>
</channel>
<channel id="RBBEvent1.de">
<display-name>RBB Event 1</display-name>
</channel>
<channel id="RBBEvent2.de">
<display-name>RBB Event 2</display-name>
</channel>
<programme start="20170724165000 +0000" stop="20170725033000 +0000" channel="ArteEvent1.de">
<title>Sergei Babayan spielt Mozart</title>
<desc>Der armenische Pianist Sergei Babayan ist der Solist dieses Abends. Er spielt Mozarts monumental angelegtes 25. Klavierkonzert. Es ist das letzte von Mozarts 12 großen Konzerten und wurde 1786 in Wien uraufgeführt. Begleitet wird Babayan vom Verbier Festival Orchestra.</desc>
<icon>https://static-cdn.arte.tv/resize/5tA7Urm-SXU_TYgPFvcoObSOZPs=/940x530/smart/filters:strip_icc()/apios/Img_data/16/077138-002-A_2136501.jpg</icon>
<category>Klassik</category>
</programme>
<programme start="20170723155000 +0000" stop="20170724043000 +0000" channel="ArteEvent2.de">
<title>DEICHBRAND Festival - Livestream 23/07/17</title>
<desc>Letzter Tag beim DEUCHBRAND Festival und letzte Gelegenheit auf Rock, Pop, Metal, Punk, Alternative, Hip-Hop, Elektro... zu tanzen. ARTE Concert zeigt ausgewählte Konzerte im Livestream und als VOD!</desc>
<icon>https://static-cdn.arte.tv/resize/DHP06JIZrw6KzL_QNAxGx5duuvY=/940x530/smart/filters:strip_icc()/apios/Img_data/28/076807-003-A_2134719.jpg</icon>
<category>Pop & Rock</category>
</programme>
<programme start="20170724163000 +0000" stop="20170725031500 +0000" channel="ArteEvent2.de">
<title>Berlin Live - Festival of British Pop</title>
<desc>Berlin Live feiert im ARTE “Summer of Fish'n'Chips” das Festival der britischen Popmusik mit einem exklusiven Live-Konzert der legendären Band Erasure, umrahmt von Top-Konzerten aus dem letzten Jahr: The Kills, Kaiser Chiefs und Bloc Party.</desc>
<icon>https://static-cdn.arte.tv/resize/pPF4fkmr17b1CdeGaZls8zcBcEc=/940x530/smart/filters:strip_icc()/apios/Img_data/20/073482-002-A_2137029.jpg</icon>
<category>Pop & Rock</category>
</programme>
<programme start="20170725190000 +0000" stop="20170726020000 +0000" channel="ArteEvent2.de">
<title>Kamasi Washington beim Festival Marseille Jazz des Cinq Continents</title>
<desc>Das kalifornische Inglewood ist vor allem für seinen Riesendonut (den man im Videoclip „Californication“ von den Red Hot Chilly Peppers sieht) und die Bandenkriege zwischen Bloods und Crisps bekannt – und bietet damit wohl nicht die besten Rahmenbedingungen für die Wiederbelebung des amerikanischen Jazz. Doch dann kam Kamasi Washington!</desc>
<icon>https://static-cdn.arte.tv/resize/drImb_RKpXd34JhNbjbwEi8qcw0=/940x530/smart/filters:strip_icc()/apios/Img_data/16/076801-001-A_2140835.jpg</icon>
<category>Jazz</category>
</programme>
<programme start="20170725203000 +0000" stop="20170726035900 +0000" channel="ArteEvent2.de">
<title>Robert Glasper beim Festival Marseille Jazz des Cinq Continents</title>
<desc>Wenn man das Leben von Robert Glasper in einem Satz zusammenfassen sollte, würde dieser einer bunten Collage ähneln: Ein im Land des Country geborener Jazzmusiker, bekommt einen Grammy Award für das beste R’n’B Album und nimmt gerne amerikanische Klassiker von Miles Davis bis Nirvana wieder auf.</desc>
<icon>https://static-cdn.arte.tv/resize/rTzkf4SCmh6JGbuXZerrLPnHPIs=/940x530/smart/filters:strip_icc()/apios/Img_data/22/076801-002-A_2140876.jpg</icon>
<category>Jazz</category>
</programme>
<programme start="20170723105500 +0000" stop="20170723150000 +0000" channel="BREvent1.de">
<title>Beachvolleyball - Jetzt live - das BVV-Masters aus Ebersberg</title>
<desc>Das BVV Beach Masters geht in die finale Runde! BRSport überträgt das Turnier in Ebersberg im Livestream. Ihr Kommentator ist Jan Wiecken, an seiner Seite Beachvolleyball-Experte Tim Noack.</desc>
<icon>http://www.br.de/themen/sport/inhalt/volleyball/beachvolleyball-herren-100~_h-288_v-img__16__9__l_w-512_-36ea54a5369892695ea8425a5a1018bcc96eae75.jpg?version=87945</icon>
<category>Sport</category>
</programme>
<programme start="20170729190000 +0000" stop="20170729210000 +0000" channel="BREvent2.de">
<title>Gunzenhausen - Mark Forster @ BR-Radltour</title>
<desc></desc>
<icon>http://www.br.de/radio/bayern-3/br-radltour-2017-konzertstreams-100~_h-288_v-img__16__9__l_w-512_-36ea54a5369892695ea8425a5a1018bcc96eae75.png?version=547f4</icon>
</programme>
<programme start="20170723160000 +0000" stop="20170723180000 +0000" channel="MDRPlus2.de">
<title>Fecht-WM: Finals Damen Degen und Herren Florett</title>
<desc>In Leipzig finden die Weltmeisterschaften im Fechten statt. Der MDR überträgt jeden Tag die Finalkämpfe im Livestream. Am Sonntag kämpfen die Degen-Damen und die Florett-Herren um die Titel.</desc>
<icon>http://www.mdr.de/sport/andere_sportarten/bild-113492-resimage_v-variantSmall16x9_w-512.jpg?version=9168</icon>
</programme>
<programme start="20170728120000 +0000" stop="20170728150000 +0000" channel="ARDEvent1.de">
<title>Die Beachvolleyball-WM in Wien, ab 14 Uhr</title>
<desc>Sehen Sie hier im Livestream am Freitag (28. Juli) ab 14 Uhr das Spiel bei der Beachvolleyball-WM in Wien zwischen Markus Böckermmann/Lars Flüggen (Deutschland) und Younousse Cherif/Jefferson Santos Pereira (Brasilien).</desc>
<icon>http://www.sportschau.de/weitere/beachvolleyball/lars-flueggen-mit-markus-beckermann-100~_v-TeaserNormal.jpg</icon>
<category>Sport</category>
</programme>
<programme start="20170730120000 +0000" stop="20170730150000 +0000" channel="ARDEvent1.de">
<title>Die Beachvolleyball-WM in Wien, ab 14 Uhr</title>
<desc>Sehen Sie hier im Livestream am Sonntag (1. August) ab 14 Uhr das Spiel bei der Beachvolleyball-WM in Wien zwischen Victoria Bieneck/Isabel Schneider (Deutschland) und Teresa Strauss/Katharina Holzer (Österreich).</desc>
<icon>http://www.sportschau.de/weitere/beachvolleyball/isabel-schneider-und-victoria-bieneck-100~_v-TeaserNormal.jpg</icon>
<category>Sport</category>
</programme>
<programme start="20170801123000 +0000" stop="20170801153000 +0000" channel="ARDEvent1.de">
<title>Die Beachvolleyball-WM in Wien, ab 14.30 Uhr</title>
<desc>Sehen Sie hier im Livestream am Dienstag (1. August) ab 14.30 Uhr das Spiel bei der Beachvolleyball-WM in Wien zwischen Markus Böckermmann/Lars Flüggen (Deutschland) und Carlos Rangel/Jonathan Golindano (Venezuela).</desc>
<icon>http://www.sportschau.de/weitere/beachvolleyball/lars-flueggen-100~_v-TeaserNormal.jpg</icon>
<category>Sport</category>
</programme>
<programme start="20170801153500 +0000" stop="20170801204500 +0000" channel="ARDEvent1.de">
<title>Atletico gegen Neapel und Bayern gegen Liverpool, ab 17.35 Uhr</title>
<desc>Sehen Sie hier am Dienstag (1.8.) ab 17.35 Uhr europäischen Vereinsfußball der Spitzenklasse - beim Audi-Cup in München trifft zunächst Atletico Madrid auf den SSC Neapel, und im Anschluss spielt der FC Bayern gegen den FC Liverpool.</desc>
<icon>http://www.sportschau.de/fussball/championsleague/atletico-madrid-leicester-city-102~_v-TeaserNormal.jpg</icon>
<category>Sport</category>
</programme>
<programme start="20170802153500 +0000" stop="20170802203000 +0000" channel="ARDEvent1.de">
<title>Fußball mit den Bayern, Liverpool, Atletico und Neapel, ab 17.35 Uhr</title>
<desc>Beim Audi-Cup stehen das Spiel um Platz drei und das Finale auf dem Programm. Sehen sie Partien mit dem FC Bayern, dem FC Liverpool, Atletico Madrid und dem SSC Neapel am Mittwoch (2.8.) ab 17.35 Uhr hier im Livestream.</desc>
<icon>http://www.sportschau.de/fussball/bundesliga/vereine/bayern/robert-lewandowski-146~_v-TeaserNormal.jpg</icon>
<category>Sport</category>
</programme>
<programme start="20170723142000 +0000" stop="20170723173000 +0000" channel="ARDEvent2.de">
<title>Das Finale der Tour de France in Paris, ab 16.20 Uhr</title>
<desc>Sehen Sie hier im Livestream die 21. Etappe und letzte Etappe der Tour de France. Es geht über 103 Kilometer von Montgeron auf die Champs-Élysées nach Paris. Aus rechtlichen Gründen ist der Stream auf Deutschland begrenzt.</desc>
<icon>http://www.sportschau.de/tourdefrance/tour-de-france-einundzwanzig-100~_v-TeaserNormal.jpg</icon>
<category>Sport</category>
</programme>
<programme start="20170729160000 +0000" stop="20170729165000 +0000" channel="ARDEvent2.de">
<title>Die Sportschau am Samstag, ab 18 Uhr</title>
<desc>Sehen Sie hier aktuelle Sportberichte im Livestream - in der Sportschau am Samstag mit Moderatorin Julia Scharf.</desc>
<icon>http://www.sportschau.de/julia-scharf104~_v-TeaserNormal.jpg</icon>
<category>Sport</category>
</programme>
<programme start="20170805090000 +0000" stop="20170805140000 +0000" channel="ARDEvent2.de">
<title>die Leichtathletik-WM und die Beachvolleyball-WM, ab 11 Uhr</title>
<desc>Sehen Sie hier am Samstag (5.8.) ab 11 Uhr die Leichtathletik-WM in London und ab ca. 14 Uhr die Beachvolleyball-WM in Wien. Aus rechtlichen Gründen ist der Stream auf Deutschland begrenzt.</desc>
<icon>http://www.sportschau.de/weitere/leichtathletik/stabhoch-100~_v-TeaserNormal.jpg</icon>
<category>Sport</category>
</programme>
<programme start="20170812160000 +0000" stop="20170812175700 +0000" channel="ARDEvent2.de">
<title>die 1. Runde im DFB-Pokal, ab 18 Uhr</title>
<desc>Sehen Sie hier im Livestream die Höhepunkte der ersten Hauptrunde im DFB-Pokal - unter anderem mit den Spielen Chemnitz - Bayern, Halberstadt - Freiburg, Rielasingen - Dortmund und Erndtebrück - Frankfurt. Aus rechtlichen Gründen ist der Stream auf Deutschland begrenzt.</desc>
<icon>http://www.sportschau.de/fussball/bundesliga/james-rodriguez-102~_v-TeaserNormal.jpg</icon>
<category>Sport</category>
</programme>
<programme start="20170813160000 +0000" stop="20170813172900 +0000" channel="ARDEvent2.de">
<title>die 1. Runde im DFB-Pokal, ab 18 Uhr</title>
<desc>Sehen Sie hier im Livestream die Höhepunkte der ersten Hauptrunde im DFB-Pokal - unter anderem mit den Spielen Osnabrück - HSV, Dorfmerkingen - Leipzig und Norderstedt - Wolfsburg. Aus rechtlichen Gründen ist der Stream auf Deutschland begrenzt.</desc>
<icon>http://www.sportschau.de/fussball/bundesliga/andre-hahn-112~_v-TeaserNormal.jpg</icon>
<category>Sport</category>
</programme>
<programme start="20170814181500 +0000" stop="20170814220000 +0000" channel="ARDEvent2.de">
<title>Hertha BSC gegen Hansa Rostock im DFB-Pokal, ab 20.15 Uhr</title>
<desc>Sehen Sie hier im Livestream das Spiel im DFB-Pokal zwischen Hertha BSC und Hansa Rostock. Im Anschluss gibt es weitere Partien in der Zusammenfassung und den Sportschau Club. Aus rechtlichen Gründen ist der Stream auf Deutschland begrenzt.</desc>
<icon>http://www.sportschau.de/fussball/bundesliga/jonathan-klinsmann-100~_v-TeaserNormal.jpg</icon>
<category>Sport</category>
</programme>
<programme start="20170723082500 +0000" stop="20170723090000 +0000" channel="WDREvent2.de">
<title>Das Sonntags-Qualifying der DTM in Moskau, ab 10.25 Uhr</title>
<desc>Wer holt sich die Pole Position für das DTM-Rennen am Sonntagnachmittag? Verfolgen Sie hier das Qualifying im Livestream. Hinweis: Technisch bedingt können im Vorfeld an dieser Stelle andere Sendungen ausgespielt werden.</desc>
<icon>http://www.sportschau.de/dtm/rennen-in-moskau-start-100~_v-TeaserNormal.jpg</icon>
<category>Sport</category>
</programme>
<programme start="20170723113000 +0000" stop="20170723130500 +0000" channel="WDREvent2.de">
<title>Das Sonntags-Rennen der DTM in Moskau, ab 13.30 Uhr</title>
<desc>Wer holt sich den Sieg am Sonntag? Sehen Sie hier das DTM-Rennen in Moskau.</desc>
<icon>http://www.sportschau.de/dtm/rennszenen-des-zwoelften-laufs-der-dtm-116~_v-TeaserNormal.jpg</icon>
<category>Sport</category>
</programme>
<programme start="20170723090000 +0000" stop="20170723180000 +0000" channel="WDREvent3.de">
<title>Dressur, Springreiten und Schlussfeier, ab 11 Uhr</title>
<desc>Sehen Sie hier im Livestream am Sonntag (23.07.) ab 11 Uhr die Grand Prix Kür (Dressur), den Großen Preis von Aachen (Springreiten) sowie ab 19.30 Uhr den Abschied der Nationen beim CHIO in Aachen.</desc>
<icon>http://www.sportschau.de/weitere/pferdesport/springreiten-106~_v-TeaserNormal.jpg</icon>
<category>Sport</category>
</programme>
<programme start="20170901220000 +0000" stop="20170902220000 +0000" channel="SWREvent1.de">
<title>SWR4 Live -Beatrice Egli</title>
<desc>2.9.</desc>
<icon>http://swrmediathek.de/img/a/4/b/a4bd90db7efea170fad50aee597aee54</icon>
</programme>
<programme start="20170921220000 +0000" stop="20170922220000 +0000" channel="SWREvent1.de">
<title>SWR Abokonzert - SWR Symphonieorchester</title>
<desc>22.9.</desc>
<icon>http://swrmediathek.de/img/d/0/f/d0f0671ae173860ab167ef3a7d2410cf</icon>
</programme>
<programme start="20170901220000 +0000" stop="20170902220000 +0000" channel="SWREvent2.de">
<title>SWR4 Live -Beatrice Egli</title>
<desc>2.9.</desc>
<icon>http://swrmediathek.de/img/a/4/b/a4bd90db7efea170fad50aee597aee54</icon>
</programme>
<programme start="20170921220000 +0000" stop="20170922220000 +0000" channel="SWREvent2.de">
<title>SWR Abokonzert - SWR Symphonieorchester</title>
<desc>22.9.</desc>
<icon>http://swrmediathek.de/img/d/0/f/d0f0671ae173860ab167ef3a7d2410cf</icon>
</programme>
<programme start="20170901220000 +0000" stop="20170902220000 +0000" channel="SWREvent3.de">
<title>SWR4 Live -Beatrice Egli</title>
<desc>2.9.</desc>
<icon>http://swrmediathek.de/img/a/4/b/a4bd90db7efea170fad50aee597aee54</icon>
</programme>
<programme start="20170921220000 +0000" stop="20170922220000 +0000" channel="SWREvent3.de">
<title>SWR Abokonzert - SWR Symphonieorchester</title>
<desc>22.9.</desc>
<icon>http://swrmediathek.de/img/d/0/f/d0f0671ae173860ab167ef3a7d2410cf</icon>
</programme>
<programme start="20170901220000 +0000" stop="20170902220000 +0000" channel="SWREvent4.de">
<title>SWR4 Live -Beatrice Egli</title>
<desc>2.9.</desc>
<icon>http://swrmediathek.de/img/a/4/b/a4bd90db7efea170fad50aee597aee54</icon>
</programme>
<programme start="20170921220000 +0000" stop="20170922220000 +0000" channel="SWREvent4.de">
<title>SWR Abokonzert - SWR Symphonieorchester</title>
<desc>22.9.</desc>
<icon>http://swrmediathek.de/img/d/0/f/d0f0671ae173860ab167ef3a7d2410cf</icon>
</programme>
<programme start="20170724090000 +0000" stop="20170724094500 +0000" channel="MDRPlus1.de">
<title>MDR um elf mit Gebärdensprache</title>
<desc>Im MDR+ Livestream können Sie das barrierefreie Nachrichtenangebot von "MDR um elf" im Livestream mit Gebärdensprache sehen. Wochentäglich immer um 11 Uhr.</desc>
<icon>http://www.mdr.de/mdr-um-11/logomdrumelf100-resimage_v-variantSmall16x9_w-512.jpg</icon>
<category>Nachrichten</category>
</programme>
<programme start="20170725090000 +0000" stop="20170725094500 +0000" channel="MDRPlus1.de">
<title>MDR um elf mit Gebärdensprache</title>
<desc>Im MDR+ Livestream können Sie das barrierefreie Nachrichtenangebot von "MDR um elf" im Livestream mit Gebärdensprache sehen. Wochentäglich immer um 11 Uhr.</desc>
<icon>http://www.mdr.de/mdr-um-11/logomdrumelf100-resimage_v-variantSmall16x9_w-512.jpg</icon>
<category>Nachrichten</category>
</programme>
<programme start="20170726090000 +0000" stop="20170726094500 +0000" channel="MDRPlus1.de">
<title>MDR um elf mit Gebärdensprache</title>
<desc>Im MDR+ Livestream können Sie das barrierefreie Nachrichtenangebot von "MDR um elf" im Livestream mit Gebärdensprache sehen. Wochentäglich immer um 11 Uhr.</desc>
<icon>http://www.mdr.de/mdr-um-11/logomdrumelf100-resimage_v-variantSmall16x9_w-512.jpg</icon>
<category>Nachrichten</category>
</programme>
<programme start="20170727090000 +0000" stop="20170727094500 +0000" channel="MDRPlus1.de">
<title>MDR um elf mit Gebärdensprache</title>
<desc>Im MDR+ Livestream können Sie das barrierefreie Nachrichtenangebot von "MDR um elf" im Livestream mit Gebärdensprache sehen. Wochentäglich immer um 11 Uhr.</desc>
<icon>http://www.mdr.de/mdr-um-11/logomdrumelf100-resimage_v-variantSmall16x9_w-512.jpg</icon>
<category>Nachrichten</category>
</programme>
<programme start="20170728090000 +0000" stop="20170728094500 +0000" channel="MDRPlus1.de">
<title>MDR um elf mit Gebärdensprache</title>
<desc>Im MDR+ Livestream können Sie das barrierefreie Nachrichtenangebot von "MDR um elf" im Livestream mit Gebärdensprache sehen. Wochentäglich immer um 11 Uhr.</desc>
<icon>http://www.mdr.de/mdr-um-11/logomdrumelf100-resimage_v-variantSmall16x9_w-512.jpg</icon>
<category>Nachrichten</category>
</programme>
<programme start="20170731090000 +0000" stop="20170731094500 +0000" channel="MDRPlus1.de">
<title>MDR um elf mit Gebärdensprache</title>
<desc>Im MDR+ Livestream können Sie das barrierefreie Nachrichtenangebot von "MDR um elf" im Livestream mit Gebärdensprache sehen. Wochentäglich immer um 11 Uhr.</desc>
<icon>http://www.mdr.de/mdr-um-11/logomdrumelf100-resimage_v-variantSmall16x9_w-512.jpg</icon>
<category>Nachrichten</category>
</programme>
<programme start="20170801090000 +0000" stop="20170801094500 +0000" channel="MDRPlus1.de">
<title>MDR um elf mit Gebärdensprache</title>
<desc>Im MDR+ Livestream können Sie das barrierefreie Nachrichtenangebot von "MDR um elf" im Livestream mit Gebärdensprache sehen. Wochentäglich immer um 11 Uhr.</desc>
<icon>http://www.mdr.de/mdr-um-11/logomdrumelf100-resimage_v-variantSmall16x9_w-512.jpg</icon>
<category>Nachrichten</category>
</programme>
<programme start="20170802090000 +0000" stop="20170802094500 +0000" channel="MDRPlus1.de">
<title>MDR um elf mit Gebärdensprache</title>
<desc>Im MDR+ Livestream können Sie das barrierefreie Nachrichtenangebot von "MDR um elf" im Livestream mit Gebärdensprache sehen. Wochentäglich immer um 11 Uhr.</desc>
<icon>http://www.mdr.de/mdr-um-11/logomdrumelf100-resimage_v-variantSmall16x9_w-512.jpg</icon>
<category>Nachrichten</category>
</programme>
<programme start="20170803090000 +0000" stop="20170803094500 +0000" channel="MDRPlus1.de">
<title>MDR um elf mit Gebärdensprache</title>
<desc>Im MDR+ Livestream können Sie das barrierefreie Nachrichtenangebot von "MDR um elf" im Livestream mit Gebärdensprache sehen. Wochentäglich immer um 11 Uhr.</desc>
<icon>http://www.mdr.de/mdr-um-11/logomdrumelf100-resimage_v-variantSmall16x9_w-512.jpg</icon>
<category>Nachrichten</category>
</programme>
<programme start="20170804090000 +0000" stop="20170804094500 +0000" channel="MDRPlus1.de">
<title>MDR um elf mit Gebärdensprache</title>
<desc>Im MDR+ Livestream können Sie das barrierefreie Nachrichtenangebot von "MDR um elf" im Livestream mit Gebärdensprache sehen. Wochentäglich immer um 11 Uhr.</desc>
<icon>http://www.mdr.de/mdr-um-11/logomdrumelf100-resimage_v-variantSmall16x9_w-512.jpg</icon>
<category>Nachrichten</category>
</programme>
<programme start="20170723173000 +0000" stop="20170723175000 +0000" channel="MDRPlus1.de">
<title>MDR Aktuell mit Gebärdensprache</title>
<desc>Die Abendausgaben von MDR aktuell werden in Gebärdensprache übersetzt. Hier können Sie die Sendungen mit Gebärdensprachdolmetscher live verfolgen.</desc>
<icon>http://www.mdr.de/mdr-um-11/logomdrumelf100-resimage_v-variantSmall16x9_w-512.jpg</icon>
<category>Nachrichten</category>
</programme>
<programme start="20170724173000 +0000" stop="20170724175000 +0000" channel="MDRPlus1.de">
<title>MDR Aktuell mit Gebärdensprache</title>
<desc>Die Abendausgaben von MDR aktuell werden in Gebärdensprache übersetzt. Hier können Sie die Sendungen mit Gebärdensprachdolmetscher live verfolgen.</desc>
<icon>http://www.mdr.de/mdr-um-11/logomdrumelf100-resimage_v-variantSmall16x9_w-512.jpg</icon>
<category>Nachrichten</category>
</programme>
<programme start="20170725173000 +0000" stop="20170725175000 +0000" channel="MDRPlus1.de">
<title>MDR Aktuell mit Gebärdensprache</title>
<desc>Die Abendausgaben von MDR aktuell werden in Gebärdensprache übersetzt. Hier können Sie die Sendungen mit Gebärdensprachdolmetscher live verfolgen.</desc>
<icon>http://www.mdr.de/mdr-um-11/logomdrumelf100-resimage_v-variantSmall16x9_w-512.jpg</icon>
<category>Nachrichten</category>
</programme>
<programme start="20170726173000 +0000" stop="20170726175000 +0000" channel="MDRPlus1.de">
<title>MDR Aktuell mit Gebärdensprache</title>
<desc>Die Abendausgaben von MDR aktuell werden in Gebärdensprache übersetzt. Hier können Sie die Sendungen mit Gebärdensprachdolmetscher live verfolgen.</desc>
<icon>http://www.mdr.de/mdr-um-11/logomdrumelf100-resimage_v-variantSmall16x9_w-512.jpg</icon>
<category>Nachrichten</category>
</programme>
<programme start="20170727173000 +0000" stop="20170727175000 +0000" channel="MDRPlus1.de">
<title>MDR Aktuell mit Gebärdensprache</title>
<desc>Die Abendausgaben von MDR aktuell werden in Gebärdensprache übersetzt. Hier können Sie die Sendungen mit Gebärdensprachdolmetscher live verfolgen.</desc>
<icon>http://www.mdr.de/mdr-um-11/logomdrumelf100-resimage_v-variantSmall16x9_w-512.jpg</icon>
<category>Nachrichten</category>
</programme>
<programme start="20170728173000 +0000" stop="20170728175000 +0000" channel="MDRPlus1.de">
<title>MDR Aktuell mit Gebärdensprache</title>
<desc>Die Abendausgaben von MDR aktuell werden in Gebärdensprache übersetzt. Hier können Sie die Sendungen mit Gebärdensprachdolmetscher live verfolgen.</desc>
<icon>http://www.mdr.de/mdr-um-11/logomdrumelf100-resimage_v-variantSmall16x9_w-512.jpg</icon>
<category>Nachrichten</category>
</programme>
<programme start="20170729173000 +0000" stop="20170729175000 +0000" channel="MDRPlus1.de">
<title>MDR Aktuell mit Gebärdensprache</title>
<desc>Die Abendausgaben von MDR aktuell werden in Gebärdensprache übersetzt. Hier können Sie die Sendungen mit Gebärdensprachdolmetscher live verfolgen.</desc>
<icon>http://www.mdr.de/mdr-um-11/logomdrumelf100-resimage_v-variantSmall16x9_w-512.jpg</icon>
<category>Nachrichten</category>
</programme>
<programme start="20170730173000 +0000" stop="20170730175000 +0000" channel="MDRPlus1.de">
<title>MDR Aktuell mit Gebärdensprache</title>
<desc>Die Abendausgaben von MDR aktuell werden in Gebärdensprache übersetzt. Hier können Sie die Sendungen mit Gebärdensprachdolmetscher live verfolgen.</desc>
<icon>http://www.mdr.de/mdr-um-11/logomdrumelf100-resimage_v-variantSmall16x9_w-512.jpg</icon>
<category>Nachrichten</category>
</programme>
<programme start="20170731173000 +0000" stop="20170731175000 +0000" channel="MDRPlus1.de">
<title>MDR Aktuell mit Gebärdensprache</title>
<desc>Die Abendausgaben von MDR aktuell werden in Gebärdensprache übersetzt. Hier können Sie die Sendungen mit Gebärdensprachdolmetscher live verfolgen.</desc>
<icon>http://www.mdr.de/mdr-um-11/logomdrumelf100-resimage_v-variantSmall16x9_w-512.jpg</icon>
<category>Nachrichten</category>
</programme>
<programme start="20170801173000 +0000" stop="20170801175000 +0000" channel="MDRPlus1.de">
<title>MDR Aktuell mit Gebärdensprache</title>
<desc>Die Abendausgaben von MDR aktuell werden in Gebärdensprache übersetzt. Hier können Sie die Sendungen mit Gebärdensprachdolmetscher live verfolgen.</desc>
<icon>http://www.mdr.de/mdr-um-11/logomdrumelf100-resimage_v-variantSmall16x9_w-512.jpg</icon>
<category>Nachrichten</category>
</programme>
<programme start="20170802173000 +0000" stop="20170802175000 +0000" channel="MDRPlus1.de">
<title>MDR Aktuell mit Gebärdensprache</title>
<desc>Die Abendausgaben von MDR aktuell werden in Gebärdensprache übersetzt. Hier können Sie die Sendungen mit Gebärdensprachdolmetscher live verfolgen.</desc>
<icon>http://www.mdr.de/mdr-um-11/logomdrumelf100-resimage_v-variantSmall16x9_w-512.jpg</icon>
<category>Nachrichten</category>
</programme>
<programme start="20170803173000 +0000" stop="20170803175000 +0000" channel="MDRPlus1.de">
<title>MDR Aktuell mit Gebärdensprache</title>
<desc>Die Abendausgaben von MDR aktuell werden in Gebärdensprache übersetzt. Hier können Sie die Sendungen mit Gebärdensprachdolmetscher live verfolgen.</desc>
<icon>http://www.mdr.de/mdr-um-11/logomdrumelf100-resimage_v-variantSmall16x9_w-512.jpg</icon>
<category>Nachrichten</category>
</programme>
<programme start="20170804173000 +0000" stop="20170804175000 +0000" channel="MDRPlus1.de">
<title>MDR Aktuell mit Gebärdensprache</title>
<desc>Die Abendausgaben von MDR aktuell werden in Gebärdensprache übersetzt. Hier können Sie die Sendungen mit Gebärdensprachdolmetscher live verfolgen.</desc>
<icon>http://www.mdr.de/mdr-um-11/logomdrumelf100-resimage_v-variantSmall16x9_w-512.jpg</icon>
<category>Nachrichten</category>
</programme>
<programme start="20170805173000 +0000" stop="20170805175000 +0000" channel="MDRPlus1.de">
<title>MDR Aktuell mit Gebärdensprache</title>
<desc>Die Abendausgaben von MDR aktuell werden in Gebärdensprache übersetzt. Hier können Sie die Sendungen mit Gebärdensprachdolmetscher live verfolgen.</desc>
<icon>http://www.mdr.de/mdr-um-11/logomdrumelf100-resimage_v-variantSmall16x9_w-512.jpg</icon>
<category>Nachrichten</category>
</programme>
<programme start="20170806173000 +0000" stop="20170806175000 +0000" channel="MDRPlus1.de">
<title>MDR Aktuell mit Gebärdensprache</title>
<desc>Die Abendausgaben von MDR aktuell werden in Gebärdensprache übersetzt. Hier können Sie die Sendungen mit Gebärdensprachdolmetscher live verfolgen.</desc>
<icon>http://www.mdr.de/mdr-um-11/logomdrumelf100-resimage_v-variantSmall16x9_w-512.jpg</icon>
<category>Nachrichten</category>
</programme>
<programme start="20170723194500 +0000" stop="20170723195700 +0000" channel="MDRPlus1.de">
<title>MDR Aktuell mit Gebärdensprache</title>
<desc>Die Abendausgaben von MDR aktuell werden in Gebärdensprache übersetzt. Hier können Sie die Sendungen mit Gebärdensprachdolmetscher live verfolgen.</desc>
<icon>http://www.mdr.de/mdr-um-11/logomdrumelf100-resimage_v-variantSmall16x9_w-512.jpg</icon>
<category>Nachrichten</category>
</programme>
<programme start="20170724194500 +0000" stop="20170724195700 +0000" channel="MDRPlus1.de">
<title>MDR Aktuell mit Gebärdensprache</title>
<desc>Die Abendausgaben von MDR aktuell werden in Gebärdensprache übersetzt. Hier können Sie die Sendungen mit Gebärdensprachdolmetscher live verfolgen.</desc>
<icon>http://www.mdr.de/mdr-um-11/logomdrumelf100-resimage_v-variantSmall16x9_w-512.jpg</icon>
<category>Nachrichten</category>
</programme>
<programme start="20170725194500 +0000" stop="20170725195700 +0000" channel="MDRPlus1.de">
<title>MDR Aktuell mit Gebärdensprache</title>
<desc>Die Abendausgaben von MDR aktuell werden in Gebärdensprache übersetzt. Hier können Sie die Sendungen mit Gebärdensprachdolmetscher live verfolgen.</desc>
<icon>http://www.mdr.de/mdr-um-11/logomdrumelf100-resimage_v-variantSmall16x9_w-512.jpg</icon>
<category>Nachrichten</category>
</programme>
<programme start="20170726194500 +0000" stop="20170726195700 +0000" channel="MDRPlus1.de">
<title>MDR Aktuell mit Gebärdensprache</title>
<desc>Die Abendausgaben von MDR aktuell werden in Gebärdensprache übersetzt. Hier können Sie die Sendungen mit Gebärdensprachdolmetscher live verfolgen.</desc>
<icon>http://www.mdr.de/mdr-um-11/logomdrumelf100-resimage_v-variantSmall16x9_w-512.jpg</icon>
<category>Nachrichten</category>
</programme>
<programme start="20170727194500 +0000" stop="20170727195700 +0000" channel="MDRPlus1.de">
<title>MDR Aktuell mit Gebärdensprache</title>
<desc>Die Abendausgaben von MDR aktuell werden in Gebärdensprache übersetzt. Hier können Sie die Sendungen mit Gebärdensprachdolmetscher live verfolgen.</desc>
<icon>http://www.mdr.de/mdr-um-11/logomdrumelf100-resimage_v-variantSmall16x9_w-512.jpg</icon>
<category>Nachrichten</category>
</programme>
<programme start="20170728194500 +0000" stop="20170728195700 +0000" channel="MDRPlus1.de">
<title>MDR Aktuell mit Gebärdensprache</title>
<desc>Die Abendausgaben von MDR aktuell werden in Gebärdensprache übersetzt. Hier können Sie die Sendungen mit Gebärdensprachdolmetscher live verfolgen.</desc>
<icon>http://www.mdr.de/mdr-um-11/logomdrumelf100-resimage_v-variantSmall16x9_w-512.jpg</icon>
<category>Nachrichten</category>
</programme>
<programme start="20170729194500 +0000" stop="20170729195700 +0000" channel="MDRPlus1.de">
<title>MDR Aktuell mit Gebärdensprache</title>
<desc>Die Abendausgaben von MDR aktuell werden in Gebärdensprache übersetzt. Hier können Sie die Sendungen mit Gebärdensprachdolmetscher live verfolgen.</desc>
<icon>http://www.mdr.de/mdr-um-11/logomdrumelf100-resimage_v-variantSmall16x9_w-512.jpg</icon>
<category>Nachrichten</category>
</programme>
<programme start="20170730194500 +0000" stop="20170730195700 +0000" channel="MDRPlus1.de">
<title>MDR Aktuell mit Gebärdensprache</title>
<desc>Die Abendausgaben von MDR aktuell werden in Gebärdensprache übersetzt. Hier können Sie die Sendungen mit Gebärdensprachdolmetscher live verfolgen.</desc>
<icon>http://www.mdr.de/mdr-um-11/logomdrumelf100-resimage_v-variantSmall16x9_w-512.jpg</icon>
<category>Nachrichten</category>
</programme>
<programme start="20170731194500 +0000" stop="20170731195700 +0000" channel="MDRPlus1.de">
<title>MDR Aktuell mit Gebärdensprache</title>
<desc>Die Abendausgaben von MDR aktuell werden in Gebärdensprache übersetzt. Hier können Sie die Sendungen mit Gebärdensprachdolmetscher live verfolgen.</desc>
<icon>http://www.mdr.de/mdr-um-11/logomdrumelf100-resimage_v-variantSmall16x9_w-512.jpg</icon>
<category>Nachrichten</category>
</programme>
<programme start="20170801194500 +0000" stop="20170801195700 +0000" channel="MDRPlus1.de">
<title>MDR Aktuell mit Gebärdensprache</title>
<desc>Die Abendausgaben von MDR aktuell werden in Gebärdensprache übersetzt. Hier können Sie die Sendungen mit Gebärdensprachdolmetscher live verfolgen.</desc>
<icon>http://www.mdr.de/mdr-um-11/logomdrumelf100-resimage_v-variantSmall16x9_w-512.jpg</icon>
<category>Nachrichten</category>
</programme>
<programme start="20170802194500 +0000" stop="20170802195700 +0000" channel="MDRPlus1.de">
<title>MDR Aktuell mit Gebärdensprache</title>
<desc>Die Abendausgaben von MDR aktuell werden in Gebärdensprache übersetzt. Hier können Sie die Sendungen mit Gebärdensprachdolmetscher live verfolgen.</desc>
<icon>http://www.mdr.de/mdr-um-11/logomdrumelf100-resimage_v-variantSmall16x9_w-512.jpg</icon>
<category>Nachrichten</category>
</programme>
<programme start="20170803194500 +0000" stop="20170803195700 +0000" channel="MDRPlus1.de">
<title>MDR Aktuell mit Gebärdensprache</title>
<desc>Die Abendausgaben von MDR aktuell werden in Gebärdensprache übersetzt. Hier können Sie die Sendungen mit Gebärdensprachdolmetscher live verfolgen.</desc>
<icon>http://www.mdr.de/mdr-um-11/logomdrumelf100-resimage_v-variantSmall16x9_w-512.jpg</icon>
<category>Nachrichten</category>
</programme>
<programme start="20170804194500 +0000" stop="20170804195700 +0000" channel="MDRPlus1.de">
<title>MDR Aktuell mit Gebärdensprache</title>
<desc>Die Abendausgaben von MDR aktuell werden in Gebärdensprache übersetzt. Hier können Sie die Sendungen mit Gebärdensprachdolmetscher live verfolgen.</desc>
<icon>http://www.mdr.de/mdr-um-11/logomdrumelf100-resimage_v-variantSmall16x9_w-512.jpg</icon>
<category>Nachrichten</category>
</programme>
<programme start="20170805194500 +0000" stop="20170805195700 +0000" channel="MDRPlus1.de">
<title>MDR Aktuell mit Gebärdensprache</title>
<desc>Die Abendausgaben von MDR aktuell werden in Gebärdensprache übersetzt. Hier können Sie die Sendungen mit Gebärdensprachdolmetscher live verfolgen.</desc>
<icon>http://www.mdr.de/mdr-um-11/logomdrumelf100-resimage_v-variantSmall16x9_w-512.jpg</icon>
<category>Nachrichten</category>
</programme>
<programme start="20170806194500 +0000" stop="20170806195700 +0000" channel="MDRPlus1.de">
<title>MDR Aktuell mit Gebärdensprache</title>
<desc>Die Abendausgaben von MDR aktuell werden in Gebärdensprache übersetzt. Hier können Sie die Sendungen mit Gebärdensprachdolmetscher live verfolgen.</desc>
<icon>http://www.mdr.de/mdr-um-11/logomdrumelf100-resimage_v-variantSmall16x9_w-512.jpg</icon>
<category>Nachrichten</category>
</programme>
<programme start="20170724190000 +0000" stop="20170724201500 +0000" channel="ARDEvent1.de">
<title>hart aber fair</title>
<desc>hart aber fair im Livestream</desc>
<icon>http://www1.wdr.de/daserste/hartaberfair/haflsstartbild100~_v-TeaserAufmacher.jpg</icon>
<category>Talkshow</category>
</programme>
<programme start="20170731190000 +0000" stop="20170731201500 +0000" channel="ARDEvent1.de">
<title>hart aber fair</title>
<desc>hart aber fair im Livestream</desc>
<icon>http://www1.wdr.de/daserste/hartaberfair/haflsstartbild100~_v-TeaserAufmacher.jpg</icon>
<category>Talkshow</category>
</programme>
<programme start="20170723100000 +0000" stop="20170723110000 +0000" channel="ARDEvent1.de">
<title>Presseclub</title>
<desc>Presseclub im Livestream</desc>
<icon>http://www1.wdr.de/daserste/presseclub/ueberuns/presseclub-studio-stele100~_v-TeaserAufmacher.jpg</icon>
<category>Talkshow</category>
</programme>
<programme start="20170730100000 +0000" stop="20170730110000 +0000" channel="ARDEvent1.de">
<title>Presseclub</title>
<desc>Presseclub im Livestream</desc>
<icon>http://www1.wdr.de/daserste/presseclub/ueberuns/presseclub-studio-stele100~_v-TeaserAufmacher.jpg</icon>
<category>Talkshow</category>
</programme>
<programme start="20170806100000 +0000" stop="20170806110000 +0000" channel="ARDEvent1.de">
<title>Presseclub</title>
<desc>Presseclub im Livestream</desc>
<icon>http://www1.wdr.de/daserste/presseclub/ueberuns/presseclub-studio-stele100~_v-TeaserAufmacher.jpg</icon>
<category>Talkshow</category>
</programme>
</tv>
