<?xml version="1.0" encoding="UTF-8" standalone="yes"?>
<addon id="script.module.libBr" 
	     name="libBr" 
	     version="0.1.0" 
	     provider-name="membrane">
  <requires>
    <import addon="xbmc.python" version="2.1.0" />
    <import addon="script.module.libMediathek" version="0.0.1"/>
  </requires>
  <extension point="xbmc.python.module" library="lib" />
  <extension point="xbmc.addon.metadata">
    <platform>all</platform>
    <summary lang="en">libBr</summary>
    <description lang="en">libBr</description>
  </extension>
</addon>
