<?xml version="1.0" encoding="UTF-8"?>
<addon id="plugin.video.ardmulticam" name="ARD MultiCam" version="0.3.0" provider-name="membrane">
    <requires>
        <import addon="xbmc.python" version="2.1.0"/>
		<import addon="script.module.libMediathek" version="1.0.5"/>
    </requires>
    <extension point="xbmc.python.pluginsource" library="default.py">
        <provides>video</provides>
    </extension>
    <extension point="xbmc.addon.metadata">
        <platform>all</platform>
        <summary lang="de">ARD MultiCam</summary>
        <description lang="de">ARD MultiCam</description>
    </extension>
</addon>
