<?xml version="1.0" encoding="UTF-8" standalone="yes"?>
<addon id="script.module.libswr" 
	     name="libswr" 
	     version="0.2.0" 
	     provider-name="membrane">
  <requires>
    <import addon="xbmc.python" version="2.1.0" />
    <import addon="script.module.libmediathek3" version="1.1.3"/>
  </requires>
  <extension point="xbmc.python.module" library="lib" />
  <extension point="xbmc.addon.metadata">
    <platform>all</platform>
    <summary lang="en">libSwr</summary>
    <description lang="en">libSwr</description>
  </extension>
</addon>
