<?xml version="1.0" encoding="UTF-8" standalone="yes"?>
<addon id="script.module.lib3sat" 
	     name="lib3sat" 
	     version="1.0.1" 
	     provider-name="membrane">
  <requires>
    <import addon="xbmc.python" version="2.25.0" />
    <import addon="script.module.libmediathek3" version="1.3.1"/>
    <import addon="script.module.mediathekxmlservice" version="1.0.0"/>
  </requires>
  <extension point="xbmc.python.module" library="lib" />
  <extension point="xbmc.addon.metadata">
    <platform>all</platform>
    <summary lang="en">Scraper library for the 3sat Mediathek http://www.3sat.de/mediathek/.</summary>
    <description lang="en">Scraper library for the 3sat Mediathek http://www.3sat.de/mediathek/.</description>
  </extension>
</addon>
