<?xml version="1.0" encoding="UTF-8" standalone="yes"?>
<addon id="script.module.libsr" 
	     name="libsr" 
	     version="1.0.0" 
	     provider-name="membrane">
  <requires>
    <import addon="xbmc.python" version="2.25.0" />
    <import addon="script.module.libmediathek3" version="1.3.1"/>
  </requires>
  <extension point="xbmc.python.module" library="lib" />
  <extension point="xbmc.addon.metadata">
    <platform>all</platform>
    <license>GNU GENERAL PUBLIC LICENSE. Version 2, June 1991</license>
    <source>https://github.com/prof-membrane/script.module.libsr</source>
    <summary lang="en">This is a scraper for the SR Mediathek (http://www.sr-mediathek.de/).</summary>
    <description lang="en">This is a scraper for the SR Mediathek (http://www.sr-mediathek.de/). It uses the HbbTV JSON API.</description>
  </extension>
</addon>
