<?xml version="1.0" encoding="UTF-8" standalone="yes"?>
<addon id="script.module.libmdr" 
	     name="libmdr" 
	     version="1.0.1" 
	     provider-name="membrane">
  <requires>
    <import addon="xbmc.python" version="2.25.0" />
    <import addon="script.module.libmediathek3" version="1.3.1"/>
  </requires>
  <extension point="xbmc.python.module" library="lib" />
  <extension point="xbmc.addon.metadata">
    <platform>all</platform>
    <license>GNU GENERAL PUBLIC LICENSE. Version 2, June 1991</license>
    <source>https://github.com/prof-membrane/script.module.libmdr</source>
    <summary lang="en">This is a scraper for the MDR Mediathek (http://www.mdr.de/mediathek/index.html).</summary>
    <description lang="en">This is a scraper for the MDR Mediathek (http://www.mdr.de/mediathek/index.html).</description>
  </extension>
</addon>
