<?xml version='1.0' encoding='UTF-8' standalone='yes'?>
<addon id="script.common.orevent" name="EPG Downloader für öffentlich-rechtliche Eventsender" version="0.0.1" provider-name="membrane">
  <requires>
    <import addon="xbmc.python" version="2.24.0" />
  </requires>
  <extension library="default.py" point="xbmc.service" start="startup">
  </extension>
  <extension point="xbmc.addon.metadata">
    <platform>all</platform>
  </extension>
  <extension library="lib" point="xbmc.python.module" />
</addon>
