﻿<?xml version="1.0" encoding="UTF-8"?>
<tv generator-info-name="WebGrab+Plus/w MDB &amp; REX Postprocess -- version  V1.57 -- Jan van Straaten" generator-info-url="http://www.webgrabplus.com">
  <channel id="olympia1">
    <display-name lang="de">Olympia 1</display-name>
    <url>http://www.rio.zdf.de</url>
  </channel>
  <channel id="olympia2">
    <display-name lang="de">Olympia 2</display-name>
    <url>http://www.rio.zdf.de</url>
  </channel>
  <channel id="olympia3">
    <display-name lang="de">Olympia 3</display-name>
    <url>http://www.rio.zdf.de</url>
  </channel>
  <channel id="olympia4">
    <display-name lang="de">Olympia 4</display-name>
    <url>http://www.rio.zdf.de</url>
  </channel>
  <channel id="olympia5">
    <display-name lang="de">Olympia 5</display-name>
    <url>http://www.rio.zdf.de</url>
  </channel>
  <channel id="olympia6">
    <display-name lang="de">Olympia 6</display-name>
    <url>http://www.rio.zdf.de</url>
  </channel>
  <programme start="20160813122500 +0000" stop="20160813142200 +0000" channel="olympia1">
    <title lang="de">Handball: (M) Slowenien-Deutschland</title>
    <desc lang="de">Nach dem Dämpfer gegen den Gastgeber wollen die Bad Boys gegen Slowenien ihre Europameister-Ehre wieder gerade rücken</desc>
    <credits>
      <presenter>Hendrik Deichmann</presenter>
    </credits>
  </programme>
  <programme start="20160813142400 +0000" stop="20160813162100 +0000" channel="olympia1">
    <title lang="de">Handball: (M) Kroatien-Frankreich</title>
    <desc lang="de">Mehr Spitzenspiel geht nicht: Wenn Karabatic &amp; Co. In Gruppe A auf Kroatien treffen, wollen die Franzosen natürlich Platz Eins verteidigen</desc>
    <credits>
      <presenter>Hendrik Deichmann</presenter>
    </credits>
  </programme>
  <programme start="20160813162700 +0000" stop="20160813175700 +0000" channel="olympia1">
    <title lang="de">Segeln</title>
    <desc lang="de">Auf guten Wind hoffen die Segler am Samstagabend in den Klassen 49er FX, Nacra 17, 49er, Finn-Dinghy, Laser und Laser Radial</desc>
    <credits>
      <presenter>Peter Carstens</presenter>
    </credits>
  </programme>
  <programme start="20160813180000 +0000" stop="20160813190000 +0000" channel="olympia1">
    <title lang="de">Schießen: Skeet Männer Halbfinale + Finale</title>
    <desc lang="de">Beim Skeet-Wettbewerb werden die Medaillen ausgeschoßen. Doppel-Olympiasieger Vincent Hancock aus den USA gilt als einer der Kandidaten für Gold</desc>
    <credits>
      <presenter>Eik Galley</presenter>
    </credits>
  </programme>
  <programme start="20160813190500 +0000" stop="20160813204500 +0000" channel="olympia1">
    <title lang="de">Wasserspringen: (F) 3m Brett Halbfinale</title>
    <desc lang="de">Eine der erfolgreichsten Springerinnen ist die Chinesin Wu Minxia, die auch bei ihren vierten Spielen eine Medaillenkandidatin ist</desc>
    <credits>
      <presenter>Torsten Püschel</presenter>
    </credits>
  </programme>
  <programme start="20160813215600 +0000" stop="20160814000100 +0000" channel="olympia1">
    <title lang="de">Gewichtheben: (M) 94kg Finale</title>
    <desc lang="de">Kendrick James Farris aus den USA und Hanwoong Park aus Südkorea sind zwei Medaillenkandidaten beim Gewichtheben der Männer bis 94 kg</desc>
    <credits>
      <presenter>Bodo Boeck</presenter>
    </credits>
  </programme>
  <programme start="20160814005500 +0000" stop="20160814021900 +0000" channel="olympia1">
    <title lang="de">Schwimmen Finals</title>
    <desc lang="de">Letzter Wettkampftag beim den Schwimmern. Auf dem Programm stehen noch die 50 m Freistil der Frauen, die 1500 m Freistil der Männer und die 4x100 m Lagen-Staffeln</desc>
    <credits>
      <presenter>Tom Bartels</presenter>
    </credits>
  </programme>
  <programme start="20160814130000 +0000" stop="20160814144500 +0000" channel="olympia1">
    <title lang="de">Hockey: (M) Viertelfinale</title>
    <desc lang="de">Auf dem Weg zu Olympia besiegten die Belgier Indien bereits im Halbfinale der World League mit 4 zu 0. Auf einen ähnlichen Ausgang hoffen unsere Nachbarn auch am Sonntag im Viertelfinale</desc>
  </programme>
  <programme start="20160814160000 +0000" stop="20160814180000 +0000" channel="olympia1">
    <title lang="de">Segeln: (F), (M) RES:X Finale</title>
    <desc lang="de">Das Windsurfen ist bei den Männern seit 1984 olympisch, die Frauen kamen 1992 hinzu. Am Sonntag wird unter dem Zuckerhut um die Medaillen gesurft</desc>
    <credits>
      <presenter>Nils Kaben</presenter>
    </credits>
  </programme>
  <programme start="20160814213000 +0000" stop="20160814230000 +0000" channel="olympia1">
    <title lang="de">Fechten: (M) Degen Mannschaft Finale (-)</title>
    <desc lang="de">Letzter Tag der Fechtwettbewerbe: Auf dem Programm steht das Mannschaftsfinale beim Degenfechten der Männer</desc>
    <credits>
      <presenter>Julius Hilfehaus</presenter>
    </credits>
  </programme>
  <programme start="20160814233000 +0000" stop="20160815012600 +0000" channel="olympia1">
    <title lang="de">Leichtathletik: (F), (M) diverse Entscheidungen</title>
    <desc lang="de">Der erste Höhepunkt der Bolt-Show steht an, das Finale über die 100 m der Männer. Vorher wird der Sieger über die Stadionrunde gesucht. Einer der Favoriten in Kirani James aus Grenada</desc>
    <credits>
      <presenter>Marc Windgassen</presenter>
    </credits>
  </programme>
  <programme start="20160815123000 +0000" stop="20160815151500 +0000" channel="olympia1">
    <title lang="de">Leichtathletik Vormittagsession</title>
    <desc lang="de">Leichtathletik</desc>
    <credits>
      <presenter>Patrick Halatsch</presenter>
    </credits>
  </programme>
  <programme start="20160815210000 +0000" stop="20160815223000 +0000" channel="olympia1">
    <title lang="de">Hockey: (F) Viertelfinale (A2-B3)</title>
    <desc lang="de">Beschreibung</desc>
    <credits>
      <presenter>Büdi Blunck</presenter>
    </credits>
  </programme>
  <programme start="20160815233000 +0000" stop="20160816020000 +0000" channel="olympia1">
    <title lang="de">Leichtathletik Abendsession</title>
    <desc lang="de">Leichtathletik</desc>
    <credits>
      <presenter>Tim Tonder</presenter>
    </credits>
  </programme>
  <programme start="20160816120000 +0000" stop="20160816143000 +0000" channel="olympia1">
    <title lang="de">Freiwasser-Schwimmen: (M) 10km</title>
    <desc lang="de">Live aus Rio: Die Olympischen Sommerspiele 2016</desc>
  </programme>
  <programme start="20160816150000 +0000" stop="20160816170000 +0000" channel="olympia1">
    <title lang="de">Hockey: (M) Halbfinale (Sieger VF1-Sieger VF2)</title>
    <desc lang="de">Live aus Rio: Die Olympischen Sommerspiele 2016</desc>
    <credits>
      <presenter>Béla Réthy, Philipp Crone</presenter>
    </credits>
  </programme>
  <programme start="20160817020000 +0000" stop="20160817025900 +0000" channel="olympia1">
    <title lang="de">Beachvolleyball: (F) Halbfinale</title>
    <desc lang="de">Live aus Rio: Die Olympischen Sommerspiele 2016</desc>
  </programme>
  <programme start="20160817122300 +0000" stop="20160817155300 +0000" channel="olympia1">
    <title lang="de">Leichtathletik: (M) Zehnkampf</title>
    <desc lang="de">Leichtathletik</desc>
    <credits>
      <presenter>Patrick Halatsch</presenter>
    </credits>
  </programme>
  <programme start="20160817192700 +0000" stop="20160817195700 +0000" channel="olympia1">
    <title lang="de">Boxen: (M) Weltergewicht Finale (-)</title>
    <desc lang="de">Beschreibung</desc>
    <credits>
      <presenter>Eik Galley</presenter>
    </credits>
  </programme>
  <programme start="20160817204500 +0000" stop="20160818005900 +0000" channel="olympia1">
    <title lang="de">Leichtathletik Finals</title>
    <desc lang="de">Leichtathletik</desc>
    <credits>
      <presenter>Reporter: Tim Tonder</presenter>
    </credits>
  </programme>
  <programme start="20160818170000 +0000" stop="20160818190000 +0000" channel="olympia1">
    <title lang="de">Boxen: (F), (M) mit Entscheidungen</title>
    <desc lang="de">Live aus Rio: Die Olympischen Sommerspiele 2016</desc>
    <credits>
      <presenter>Günter-Peter Ploog</presenter>
    </credits>
  </programme>
  <programme start="20160818190000 +0000" stop="20160818201500 +0000" channel="olympia1">
    <title lang="de">Wasserspringen: (F) Turmspringen 10m Finale</title>
    <desc lang="de">Live aus Rio: Die Olympischen Sommerspiele 2016</desc>
    <credits>
      <presenter>Stefan Bier</presenter>
    </credits>
  </programme>
  <programme start="20160818230000 +0000" stop="20160819020000 +0000" channel="olympia1">
    <title lang="de">Taekwondo: (F), (M) diverse Entscheidungen</title>
    <desc lang="de">Live aus Rio: Die Olympischen Sommerspiele 2016</desc>
    <credits>
      <presenter>Alexander von der Groeben</presenter>
    </credits>
  </programme>
  <programme start="20160819113000 +0000" stop="20160819162000 +0000" channel="olympia1">
    <title lang="de">Badminton: Finale Einzel, Doppel</title>
    <desc lang="de">Badminton</desc>
    <credits>
      <presenter>Reporter: Andreas Köstler</presenter>
    </credits>
  </programme>
  <programme start="20160819170200 +0000" stop="20160819200900 +0000" channel="olympia1">
    <title lang="de">Boxen</title>
    <desc lang="de">Boxen</desc>
    <credits>
      <presenter>Reporter Eik Galley</presenter>
    </credits>
  </programme>
  <programme start="20160819210000 +0000" stop="20160819212000 +0000" channel="olympia1">
    <title lang="de">Moderner Fünfkampf: (F) Combined Events</title>
    <desc lang="de">Beschreibung</desc>
    <credits>
      <presenter>Reporter: Michael Drevenstedt</presenter>
    </credits>
  </programme>
  <programme start="20160819233000 +0000" stop="20160820013600 +0000" channel="olympia1">
    <title lang="de">Leichtathletik Finale</title>
    <desc lang="de">Leichtathletik</desc>
    <credits>
      <presenter>Reporter: Tim Tonder</presenter>
    </credits>
  </programme>
  <programme start="20160820140000 +0000" stop="20160820155000 +0000" channel="olympia1">
    <title lang="de">Wasserspringen: (M) Turmspringen 10m Halbfinale</title>
    <desc lang="de">Live aus Rio: Die Olympischen Sommerspiele 2016</desc>
    <credits>
      <presenter>Stefan Bier</presenter>
    </credits>
  </programme>
  <programme start="20160820160000 +0000" stop="20160820174500 +0000" channel="olympia1">
    <title lang="de">Fußball: (M) Spiel um Bronze</title>
    <desc lang="de">Live aus Rio: Die Olympischen Sommerspiele 2016</desc>
    <credits>
      <presenter>Béla Réthy</presenter>
    </credits>
  </programme>
  <programme start="20160820183000 +0000" stop="20160820203000 +0000" channel="olympia1">
    <title lang="de">Basketball: (F) Spiel um Gold</title>
    <desc lang="de">Live aus Rio: Die Olympischen Sommerspiele 2016</desc>
    <credits>
      <presenter>Daniel Pinschower</presenter>
    </credits>
  </programme>
  <programme start="20160820203000 +0000" stop="20160820230000 +0000" channel="olympia1">
    <title lang="de">Fußball: (M) Spiel um Gold</title>
    <desc lang="de">Live aus Rio: Die Olympischen Sommerspiele 2016</desc>
    <credits>
      <presenter>Béla Réthy</presenter>
    </credits>
  </programme>
  <programme start="20160820231000 +0000" stop="20160821020000 +0000" channel="olympia1">
    <title lang="de">Leichtathletik: (F), (M) mit Entscheidungen</title>
    <desc lang="de">Live aus Rio: Die Olympischen Sommerspiele 2016</desc>
    <credits>
      <presenter>Peter Leissl</presenter>
    </credits>
  </programme>
  <programme start="20160821113000 +0000" stop="20160821192000 +0000" channel="olympia1">
    <title lang="de">(M) Ringen Freistil</title>
    <desc lang="de">Ringen Freistil</desc>
    <credits>
      <presenter>Eik Galley</presenter>
    </credits>
  </programme>
  <programme start="20160813125600 +0000" stop="20160813152100 +0000" channel="olympia2">
    <title lang="de">Leichtathletik: (M) Diskus Finale</title>
    <desc lang="de">Die große Frage am Samstag: Kann es Christoph Harting seinem Bruder Robert nachmachen und eine Medaille im Diskuswurf holen. Außerdem der erste Auftritt von Usian Bolt über 100 m</desc>
    <credits>
      <presenter>Patrick Halatsch</presenter>
    </credits>
  </programme>
  <programme start="20160813155100 +0000" stop="20160813175300 +0000" channel="olympia2">
    <title lang="de">Fußball: (M) Viertelfinale (POR-GER)</title>
    <desc lang="de">Deutschland gegen Portugal hat schon für eine Menge brisante Duelle beim Fußball gesorgt. Im Viertelfinale bei Olympia kommt jetzt ein weiteres hinzu</desc>
    <credits>
      <presenter>Steffen Simon</presenter>
    </credits>
  </programme>
  <programme start="20160813175600 +0000" stop="20160813195000 +0000" channel="olympia2">
    <title lang="de">Tischtennis: (M) Mannschaft 1. Runde (TPE-GER)</title>
    <desc lang="de">Fahnenträger Timo Boll und seine Mannschaftskollegen treffen in der ersten Runde auf Taiwan</desc>
    <credits>
      <presenter>Roman Bonnaire</presenter>
    </credits>
  </programme>
  <programme start="20160813211100 +0000" stop="20160813224100 +0000" channel="olympia2">
    <title lang="de">Fechten: (F) Säbel Mannschaft Finale (-)</title>
    <desc lang="de">Beim Säbelfechten gilt der Oberkörper als Trefferfläche, wobei der Schritt ausgeklammert wird. Im Mannschaftswettbewerb der Frauen geht es um den Olympiasieg</desc>
    <credits>
      <presenter>Michael Drevenstedt</presenter>
    </credits>
  </programme>
  <programme start="20160813225500 +0000" stop="20160814022000 +0000" channel="olympia2">
    <title lang="de">Leichtathletik Finals</title>
    <desc lang="de">Viel los im Olympiastadium am Samstagabend: Das Finale im Weitsprung der Männer, über 10.000 m der Männer, über die 100 m der Frauen und besonders wichtig das Finale im Siebenkampf</desc>
    <credits>
      <presenter>Tim Tonder</presenter>
    </credits>
  </programme>
  <programme start="20160814130000 +0000" stop="20160814164000 +0000" channel="olympia2">
    <title lang="de">Reiten: Springen, Einzel und Mannschaft</title>
    <desc lang="de">Die Springreiter beginnen ihren Wettkampf mit der Qualifikation im Mannschafts- und Einzelwettbewerb</desc>
    <credits>
      <presenter>Hermann Valkyser</presenter>
    </credits>
  </programme>
  <programme start="20160815130000 +0000" stop="20160815163000 +0000" channel="olympia2">
    <title lang="de">Reiten: Dressur (X) Einzel Grand Prix Freestyle</title>
    <desc lang="de">Beschreibung</desc>
    <credits>
      <presenter>Carsten Sostmeier</presenter>
    </credits>
  </programme>
  <programme start="20160815171500 +0000" stop="20160815184500 +0000" channel="olympia2">
    <title lang="de">Basketball: (M) Vorrunde Gruppe B (Nigeria-Brasilien)</title>
    <desc lang="de">Beschreibung</desc>
    <credits>
      <presenter>unkommentierter Livestream</presenter>
    </credits>
  </programme>
  <programme start="20160815190000 +0000" stop="20160815214000 +0000" channel="olympia2">
    <title lang="de">Radsport Bahn: Bahnradsport</title>
    <desc lang="de">Bahnradsport</desc>
    <credits>
      <presenter>Florian Nass</presenter>
    </credits>
  </programme>
  <programme start="20160816160000 +0000" stop="20160816180000 +0000" channel="olympia2">
    <title lang="de">Fußball: (F) Halbfinale</title>
    <desc lang="de">Live aus Rio: Die Olympischen Sommerspiele 2016</desc>
    <credits>
      <presenter>Claudia Neumann</presenter>
    </credits>
  </programme>
  <programme start="20160817125700 +0000" stop="20160817153900 +0000" channel="olympia2">
    <title lang="de">Reiten Springen Team</title>
    <desc lang="de">Beschreibung</desc>
    <credits>
      <presenter>Carsten Sostmeier</presenter>
    </credits>
  </programme>
  <programme start="20160818193000 +0000" stop="20160818205000 +0000" channel="olympia2">
    <title lang="de">Wasserball: (M) Halbfinale</title>
    <desc lang="de">Live aus Rio: Die Olympischen Sommerspiele 2016</desc>
    <credits>
      <presenter>Tibor Meingast</presenter>
    </credits>
  </programme>
  <programme start="20160819120000 +0000" stop="20160819134400 +0000" channel="olympia2">
    <title lang="de">Kanu</title>
    <desc lang="de">Kanu-Slalom</desc>
    <credits>
      <presenter>Reporter: Jörg Klawitter</presenter>
    </credits>
  </programme>
  <programme start="20160819150000 +0000" stop="20160819153300 +0000" channel="olympia2">
    <title lang="de">Moderner Fünfkampf: (F) Schwimmen</title>
    <desc lang="de">Beschreibung</desc>
    <credits>
      <presenter>Reporter: Michael Drevenstedt</presenter>
    </credits>
  </programme>
  <programme start="20160819160000 +0000" stop="20160819173000 +0000" channel="olympia2">
    <title lang="de">Volleyball: Halbfinale Männer</title>
    <desc lang="de">Beschreibung</desc>
    <credits>
      <presenter>Reporter: Holger Sauer</presenter>
    </credits>
  </programme>
  <programme start="20160819183000 +0000" stop="20160819195000 +0000" channel="olympia2">
    <title lang="de">Wasserball: (F) Finale (Sieger HF1-Sieger HF2)</title>
    <desc lang="de">Beschreibung</desc>
  </programme>
  <programme start="20160819203000 +0000" stop="20160819221500 +0000" channel="olympia2">
    <title lang="de">Fußball: Finale Frauen</title>
    <desc lang="de">Beschreibung</desc>
    <credits>
      <presenter>Reporter: Bernd Schmelzer</presenter>
    </credits>
  </programme>
  <programme start="20160819233000 +0000" stop="20160820010000 +0000" channel="olympia2">
    <title lang="de">Handball: Halbfinale</title>
    <desc lang="de">Beschreibung</desc>
    <credits>
      <presenter>Reporter: Hendrik Deichmann</presenter>
    </credits>
  </programme>
  <programme start="20160820011500 +0000" stop="20160820024500 +0000" channel="olympia2">
    <title lang="de">Volleyball: Halbfinale M</title>
    <desc lang="de">Beschreibung</desc>
    <credits>
      <presenter>Reporter: Holger Sauer</presenter>
    </credits>
  </programme>
  <programme start="20160820124500 +0000" stop="20160820140000 +0000" channel="olympia2">
    <title lang="de">Badminton: (M) Spiel um Gold</title>
    <desc lang="de">Live aus Rio: Die Olympischen Sommerspiele 2016</desc>
    <credits>
      <presenter>Claudia Neumann</presenter>
    </credits>
  </programme>
  <programme start="20160820140000 +0000" stop="20160820164000 +0000" channel="olympia2">
    <title lang="de">Triathlon: (F) Olympische Distanz</title>
    <desc lang="de">Live aus Rio: Die Olympischen Sommerspiele 2016</desc>
    <credits>
      <presenter>Martin Schneider</presenter>
    </credits>
  </programme>
  <programme start="20160821143000 +0000" stop="20160821160000 +0000" channel="olympia2">
    <title lang="de">Basketball: (M) Kampf um Platz 3 (Verlierer HF1-Verlierer HF2)</title>
    <desc lang="de">Beschreibung</desc>
    <credits>
      <presenter>Andreas Witte</presenter>
    </credits>
  </programme>
  <programme start="20160821170000 +0000" stop="20160821194500 +0000" channel="olympia2">
    <title lang="de">Boxen Finale verschiedene Gewichtsklasse</title>
    <desc lang="de">Beschreibung</desc>
  </programme>
  <programme start="20160813033000 +0000" stop="20160813034500 +0000" channel="olympia3">
    <title lang="de">Beachvolleyball: Team Achtelfinale</title>
    <desc lang="de">5:00 Uhr: Walsh Jennings/Ross vs Menegatti/Giombini</desc>
  </programme>
  <programme start="20160813115500 +0000" stop="20160813125300 +0000" channel="olympia3">
    <title lang="de">Badminton: (M) Doppel GER-USA</title>
    <desc lang="de">Michael Fuchs und Johannes Schöttler brauchen nach ihrer Auftaktniederlage genauso dringend einen Sieg wie das US-Duo Phillip Chew /Sattawat Pongnairat</desc>
    <credits>
      <presenter>Andreas Köstler</presenter>
    </credits>
  </programme>
  <programme start="20160813125600 +0000" stop="20160813144900 +0000" channel="olympia3">
    <title lang="de">Radsport Bahn: (M) +(F) Bahnrad</title>
    <desc lang="de">Die Bahnrad-Wettwerbe beginnen am Samstag mit dem Keirin Vorläufen der Damen. Mit am Start sind auch Miriam Welte und Kristina Vogel. Danach folgen die Achtelfinals im Sprint der Männer</desc>
    <credits>
      <presenter>Florian Nass</presenter>
    </credits>
  </programme>
  <programme start="20160813152200 +0000" stop="20160813170400 +0000" channel="olympia3">
    <title lang="de">Hockey: (F) Niederlande-Deutschland</title>
    <desc lang="de">Letztes Gruppenspiel beim Hockey: Die Tabellenführer aus den Niederlanden treffen auf ihren Nachbarn Deutschland</desc>
    <credits>
      <presenter>Christian Blunck</presenter>
    </credits>
  </programme>
  <programme start="20160813183500 +0000" stop="20160813192800 +0000" channel="olympia3">
    <title lang="de">Trampolin (M) Einzel Finale</title>
    <desc lang="de">Beim Trampolinturnen kann es hoch hinausgehen, bis zu 9 m sind auf guten Geräten möglich. Am Samstag steht das Finale der Männer an</desc>
    <credits>
      <presenter>Phillip Sohmer</presenter>
    </credits>
  </programme>
  <programme start="20160813195600 +0000" stop="20160813203700 +0000" channel="olympia3">
    <title lang="de">Boxen: (M) Fliegengewicht Runde der letzten 32</title>
    <desc lang="de">Hamza Touba aus Neuss boxt im Fliegengewicht gegen Elie Konki aus Frankreich</desc>
    <credits>
      <presenter>Eik Galley</presenter>
    </credits>
  </programme>
  <programme start="20160813205500 +0000" stop="20160813223300 +0000" channel="olympia3">
    <title lang="de">Hockey: (F) GBR-USA</title>
    <desc lang="de">Mindestens eine weiße Weste wird im letzten Gruppen-Spiel dran glauben müssen: Wird es die der USA oder die Großbritanniens sein</desc>
    <credits>
      <presenter>Christian Blunck</presenter>
    </credits>
  </programme>
  <programme start="20160813223400 +0000" stop="20160814003500 +0000" channel="olympia3">
    <title lang="de">Tischtennis: (F) Mannschaft Viertelfinale (Österreich-Japan)</title>
    <desc lang="de">Vize-Europameister Österreich spielt mit Qiangbing Li, Jio Liu und Sofia Pocanova im Viertelfinale gegen die japanische Mannschaft. Die Japanerinnen gewannen in London die Silbermedaille</desc>
    <credits>
      <presenter>Roman Bonnaire</presenter>
    </credits>
  </programme>
  <programme start="20160814013000 +0000" stop="20160814032000 +0000" channel="olympia3">
    <title lang="de">Volleyball: (M) Brasilien-Italien</title>
    <desc lang="de">Schafft es Brasilien nach der überraschend deutlichen Pleite gegen die USA mit einem Sieg gegen Spitzenreiter Italien, wieder bis auf einen Punkt an den Weltranglisten-Dritten heran zu kommen</desc>
    <credits>
      <presenter>Holger Sauer</presenter>
    </credits>
  </programme>
  <programme start="20160814140000 +0000" stop="20160814185000 +0000" channel="olympia3">
    <title lang="de">Golf: (M) Einzel: Kampf um Gold</title>
    <desc lang="de">Auf der letzten Runde beim Golfturnier wird der erste Olympiasieger seit 1904 ausgespielt. Damals gewann der Kanadier George Lyon</desc>
    <credits>
      <presenter>Volker Grube</presenter>
    </credits>
  </programme>
  <programme start="20160814190000 +0000" stop="20160814203000 +0000" channel="olympia3">
    <title lang="de">Wasserspringen: (F) 3m Brett Finale</title>
    <desc lang="de">Die Probleme mit dem grün verfärbten Wasser sind behoben und so springen die Frauen am Sonntag vom 3-m-Brett wieder ins blaue Nass. Eine Frage bleibt: Wer kann die Chinesinnen bezwingen</desc>
    <credits>
      <presenter>Stefan Bier</presenter>
    </credits>
  </programme>
  <programme start="20160815120000 +0000" stop="20160815143000 +0000" channel="olympia3">
    <title lang="de">Freiwasser-Schwimmen: (F) 10km</title>
    <desc lang="de">Beschreibung</desc>
    <credits>
      <presenter>Tom Bartels</presenter>
    </credits>
  </programme>
  <programme start="20160815160500 +0000" stop="20160815173000 +0000" channel="olympia3">
    <title lang="de">Segeln Laser Finale</title>
    <desc lang="de">Segeln Laser Finale</desc>
    <credits>
      <presenter>Peter Carstens</presenter>
    </credits>
  </programme>
  <programme start="20160815180000 +0000" stop="20160815193000 +0000" channel="olympia3">
    <title lang="de">Tischtennis: (M) Mannschaft Halbfinale (-)</title>
    <desc lang="de">Beschreibung</desc>
    <credits>
      <presenter>Roman Bonnaire</presenter>
    </credits>
  </programme>
  <programme start="20160815194000 +0000" stop="20160815211000 +0000" channel="olympia3">
    <title lang="de">Handball: (M) Vorrunde Gruppe B (Schweden-Brasilien)</title>
    <desc lang="de">Beschreibung</desc>
    <credits>
      <presenter>unkommentierter Livestream</presenter>
    </credits>
  </programme>
  <programme start="20160815220000 +0000" stop="20160815234500 +0000" channel="olympia3">
    <title lang="de">Basketball: (M) Vorrunde Gruppe B (Spanien-Argentinien)</title>
    <desc lang="de">Beschreibung</desc>
    <credits>
      <presenter>Andreas Witte</presenter>
    </credits>
  </programme>
  <programme start="20160816013500 +0000" stop="20160816030500 +0000" channel="olympia3">
    <title lang="de">Volleyball: (M) Vorrunde Gruppe A (Brasilien-Frankreich)</title>
    <desc lang="de">Beschreibung</desc>
    <credits>
      <presenter>Holger Sauer</presenter>
    </credits>
  </programme>
  <programme start="20160817152400 +0000" stop="20160817170100 +0000" channel="olympia3">
    <title lang="de">Badminton: (O) Mixed Doppel Finale (-)</title>
    <desc lang="de">Beschreibung</desc>
    <credits>
      <presenter>Andreas Köstler</presenter>
    </credits>
  </programme>
  <programme start="20160818120000 +0000" stop="20160818132000 +0000" channel="olympia3">
    <title lang="de">Kanu: (F), (M) diverse Entscheidungen</title>
    <desc lang="de">Live aus Rio: Die Olympischen Sommerspiele 2016</desc>
    <credits>
      <presenter>Yorck Polus, Kristof Wilke</presenter>
    </credits>
  </programme>
  <programme start="20160818140000 +0000" stop="20160818161000 +0000" channel="olympia3">
    <title lang="de">Triathlon: (M) Olympische Distanz</title>
    <desc lang="de">Live aus Rio: Die Olympischen Sommerspiele 2016</desc>
    <credits>
      <presenter>Martin Schneider</presenter>
    </credits>
  </programme>
  <programme start="20160819010000 +0000" stop="20160819023000 +0000" channel="olympia3">
    <title lang="de">Beachvolleyball: (M) Spiel um Bronze</title>
    <desc lang="de">Live aus Rio: Die Olympischen Sommerspiele 2016</desc>
    <credits>
      <presenter>Martin Hüsener, Jonas Reckermann</presenter>
    </credits>
  </programme>
  <programme start="20160819150000 +0000" stop="20160819163000 +0000" channel="olympia3">
    <title lang="de">Hockey: (F) Kampf um Platz 3 (Verlierer HF1-Verlierer HF2)</title>
    <desc lang="de">Beschreibung</desc>
    <credits>
      <presenter>Reporter: Christian Blunck</presenter>
    </credits>
  </programme>
  <programme start="20160819183000 +0000" stop="20160819200000 +0000" channel="olympia3">
    <title lang="de">Handball: Halbfinale 1 Männer</title>
    <desc lang="de">Beschreibung</desc>
    <credits>
      <presenter>Reporter: Florian Nass</presenter>
    </credits>
  </programme>
  <programme start="20160819220000 +0000" stop="20160819233000 +0000" channel="olympia3">
    <title lang="de">Basketball: Männer Halbfinale</title>
    <desc lang="de">Beschreibung</desc>
    <credits>
      <presenter>Reporter: Andreas Witte</presenter>
    </credits>
  </programme>
  <programme start="20160820000000 +0000" stop="20160820024500 +0000" channel="olympia3">
    <title lang="de">Taekwondo</title>
    <desc lang="de">Taekwondo</desc>
    <credits>
      <presenter>Reporter: Guido de Santis</presenter>
    </credits>
  </programme>
  <programme start="20160820160000 +0000" stop="20160820172000 +0000" channel="olympia3">
    <title lang="de">Wasserball: (M) Spiel um Bronze</title>
    <desc lang="de">Live aus Rio: Die Olympischen Sommerspiele 2016</desc>
    <credits>
      <presenter>Tibor Meingast</presenter>
    </credits>
  </programme>
  <programme start="20160820230000 +0000" stop="20160821020000 +0000" channel="olympia3">
    <title lang="de">Taekwondo: (F) Schwergewicht +67kg, (M) +80kg Final</title>
    <desc lang="de">Live aus Rio: Die Olympischen Sommerspiele 2016</desc>
    <credits>
      <presenter>Alexander von der Groeben</presenter>
    </credits>
  </programme>
  <programme start="20160821140000 +0000" stop="20160821153000 +0000" channel="olympia3">
    <title lang="de">Rhythmische Sportgymnastik: Sportgymnastik Mannschaftsmehrkampf Fina</title>
    <desc lang="de">Beschreibung</desc>
    <credits>
      <presenter>Peter Carstens</presenter>
    </credits>
  </programme>
  <programme start="20160821170000 +0000" stop="20160821183000 +0000" channel="olympia3">
    <title lang="de">(M) Handball Finale</title>
    <desc lang="de">Beschreibung</desc>
    <credits>
      <presenter>Hendrik Deichmann</presenter>
    </credits>
  </programme>
  <programme start="20160813033000 +0000" stop="20160813040000 +0000" channel="olympia4">
    <title lang="de">Fußball: (F) Viertelfinale (BRA - AUS)</title>
    <desc lang="de">Marta und ihre Kolleginnen stehen am Freitag im Rampenlicht, wenn es im Viertelfinale gegen Australien geht</desc>
  </programme>
  <programme start="20160813135500 +0000" stop="20160813150600 +0000" channel="olympia4">
    <title lang="de">Beachvolleyball: (M) Team Achtelfinale (BRA-CAN-)</title>
    <desc lang="de">Achtelfinale der Männer beim Beachvolley: Die Weltmeister Alison/Bruno Schmidt aus Brasilien treffen auf die beiden Spanier Herrera/Gavira</desc>
  </programme>
  <programme start="20160813152500 +0000" stop="20160813163000 +0000" channel="olympia4">
    <title lang="de">Schießen: (M) 25m Schnellfeuerpistole Finale</title>
    <desc lang="de">Die deutschen Schützen haben bei diesen olympischen Spielen schon kräftig abgeräumt. Mit der Schnellfeuerpistole hat auch Christian Reitz die Chance auf eine Medaille</desc>
    <credits>
      <presenter>Eik Galley</presenter>
    </credits>
  </programme>
  <programme start="20160813165900 +0000" stop="20160813185700 +0000" channel="olympia4">
    <title lang="de">Basketball: (M) Argentinien-Brasilien</title>
    <desc lang="de">Im Südamerika-Klassiker geht es für den Gastgeber gegen die Gauchos schon ums pure sportliche Überleben in der Gruppe B</desc>
    <credits>
      <presenter>Andreas Witte</presenter>
    </credits>
  </programme>
  <programme start="20160813190000 +0000" stop="20160813205900 +0000" channel="olympia4">
    <title lang="de">Radsport Bahn: Bahnrad</title>
    <desc lang="de">Keirin kommt aus Japan und wird auch gerne als Kampfsprint bezeichnet. In der zwei Runde geht es bereits um den Einzug ins Finale</desc>
    <credits>
      <presenter>Florian Nass</presenter>
    </credits>
  </programme>
  <programme start="20160813215500 +0000" stop="20160813235500 +0000" channel="olympia4">
    <title lang="de">Basketball: (M) Spanien-Litauen</title>
    <desc lang="de">Spanien und Starspieler Pau Gasol sind nach zwei Niederlagen gefordert. Wenn sie weiter im Medaillenrennen bleiben wollen, muss gegen die noch ungeschlagenen Litauer ein Sieg her</desc>
    <credits>
      <presenter>Andreas Witte</presenter>
    </credits>
  </programme>
  <programme start="20160814005100 +0000" stop="20160814025800 +0000" channel="olympia4">
    <title lang="de">Fußball: (M) Viertelfinale (Brasilien-Kolumbien)</title>
    <desc lang="de">Nach mauem Start und doch noch Platz Eins in der Gruppe wollen Neymar &amp; Co. im Viertelfinale gegen Kolumbien ihren Fans ein weiteres Wechselbad der Gefühle ersparen</desc>
    <credits>
      <presenter>Bernd Schmelzer</presenter>
    </credits>
  </programme>
  <programme start="20160814160000 +0000" stop="20160814173000 +0000" channel="olympia4">
    <title lang="de">Schießen: (M) 50m Gewehr 3 Stellungen Finale</title>
    <desc lang="de">Am letzten Wettkampftag der Schieß-Wettwerbe werden im Kleinkaliber Dreistellungskampf die Medaillen ausgeschossen. Auf den Finaleinzug hofft auch Daniel Brodmeier aus Kelheim</desc>
    <credits>
      <presenter>Tibor Meingast</presenter>
    </credits>
  </programme>
  <programme start="20160814194000 +0000" stop="20160814223000 +0000" channel="olympia4">
    <title lang="de">Radsport Bahn: Sprint (M) und Ominium Scratch (M)</title>
    <desc lang="de">Die Bahnradfahrer rasen wieder durchs Velodrom. Auf dem Zeitplan stehen die Scratch-Rennen bei Omnium der Männer, die Achtelfinale im Sprint der Frauen und die Sprint-Finale der Männer</desc>
    <credits>
      <presenter>Michael Pfeffer</presenter>
    </credits>
  </programme>
  <programme start="20160815130000 +0000" stop="20160815163000 +0000" channel="olympia4">
    <title lang="de">(M) Ringen 130kg Qualifikation</title>
    <desc lang="de">Ringen 130kg Qualifikation</desc>
    <credits>
      <presenter>Eik Galley</presenter>
    </credits>
  </programme>
  <programme start="20160815181500 +0000" stop="20160815214500 +0000" channel="olympia4">
    <title lang="de">Wasserspringen: (M) 3m Brett Vorrunde</title>
    <desc lang="de">Beschreibung</desc>
    <credits>
      <presenter>Torsten Püschel</presenter>
    </credits>
  </programme>
  <programme start="20160815233000 +0000" stop="20160816010000 +0000" channel="olympia4">
    <title lang="de">Hockey: (F) Viertelfinale (B1-A4)</title>
    <desc lang="de">Beschreibung</desc>
    <credits>
      <presenter>Büdi Blunck</presenter>
    </credits>
  </programme>
  <programme start="20160816223000 +0000" stop="20160817014500 +0000" channel="olympia4">
    <title lang="de">Tischtennis: (F) Mannschaft Spiel um Gold</title>
    <desc lang="de">Live aus Rio: Die Olympischen Sommerspiele 2016</desc>
    <credits>
      <presenter>Michael Kreutz</presenter>
    </credits>
  </programme>
  <programme start="20160817222300 +0000" stop="20160817235300 +0000" channel="olympia4">
    <title lang="de">Tischtennis: (M) Mannschaft Finale (-)</title>
    <desc lang="de">Beschreibung</desc>
    <credits>
      <presenter>Roman Bonnaire</presenter>
    </credits>
  </programme>
  <programme start="20160818180000 +0000" stop="20160818200000 +0000" channel="olympia4">
    <title lang="de">Basketball: (F) Halbfinale</title>
    <desc lang="de">Live aus Rio: Die Olympischen Sommerspiele 2016</desc>
    <credits>
      <presenter>Daniel Pinschower</presenter>
    </credits>
  </programme>
  <programme start="20160818200000 +0000" stop="20160818213000 +0000" channel="olympia4">
    <title lang="de">Hockey: (M) Spiel um Gold</title>
    <desc lang="de">Live aus Rio: Die Olympischen Sommerspiele 2016</desc>
    <credits>
      <presenter>Béla Réthy, Philipp Crone</presenter>
    </credits>
  </programme>
  <programme start="20160819150000 +0000" stop="20160819160000 +0000" channel="olympia4">
    <title lang="de">Synchronschwimmen: (F) Mannschaft Mannschaft Freie Kür</title>
    <desc lang="de">Beschreibung</desc>
    <credits>
      <presenter>Reporter: Torsten Püschel</presenter>
    </credits>
  </programme>
  <programme start="20160819160000 +0000" stop="20160819174500 +0000" channel="olympia4">
    <title lang="de">Fußball: Bronze</title>
    <desc lang="de">Beschreibung</desc>
    <credits>
      <presenter>Reporter: Bernd Schmelzer</presenter>
    </credits>
  </programme>
  <programme start="20160819183000 +0000" stop="20160819200000 +0000" channel="olympia4">
    <title lang="de">Basketball: (M) Halbfinale</title>
    <desc lang="de">Beschreibung</desc>
    <credits>
      <presenter>Reporter: Andreas Witte</presenter>
    </credits>
  </programme>
  <programme start="20160819201500 +0000" stop="20160819230000 +0000" channel="olympia4">
    <title lang="de">Ringen – Freistil</title>
    <desc lang="de">Ringen – Freistil</desc>
    <credits>
      <presenter>Reporter: Eik Galley</presenter>
    </credits>
  </programme>
  <programme start="20160820120000 +0000" stop="20160820133000 +0000" channel="olympia4">
    <title lang="de">Kanu: (F, M) mit Entscheidungen</title>
    <desc lang="de">Live aus Rio: Die Olympischen Sommerspiele 2016</desc>
    <credits>
      <presenter>Yorck Polus, Kristof Wilke</presenter>
    </credits>
  </programme>
  <programme start="20160820205000 +0000" stop="20160820224000 +0000" channel="olympia4">
    <title lang="de">Wasserball: (M) Spiel um Gold</title>
    <desc lang="de">Live aus Rio: Die Olympischen Sommerspiele 2016</desc>
    <credits>
      <presenter>Tibor Meingast</presenter>
    </credits>
  </programme>
  <programme start="20160821123000 +0000" stop="20160821140000 +0000" channel="olympia4">
    <title lang="de">(M) Volleyball Spiel um Platz 3</title>
    <desc lang="de">Beschreibung</desc>
    <credits>
      <presenter>Holger Sauer</presenter>
    </credits>
  </programme>
  <programme start="20160821161500 +0000" stop="20160821174500 +0000" channel="olympia4">
    <title lang="de">(M) Volleyball Finale</title>
    <desc lang="de">Beschreibung</desc>
    <credits>
      <presenter>Holger Sauer</presenter>
    </credits>
  </programme>
  <programme start="20160813115700 +0000" stop="20160813175900 +0000" channel="olympia5">
    <title lang="de">(M) Golf Runde 3</title>
    <desc lang="de">Zusammen mit dem Briten Danny Willett und dem Finnen Mikko Ilonaen begibt sich Martin Kaymer um 14.25 Uhr auf den Golfkurs</desc>
    <credits>
      <presenter>Matthias Cammann</presenter>
    </credits>
  </programme>
  <programme start="20160813180500 +0000" stop="20160813224500 +0000" channel="olympia5">
    <title lang="de">Tennis: (F) Einzel Finale (-)</title>
    <desc lang="de">Deutschlands beste Tennisspielerin Angelique Kerber trifft im Finale von Rio auf die ungesetzte Puerto Ricanerin Monica Puig. Gesucht wird die Nachfolgerin von Serena Williams</desc>
    <credits>
      <presenter>Matthias Cammann, Andreas Köstler</presenter>
    </credits>
  </programme>
  <programme start="20160813224800 +0000" stop="20160814005600 +0000" channel="olympia5">
    <title lang="de">Handball: (M) Vorrunde Gruppe B (Schweden-Polen)</title>
    <desc lang="de">Beschreibung</desc>
  </programme>
  <programme start="20160814200000 +0000" stop="20160814230500 +0000" channel="olympia5">
    <title lang="de">Ringen: gr.-röm (M) mit Entscheidung</title>
    <desc lang="de">Live aus Rio: Die Olympischen Sommerspiele 2016</desc>
    <credits>
      <presenter>Alexander von der Groeben</presenter>
    </credits>
  </programme>
  <programme start="20160814233000 +0000" stop="20160815010000 +0000" channel="olympia5">
    <title lang="de">Hockey: (M) Viertelfinale</title>
    <desc lang="de">Live aus Rio: Die Olympischen Sommerspiele 2016</desc>
  </programme>
  <programme start="20160815120000 +0000" stop="20160815143000 +0000" channel="olympia5">
    <title lang="de">Kanu Sprint</title>
    <desc lang="de">Beschreibung</desc>
    <credits>
      <presenter>Jörg Klawitter</presenter>
    </credits>
  </programme>
  <programme start="20160815143000 +0000" stop="20160815160000 +0000" channel="olympia5">
    <title lang="de">Handball: (M) Vorrunde Gruppe B (Deutschland-Ägypten)</title>
    <desc lang="de">Beschreibung</desc>
    <credits>
      <presenter>Hendrik Deichmann</presenter>
    </credits>
  </programme>
  <programme start="20160815174000 +0000" stop="20160815191000 +0000" channel="olympia5">
    <title lang="de">Handball: (M) Vorrunde Gruppe A (Frankreich-Dänemark)</title>
    <desc lang="de">Beschreibung</desc>
    <credits>
      <presenter>Hendrik Deichmann</presenter>
    </credits>
  </programme>
  <programme start="20160815200000 +0000" stop="20160815230000 +0000" channel="olympia5">
    <title lang="de">(M) Ringen Platzierungen und Finale</title>
    <desc lang="de">Ringen Platzierungen und Finale</desc>
    <credits>
      <presenter>Eik Galley</presenter>
    </credits>
  </programme>
  <programme start="20160816013000 +0000" stop="20160816030000 +0000" channel="olympia5">
    <title lang="de">Basketball: (M) Vorrunde Gruppe B (Litauen-Kroatien)</title>
    <desc lang="de">Beschreibung</desc>
    <credits>
      <presenter>unkommentierter Livestream</presenter>
    </credits>
  </programme>
  <programme start="20160817205700 +0000" stop="20160817225700 +0000" channel="olympia5">
    <title lang="de">Volleyball Viertelfinale 3</title>
    <desc lang="de">Beschreibung</desc>
  </programme>
  <programme start="20160818005600 +0000" stop="20160818024100 +0000" channel="olympia5">
    <title lang="de">Taekwondo: (F) -49kg Finale (M) -58kg Finale</title>
    <desc lang="de">Taekwondo</desc>
  </programme>
  <programme start="20160819103000 +0000" stop="20160819173000 +0000" channel="olympia5">
    <title lang="de">Golf: (F) Einzel Runde 3</title>
    <desc lang="de">Beschreibung</desc>
    <credits>
      <presenter>Reporter: Matthias Cammann</presenter>
    </credits>
  </programme>
  <programme start="20160819190000 +0000" stop="20160819221000 +0000" channel="olympia5">
    <title lang="de">Wasserspringen: (M) Turmspringen 10m Vorrunde</title>
    <desc lang="de">Beschreibung</desc>
    <credits>
      <presenter>Reporter: Torsten Püschel</presenter>
    </credits>
  </programme>
  <programme start="20160820193000 +0000" stop="20160820211000 +0000" channel="olympia5">
    <title lang="de">Wasserspringen: (M) Turmspringen 10m Finale</title>
    <desc lang="de">Live aus Rio: Die Olympischen Sommerspiele 2016</desc>
    <credits>
      <presenter>Stefan Bier</presenter>
    </credits>
  </programme>
  <programme start="20160821184500 +0000" stop="20160821201500 +0000" channel="olympia5">
    <title lang="de">Basketball: (M) Finale (Sieger HF1-Sieger HF2)</title>
    <desc lang="de">Beschreibung</desc>
    <credits>
      <presenter>Andreas Witte</presenter>
    </credits>
  </programme>
  <programme start="20160813122300 +0000" stop="20160813144500 +0000" channel="olympia6">
    <title lang="de">Rudern Finals</title>
    <desc lang="de">Letzter Tag der Ruderwettbewerbe mit einem Highlight am Schluss: Der Deutschland-Achter gegen Großbritannien. Wer holt Gold</desc>
    <credits>
      <presenter>Jörg Klawitter</presenter>
    </credits>
  </programme>
  <programme start="20160813145500 +0000" stop="20160813163200 +0000" channel="olympia6">
    <title lang="de">Beachvolleyball: (F) Team Achtelfinale (CAN-CAN-)</title>
    <desc lang="de">Kanadisches Duell beim Beachvolley: Im Achtelfinale treffen Pavan/Bansley auf Broder/Valjas</desc>
  </programme>
  <programme start="20160813175500 +0000" stop="20160813205500 +0000" channel="olympia6">
    <title lang="de">Beachvolleyball: (F) + (M) Team Achtelfinale</title>
    <desc lang="de">Die Weltranglisten-Ersten Laura Ludwig und Kira Walkenhorst bestreiten ihr Achtelfinale gegen die Schweizerinnen Forrer/Verge-Depre</desc>
    <credits>
      <presenter>Claus Lufen, Julius Brink</presenter>
    </credits>
  </programme>
  <programme start="20160813215600 +0000" stop="20160814004300 +0000" channel="olympia6">
    <title lang="de">Beachvolleyball: (F)+(M) Team Achtelfinale</title>
    <desc lang="de">Die Kanadier Schalk/Saxton spielen gegen die Weltmeister von 2013 Brouwer/Meeuwsen aus den Niederlanden. Im Anschluss bei den Frauen das Spiel Meppelink/Vand Iersel (NED) gegen Heidrich/Zumkehr (SUI)</desc>
    <credits>
      <presenter>Claus Lufen, Julius Brink</presenter>
    </credits>
  </programme>
  <programme start="20160814150000 +0000" stop="20160814230000 +0000" channel="olympia6">
    <title lang="de">Tennis: (F), (M), Einzel und Doppel Finale</title>
    <desc lang="de">Live aus Rio: Die Olympischen Sommerspiele 2016</desc>
    <credits>
      <presenter>Aris Donzelli</presenter>
    </credits>
  </programme>
  <programme start="20160815013500 +0000" stop="20160815030500 +0000" channel="olympia6">
    <title lang="de">Volleyball: (F) Vorrunde Gruppe A (BRA-RUS)</title>
    <desc lang="de">Live aus Rio: Die Olympischen Sommerspiele 2016</desc>
  </programme>
  <programme start="20160815130000 +0000" stop="20160815143000 +0000" channel="olympia6">
    <title lang="de">Hockey: (F) Viertelfinale (A1-B4)</title>
    <desc lang="de">Beschreibung</desc>
    <credits>
      <presenter>Büdi Blunck</presenter>
    </credits>
  </programme>
  <programme start="20160815153000 +0000" stop="20160815170000 +0000" channel="olympia6">
    <title lang="de">Hockey: (F) Viertelfinale (B2-A3)</title>
    <desc lang="de">Beschreibung</desc>
    <credits>
      <presenter>Büdi Blunck</presenter>
    </credits>
  </programme>
  <programme start="20160815183000 +0000" stop="20160815234000 +0000" channel="olympia6">
    <title lang="de">Gewichtheben: (M) 105kg Overall</title>
    <desc lang="de">Gewichtheben 105 Kg</desc>
    <credits>
      <presenter>Bodo Boeck</presenter>
    </credits>
  </programme>
  <programme start="20160816020000 +0000" stop="20160816033000 +0000" channel="olympia6">
    <title lang="de">Beachvolleyball: (M) Team Viertelfinale (-)</title>
    <desc lang="de">Beschreibung</desc>
    <credits>
      <presenter>Tom Bartels</presenter>
    </credits>
  </programme>
  <programme start="20160816200000 +0000" stop="20160816220000 +0000" channel="olympia6">
    <title lang="de">Hockey: (M) Halbfinale</title>
    <desc lang="de">Live aus Rio: Die Olympischen Sommerspiele 2016</desc>
    <credits>
      <presenter>Béla Réthy, Philipp Crone</presenter>
    </credits>
  </programme>
  <programme start="20160816233000 +0000" stop="20160817013000 +0000" channel="olympia6">
    <title lang="de">Handball: (F) Viertelfinale</title>
    <desc lang="de">Live aus Rio: Die Olympischen Sommerspiele 2016</desc>
  </programme>
  <programme start="20160817115700 +0000" stop="20160817142500 +0000" channel="olympia6">
    <title lang="de">(M)+(F) Kanusprint</title>
    <desc lang="de">Kanusprint</desc>
  </programme>
  <programme start="20160818005600 +0000" stop="20160818022600 +0000" channel="olympia6">
    <title lang="de">Beachvolleyball: (F) Team Spiel um Platz 3 (-)</title>
    <desc lang="de">Beschreibung</desc>
    <credits>
      <presenter>Claus Lufen, Julius Brink</presenter>
    </credits>
  </programme>
  <programme start="20160818130000 +0000" stop="20160818160000 +0000" channel="olympia6">
    <title lang="de">Moderner Fünfkampf: (F) Fechten</title>
    <desc lang="de">Live aus Rio: Die Olympischen Sommerspiele 2016</desc>
    <credits>
      <presenter>Marc Windgassen</presenter>
    </credits>
  </programme>
  <programme start="20160818173000 +0000" stop="20160818203000 +0000" channel="olympia6">
    <title lang="de">Moderner Fünfkampf: (M) Fechten</title>
    <desc lang="de">Live aus Rio: Die Olympischen Sommerspiele 2016</desc>
    <credits>
      <presenter>Marc Windgassen</presenter>
    </credits>
  </programme>
  <programme start="20160819130000 +0000" stop="20160819172000 +0000" channel="olympia6">
    <title lang="de">Reiten: Springen (X) Einzel Finalrunde Overall</title>
    <desc lang="de">Beschreibung</desc>
    <credits>
      <presenter>Reporter: Carsten Sostmeier</presenter>
    </credits>
  </programme>
  <programme start="20160819200200 +0000" stop="20160819213200 +0000" channel="olympia6">
    <title lang="de">Hockey: (F) Finale</title>
    <desc lang="de">Beschreibung</desc>
    <credits>
      <presenter>Reporter: Christian Blunck</presenter>
    </credits>
  </programme>
  <programme start="20160820160000 +0000" stop="20160820180000 +0000" channel="olympia6">
    <title lang="de">Volleyball: (F) Spiel um Bronze</title>
    <desc lang="de">Live aus Rio: Die Olympischen Sommerspiele 2016</desc>
    <credits>
      <presenter>Martin Hüsener</presenter>
    </credits>
  </programme>
  <programme start="20160820183000 +0000" stop="20160820204500 +0000" channel="olympia6">
    <title lang="de">Handball: (F) Spiel um Gold</title>
    <desc lang="de">Live aus Rio: Die Olympischen Sommerspiele 2016</desc>
    <credits>
      <presenter>Christoph Hamm</presenter>
    </credits>
  </programme>
  <programme start="20160821011500 +0000" stop="20160821024500 +0000" channel="olympia6">
    <title lang="de">Volleyball: (F) Spiel um Gold</title>
    <desc lang="de">Live aus Rio: Die Olympischen Sommerspiele 2016</desc>
    <credits>
      <presenter>Martin Hüsener</presenter>
    </credits>
  </programme>
  <programme start="20160821133000 +0000" stop="20160821150000 +0000" channel="olympia6">
    <title lang="de">(M) Handball Spiel um Platz 3</title>
    <desc lang="de">Beschreibung</desc>
    <credits>
      <presenter>Hendrik Deichmann</presenter>
    </credits>
  </programme>
</tv>