<?xml version="1.0" encoding="UTF-8"?>
<addon id="plugin.video.olympia" name="Olympia Livestreams" version="0.0.2" provider-name="membrane,eminga">
    <requires>
        <import addon="xbmc.python" version="2.1.0"/>
		<import addon="script.module.libMediathek" version="0.0.1"/>
    </requires>
    <extension point="xbmc.python.pluginsource" library="default.py">
        <provides>video</provides>
    </extension>
    <extension point="xbmc.addon.metadata">
        <platform>all</platform>
        <summary lang="en">Credits to eminga</summary>
        <description lang="en">Credits to eminga</description>
    </extension>
</addon>
