<?xml version="1.0" encoding="UTF-8"?>
<addon id="plugin.video.wdrmaus" name="WDR Maus" version="0.0.1" provider-name="membrane">
    <requires>
		<import addon="xbmc.python" version="2.25.0"/>
		<import addon="script.module.libmediathek3" version="1.3.1"/>
		<import addon="script.module.libwdr" version="1.0.0"/>
    </requires>
    <extension point="xbmc.python.pluginsource" library="default.py">
        <provides>video</provides>
    </extension>
    <extension point="xbmc.addon.metadata">
        <platform>all</platform>
		<language>de</language>
		<license>GNU GENERAL PUBLIC LICENSE. Version 2, June 1991</license>
        <disclaimer lang="de">Dieses Add-on wird von keiner Sendeanstalt unterstützt und ist daher inoffiziell.</disclaimer>
    </extension>
</addon>
