<?xml version="1.0" encoding="UTF-8"?>
<addon id="plugin.video.srmediathek" name="SR Mediathek" version="2.0.2" provider-name="68000a">
    <requires>
        <import addon="xbmc.python" version="2.25.0"/>
		<import addon="script.module.libsr" version="2.0.2"/>
    </requires>
    <extension point="xbmc.python.pluginsource" library="default.py">
        <provides>video</provides>
    </extension>
    <extension point="xbmc.addon.metadata">
        <platform>all</platform>
		<language>de</language>
		<license>GNU GENERAL PUBLIC LICENSE. Version 2, June 1991</license>
		<source>https://github.com/prof-membrane/plugin.video.srmediathek</source>
        <summary lang="en">This is an add-on for http://sr-mediathek.de/.</summary>
        <description lang="en">This add-on provides access to the German VOD platform http://sr-mediathek.de/.</description>
        <summary lang="de">Sendebeiträge der SR Mediathek.</summary>
        <description lang="de">Dieses Add-on bietet Zugriff auf die Bibliothek des SR. Zur Auswahl stehen vorallem Reportagen.</description>
        <disclaimer lang="de">Dieses Add-on wird von keiner Sendeanstalt unterstützt und ist daher inoffiziell.</disclaimer>
    </extension>
</addon>
