{"list": [{"url": "http://itv.mit-xperts.com/kikamediathek/kika/api.php/ene-mene-bu/enemenevideos100-hbbtv.json", "_type": "dir", "_thumb": "http://www.kika.de/ene-mene-bu/bilder/teaserallesendungen100_h-218_v-tsmall169_w-388_zc-49a3faec.jpg?version=11258", "mode": "libKikaListVideos", "_name": "Alle ENE MENE BU Videos"}, {"_type": "dir", "url": "http://itv.mit-xperts.com/kikamediathek/kika/api.php/videos/hbbtv/suche/hbbtv-search-100-hbbtv.json?serialProgram=688c2b8b-a081-44e4-bfdb-4d51dc2bb641", "_name": "Anna und die Haustiere", "mode": "libKikaListVideos", "_plot": "Nicht nur in freier Wildbahn auch bei uns zu Hause leben viele spannende Tiere: die Haustiere. Die Tierreporterin Anna berichtet, woher die wilden Vorfahren der gez\u00e4hmten Haustiere kommen. Und sie erkl\u00e4rt, welche Tiere f\u00fcr ein Zusammenleben zu Hause geeignet sind, wie man mit ihnen umgeht und warum manche nie allein gehalten werden sollten.", "_thumb": "http://www.kika.de/anna-und-die-haustiere/bild130006_h-218_v-tsmall169_w-388_zc-49a3faec.jpg?version=48654"}, {"_type": "dir", "url": "http://itv.mit-xperts.com/kikamediathek/kika/api.php/videos/hbbtv/suche/hbbtv-search-100-hbbtv.json?serialProgram=5c03f77b-f415-4612-96e8-da4e96204301", "_name": "Anna und die wilden Tiere", "mode": "libKikaListVideos", "_plot": "Bevor Anna auf Reisen geht, bereitet sie sich vor und bringt alles \u00fcber das Tier in Erfahrung, das im Mittelpunkt der Sendung steht. Sie hat also ein Grundwissen, aber auch noch jede Menge Fragen, die sie den Experten vor Ort stellen will. Sie trifft auf Menschen, die es sich zur Aufgabe gemacht haben, wilden Tieren ein Leben in Freiheit zu erm\u00f6glichen. Hier packt Anna mit an. Und so erf\u00e4hrt sie, was man \u00fcber den Umgang mit Wildtieren wissen muss.", "_thumb": "http://www.kika.de/anna-und-die-wilden-tiere/annaunddiewildentiere100_h-218_v-tsmall169_w-388_zc-49a3faec.jpg?version=36707"}, {"_type": "dir", "url": "http://itv.mit-xperts.com/kikamediathek/kika/api.php/videos/hbbtv/suche/hbbtv-search-100-hbbtv.json?serialProgram=381b1cd2-67cd-41e1-a711-06b36be8d882", "_name": "Annedroids", "mode": "libKikaListVideos", "_plot": "Anne hat ein ganz besonderes Hobby. Auf dem Schrottplatz ihres Vaters macht sie heimlich Experimente mit ihren selbst-gebauten Erfindungen, Robotern und vor allem mit ihren drei Androiden. Eigentlich wollte sie dieses Geheimnis f\u00fcr sich behalten, aber eines Tages steht Nick, ein Junge der neu in der Stadt ist, in ihrer Werkstatt. Sofort ist er Feuer und Flamme f\u00fcr Annes Androiden und m\u00f6chte unbedingt ihr Assistent werden.", "_thumb": "http://www.kika.de/annedroids/bilder/bild146774_h-218_v-tsmall169_w-388_zc-49a3faec.jpg?version=3656"}, {"_type": "dir", "url": "http://itv.mit-xperts.com/kikamediathek/kika/api.php/videos/hbbtv/suche/hbbtv-search-100-hbbtv.json?serialProgram=a769c1cb-cec4-4058-9bc3-bf9aee6d999d", "_name": "BAND CAMP BERLIN", "mode": "libKikaListVideos", "_plot": "F\u00fcnf Jugendliche und ein riesiges Ziel vor Augen: Der Auftritt ihrer frisch gegr\u00fcndeten Band auf der \"Music China\"-Musikmesse in Shanghai! Lissi, Julian, Leo, Marcel und Luca kommen aus Berlin und Brandenburg, sind 17 Jahre alt, stehen auf Rockmusik und sind Musiker. evor sie sich aber auf den abenteuerlichen Weg nach Shanghai machen, m\u00fcssen sie einige Herausforderungen bestehen.", "_thumb": "http://www.kika.de/band-camp-berlin/bilder/bild159858_h-218_v-tsmall169_w-388_zc-49a3faec.jpg?version=17430"}, {"_type": "dir", "url": "http://itv.mit-xperts.com/kikamediathek/kika/api.php/videos/hbbtv/suche/hbbtv-search-100-hbbtv.json?serialProgram=bd0c457a-b8ac-47ec-9c50-196a8f5a5ad4", "_name": "Bernd Channel", "mode": "libKikaListVideos", "_plot": "F\u00fcr Bernd ist es wie immer: die H\u00f6lle in bunt. Bernd taucht tief ein in die Welt des Web 4.0. Bernd wird Teil der Let's Play-Szene, stellt sich den Fragen seiner virtuellen Fangemeinde oder gibt ungewollt tiefe Einblicke in den Alltag eines Brots mit kurzen Armen. Bernd steht der multiplen Grenzenlosigkeit des sozial-medialen Kosmos gegen\u00fcber.", "_thumb": "http://www.kika.de/bernd-channel/bilder/bild137958_h-218_v-tsmall169_w-388_zc-49a3faec.jpg?version=54752"}, {"_type": "dir", "url": "http://itv.mit-xperts.com/kikamediathek/kika/api.php/videos/hbbtv/suche/hbbtv-search-100-hbbtv.json?serialProgram=cb07ba84-c1ce-40f3-b39d-56d1d5fc557c", "_name": "Beutolom\u00e4us und die vergessene Weihnacht", "mode": "libKikaListVideos", "_plot": "Beutolom\u00e4us ist entsetzt: Sein Chef erkennt seinen treuen Beutolom\u00e4us nicht mehr und wei\u00df auch nicht, was Weihnachten und wer er selbst ist. Der Weihnachtsmann ist offenbar Opfer des magischen \"Tees des Vergessens\" geworden. Wer den trinkt, verliert die Erinnerung. Beutolom\u00e4us muss schnellstens ein Gegenmittel finden.", "_thumb": "http://www.kika.de/beutolomaeus-und-die-vergessene-weihnacht/bilder/bild130292_h-218_v-tsmall169_w-388_zc-49a3faec.jpg?version=19792"}, {"_type": "dir", "url": "http://itv.mit-xperts.com/kikamediathek/kika/api.php/videos/hbbtv/suche/hbbtv-search-100-hbbtv.json?serialProgram=c3afff1f-8dbb-4323-9357-537a447f528d", "_name": "Bummi", "mode": "libKikaListVideos", "_plot": "Der kleine B\u00e4r namens Bummi entdeckt mit seinen Freunden die Welt. Die beste Freundin von Bummi, dem kleinen gelben B\u00e4ren, ist Binchen, die braune B\u00e4rin. Sie hat immer ein paar Pflaster bei sich und kann damit fast alles reparieren. Malia, die Giraffe mit dem langen Hals, ist die Dritte im Bunde und beh\u00e4lt auch in den kniffligsten Situationen immer den \u00dcberblick.", "_thumb": "http://www.kika.de/bummi/bilder/bild130354_h-218_v-tsmall169_w-388_zc-49a3faec.jpg?version=5442"}, {"_type": "dir", "url": "http://itv.mit-xperts.com/kikamediathek/kika/api.php/videos/hbbtv/suche/hbbtv-search-100-hbbtv.json?serialProgram=d61a8a11-615c-4402-b3ae-2b3bb029eb8c", "_name": "Checker Can", "mode": "libKikaListVideos", "_plot": "Checker Can hat wie Checker Tobi nur ein Ziel: herausfinden, wie die Dinge laufen! Can stellt Fragen, die neugierig machen: Sind Ziegen dumm? Wie verhaftet man einen Dieb? Warum stinken Schuhe? Wie wickelt man einen Turban? Er macht sich auf die Suche nach Antworten. Am Ende hei\u00dft es:  Gecheckt! Checker Can und Checker Tobi wechseln sich in den Folgen, die ausgestrahlt werden, ab.", "_thumb": "http://www.kika.de/checker-can/bilder/bild94780_h-218_v-tsmall169_w-388_zc-49a3faec.jpg?version=26182"}, {"_type": "dir", "url": "http://itv.mit-xperts.com/kikamediathek/kika/api.php/videos/hbbtv/suche/hbbtv-search-100-hbbtv.json?serialProgram=a6f0e158-1149-4102-85da-6f8b7e7863ac", "_name": "Checker Tobi", "mode": "libKikaListVideos", "_plot": "Es gibt so viele Fragen da drau\u00dfen. Wie gut, dass es zwei Checker gibt: Checker Can und Checker Tobi! ", "_thumb": "http://www.kika.de/checker-tobi/bilder/checkertobi_gitarre100_h-218_v-tsmall169_w-388_zc-49a3faec.jpg?version=6940"}, {"_type": "dir", "url": "http://itv.mit-xperts.com/kikamediathek/kika/api.php/videos/hbbtv/suche/hbbtv-search-100-hbbtv.json?serialProgram=c0f1b0fe-6abe-4b3a-9458-5055a66bb5a4", "_name": "CheXperiment", "mode": "libKikaListVideos", "_plot": "Checker Tobi bekommt eine knifflige Aufgabe und einen Versuchsaufbau. Der Checker muss experimentieren, bis er die L\u00f6sung findet! ", "_thumb": "http://www.kika.de/chexperiment/sendungen/bilder/bild129402_h-218_v-tsmall169_w-388_zc-49a3faec.jpg?version=57714"}, {"_type": "dir", "url": "http://itv.mit-xperts.com/kikamediathek/kika/api.php/videos/hbbtv/suche/hbbtv-search-100-hbbtv.json?serialProgram=70008d03-4410-4b65-814b-b85c74ba5b2d", "_name": "Cosmic Quantum Ray", "mode": "libKikaListVideos", "_plot": "Robbie Shipton ist zw\u00f6lf Jahre alt und auf den ersten Blick ein normaler Teenager. Doch er f\u00fchrt ein Doppelleben: Er repr\u00e4sentiert den Planeten Erde als Mitglied des TEAM QUANTUM. Die Superhelden sind immer zur Stelle, wenn gegen Naturgesetze im Kosmos versto\u00dfen wird. F\u00fcr den Erdenjungen Robbie jedoch ist es gar nicht so einfach, ein Superheld zu sein.", "_thumb": "http://www.kika.de/cosmic-quantum-ray/bilder/bild129470_h-218_v-tsmall169_w-388_zc-49a3faec.jpg?version=18567"}, {"_type": "dir", "url": "http://itv.mit-xperts.com/kikamediathek/kika/api.php/videos/hbbtv/suche/hbbtv-search-100-hbbtv.json?serialProgram=e9900117-d6b2-4f5b-9994-57b523d234b3", "_name": "Dein Song  ", "mode": "libKikaListVideos", "_plot": "So vielf\u00e4ltig war Dein Song noch nie! Talentierte junge Songwriter verschiedenster Herkunft sind diesmal mit dabei. Sie pr\u00e4sentieren ihre selbst komponierten Lieder in gro\u00dfer Genre- und Sprachenvielfalt. Mit elektronischen Vibes und klassischen Instrumenten, Rap und rhythmischen Beats bis hin zu Sounds mit Ger\u00e4uschen aus Umwelt und Natur wollen die Kandidaten die Jury \u00fcberzeugen.", "_thumb": "http://www.kika.de/dein-song/2017/bilder/casting118_h-218_v-tsmall169_w-388_zc-49a3faec.jpg?version=2913"}, {"_type": "dir", "url": "http://itv.mit-xperts.com/kikamediathek/kika/api.php/videos/hbbtv/suche/hbbtv-search-100-hbbtv.json?serialProgram=b4c87fcb-a2f5-4c26-a604-c0f55c68ef0c", "_name": "Die Abenteuer des jungen Marco Polo", "mode": "libKikaListVideos", "_plot": "Mit brennender Neugier st\u00fcrzt sich Marco Polo in ein Abenteuer durch ferne L\u00e4nder. Begleitet von seinem starken, gutm\u00fctigen Freund Luigi und der mysteri\u00f6sen Prinzessin Shi La Won ist Marco bereit, es mit der Welt aufzunehmen. ", "_thumb": "http://www.kika.de/die-abenteuer-des-jungen-marco-polo/bilder/bild161534_h-218_v-tsmall169_w-388_zc-49a3faec.jpg?version=2794"}, {"_type": "dir", "url": "http://itv.mit-xperts.com/kikamediathek/kika/api.php/videos/hbbtv/suche/hbbtv-search-100-hbbtv.json?serialProgram=523da4a2-c82e-417c-82fa-8d78c5c9e075", "_name": "Die beste Klasse Deutschlands", "mode": "libKikaListVideos", "_plot": "Insgesamt 32 Schulklassen haben sich  f\u00fcr die begehrten Startpl\u00e4tze in der Show um den Titel \"Die beste Klasse Deutschlands 2017\" qualifiziert. In 20 Shows treten die Klassen gegeneinander an. Nach vier Wochen sind die Wochensieger nur noch einen Schritt vom Titel entfernt. Im Superfinale am 3. Juni 2017 im Ersten wird ermittelt, wer in diesem Jahr \"Die beste Klasse Deutschlands\" ist und eine f\u00fcnft\u00e4gige Klassenfahrt nach Madrid gewinnt.", "_thumb": "http://www.kika.de/die-beste-klasse-deutschlands/sendungen/bilder/bild166298_h-218_v-tsmall169_w-388_zc-49a3faec.jpg?version=29423"}, {"_type": "dir", "url": "http://itv.mit-xperts.com/kikamediathek/kika/api.php/videos/hbbtv/suche/hbbtv-search-100-hbbtv.json?serialProgram=ca8b3144-d3bb-4997-85b4-243083db867f", "_name": "Die Pfefferk\u00f6rner", "mode": "libKikaListVideos", "_plot": "Die Pfefferk\u00f6rner sind die M\u00e4dchen und Jungen, die in Hamburg mit detektivischem Sp\u00fcrsinn Kriminalf\u00e4lle l\u00f6sen. Fr\u00fcher wurden die Hamburger Kaufleute \"Pfeffers\u00e4cke\" genannt. Davon wurde der Name des Detektivklubs abgeleitet. Denn sie sind klein und feurig und kugeln munter durch die Gegend. Sie kommen aus aller Herren L\u00e4nder und haben es ganz sch\u00f6n in sich.    ", "_thumb": "http://www.kika.de/die-pfefferkoerner/bilder/logodiepfefferkoerner100_h-218_v-tsmall169_w-388_zc-49a3faec.png?version=43663"}, {"_type": "dir", "url": "http://itv.mit-xperts.com/kikamediathek/kika/api.php/videos/hbbtv/suche/hbbtv-search-100-hbbtv.json?serialProgram=918d3430-2605-4fea-a0c8-d49c4db24748", "_name": "Die Sendung mit dem Elefanten", "mode": "libKikaListVideos", "_plot": "Gro\u00dfer Trommelwirbel f\u00fcr einen kleinen Elefanten: Der allerbeste Freund der Maus hat seine eigene \"Sendung mit dem Elefanten\"! Fr\u00f6hlich stapfend und unbek\u00fcmmert trompetend leitet der kleine, blaue Elefant durch seine Sendung.", "_thumb": "http://www.kika.de/die-sendung-mit-dem-elefanten/bilder/bild129488_h-218_v-tsmall169_w-388_zc-49a3faec.jpg?version=3920"}, {"_type": "dir", "url": "http://itv.mit-xperts.com/kikamediathek/kika/api.php/videos/hbbtv/suche/hbbtv-search-100-hbbtv.json?serialProgram=992f509d-81bd-4d39-8935-be494e7e5284", "_name": "Die Sendung mit der Maus", "mode": "libKikaListVideos", "_plot": " Lach- und Sachgeschichten mit der Maus, der Ente und dem Elefanten.", "_thumb": "http://www.kika.de/die-sendung-mit-der-maus/maus_teaser100_h-218_v-tsmall169_w-388_zc-49a3faec.png?version=23792"}, {"_type": "dir", "url": "http://itv.mit-xperts.com/kikamediathek/kika/api.php/videos/hbbtv/suche/hbbtv-search-100-hbbtv.json?serialProgram=a54788d2-4b29-4482-a485-e7c4fdb49c37", "_name": "Durch die Wildnis", "mode": "libKikaListVideos", "_plot": "Es ist der ultimative Kick - sechs Jugendliche allein in der Wildnis Norwegens. Selbst entscheiden, wo es lang geht, wo das Zelt aufgebaut wird und wer Feuer macht. Klingt super, aber das hei\u00dft auch: Kein Klo, kein weiches Bett, kein Handy. Daf\u00fcr jede Menge Action und Spa\u00df. F\u00fcr Kimberly, Leonie, Antonia, Philip, Freddy und Caspar kann dieser Traum wahr werden. ", "_thumb": "http://www.kika.de/durch-die-wildnis-eins/bilder/bild95582_h-218_v-tsmall169_w-388_zc-49a3faec.jpg?version=37140"}, {"_type": "dir", "url": "http://itv.mit-xperts.com/kikamediathek/kika/api.php/videos/hbbtv/suche/hbbtv-search-100-hbbtv.json?serialProgram=b9988e1b-ee76-47ce-973b-355882ad9088", "_name": "Durch die Wildnis", "mode": "libKikaListVideos", "_plot": "Die dritte Staffel f\u00fchrt die sechs Abenteurer auf eine Kanarische Insel. Von der Meeresk\u00fcste \u00fcber mediterrane W\u00e4lder durch tropische Gefilde bis hin zur kargen W\u00fcste: Jede Region hat die Kandidaten vor neue Aufgaben gestellt. Wo das Zelt aufbauen, wie sich waschen und kochen? F\u00fcr die sportlichen Herausforderungen hat sich Wildnis-Coach Tobi erneut spannende Aktionen ausgedacht.", "_thumb": "http://www.kika.de/durch-die-wildnis/bilder/bild140742_h-218_v-tsmall169_w-388_zc-49a3faec.jpg?version=27369"}, {"_type": "dir", "url": "http://itv.mit-xperts.com/kikamediathek/kika/api.php/videos/hbbtv/suche/hbbtv-search-100-hbbtv.json?serialProgram=09c30f8f-da9e-4397-8e3f-1f6647e16c88", "_name": "Durch die Wildnis", "mode": "libKikaListVideos", "_plot": "Sechs Jugendliche erleben auf ihrem Weg durch die transsilvanische Wildnis das Abenteuer ihres Lebens. Viviane, Mahtab, Henriette, Niklas, Julien und David verbringen vier Wochen in der rum\u00e4nischen Abgeschiedenheit. Auf ihrem Weg durch die raue Natur sollen sie selbst entscheiden, welchen Weg sie einschlagen, wer das Feuer macht und wo das Zelt aufgebaut wird.", "_thumb": "http://www.kika.de/durch-die-wildnis/bilder/bild140744_h-218_v-tsmall169_w-388_zc-49a3faec.jpg?version=27956"}, {"_type": "dir", "url": "http://itv.mit-xperts.com/kikamediathek/kika/api.php/videos/hbbtv/suche/hbbtv-search-100-hbbtv.json?serialProgram=7f619585-7e91-460e-b34f-afa1ca42fb01", "_name": "Emmas Chatroom", "mode": "libKikaListVideos", "_plot": "Nach einem intensiven und aufregenden Jahr an der internationalen Schule Singapur, droht die enge Freundschaft zwischen Emma, Ally und Jackie zu zerplatzen. Emmas Familie wird zur\u00fcck nach Hamburg versetzt und Ally kehrt zur\u00fcck auf die Pferdefarm ihrer Familie nach Australien. Zum Abschied bekommen die drei Freundinnen ein ganz besonderes Geschenk.", "_thumb": "http://www.kika.de/emmas-chatroom/bilder/bild129492_h-218_v-tsmall169_w-388_zc-49a3faec.jpg?version=50176"}, {"url": "http://itv.mit-xperts.com/kikamediathek/kika/api.php/ene-mene-bu/hbbtv/ene-mene-bu-hbbtv-buendel100-hbbtv.json", "_type": "dir", "_thumb": "http://www.kika.de/ene-mene-bu/hbbtv/ene_mene_bu_x102_h-218_v-tsmall169_w-388_zc-49a3faec.jpg?version=2099", "mode": "libKikaListVideos", "_name": "ENE MENE BU"}, {"_type": "dir", "url": "http://itv.mit-xperts.com/kikamediathek/kika/api.php/videos/hbbtv/suche/hbbtv-search-100-hbbtv.json?serialProgram=e578e874-c858-4e10-bc81-bd820bac412f", "_name": "ERDE AN ZUKUNFT", "mode": "libKikaListVideos", "_plot": "Die Kinder von heute sind Erwachsene von morgen. Gerade deshalb wollen und sollen sie die Zukunft mitgestalten. Und zwar nachhaltig! Doch nur mit dem n\u00f6tigen Hintergrundwissen bist du dazu auch in der Lage. Dabei unterst\u00fctzt dich ERDE AN ZUKUNFT. Denn nur, wer informiert ist, kann auch etwas tun.", "_thumb": "http://www.kika.de/erde-an-zukunft/bilder/pressefoto108_h-218_v-tsmall169_w-388_zc-49a3faec.jpg?version=4250"}, {"_type": "dir", "url": "http://itv.mit-xperts.com/kikamediathek/kika/api.php/videos/hbbtv/suche/hbbtv-search-100-hbbtv.json?serialProgram=37e49a70-c8a4-4ddf-87f9-e7364f98c1b6", "_name": "HipHorses - Du und dein Pferd", "mode": "libKikaListVideos", "_plot": "Pferde erleichtern und bereichern unseren Alltag. Mensch und Pferd haben eine besonderen Beziehung. Erlebe die ersten wackeligen Schritte eines Fohlens mit oder wenn die Natur hart zuschl\u00e4gt und fiebere mit, wenn Springreiterin Annika und ihr Pferd bei ihrem wichtigsten Wettkampf im richtigen Moment vollen Einsatz zeigen m\u00fcssen. Nebenbei gibt es spannendes Pferdewissen von Pferde-Expertin Nina Eichinger.", "_thumb": "http://www.kika.de/hiphorses/bilder/bild158196_h-218_v-tsmall169_w-388_zc-49a3faec.jpg?version=34392"}, {"_type": "dir", "url": "http://itv.mit-xperts.com/kikamediathek/kika/api.php/videos/hbbtv/suche/hbbtv-search-100-hbbtv.json?serialProgram=cf191cb8-b057-44cb-9622-ba7af2746257", "_name": "Insectibles", "mode": "libKikaListVideos", "_plot": "Seine Sommerferien hatte sich der zw\u00f6lfj\u00e4hrige Zak ganz anders vorgestellt. Anstatt mit seinem Gro\u00dfvater, einem Amateur-Erfinder, rostige Schrauben im Gartenschuppen zu sortieren, ger\u00e4t er in ein Abenteuer. Aus Versehen aktiviert Zak die neueste Erfindung des Gro\u00dfvaters, den \"Mikronator\", der die beiden nach einer Explosion auf Insektengr\u00f6\u00dfe schrumpfen l\u00e4sst.", "_thumb": "http://www.kika.de/insectibles/bilder/insectibles124_h-218_v-tsmall169_w-388_zc-49a3faec.jpg?version=1505"}, {"_type": "dir", "url": "http://itv.mit-xperts.com/kikamediathek/kika/api.php/videos/hbbtv/suche/hbbtv-search-100-hbbtv.json?serialProgram=d8a9094a-2a24-455c-995c-cbae78532d17", "_name": "KiKA LIVE", "mode": "libKikaListVideos", "_plot": "Jess und Ben sind f\u00fcr dich unterwegs und sp\u00fcren die neusten Trends in den Bereichen Mode, Musik und Lifestyle auf. Sie treffen Stars und berichten \u00fcber alles, was dich interessiert. In den KiKA LIVE-Shows erwarten dich tolle Kandidaten und ungew\u00f6hnliche Herausforderungen.", "_thumb": "http://www.kika.de/kika-live/bilder/bild130286_h-218_v-tsmall169_w-388_zc-49a3faec.jpg?version=23301"}, {"_type": "dir", "url": "http://itv.mit-xperts.com/kikamediathek/kika/api.php/videos/hbbtv/suche/hbbtv-search-100-hbbtv.json?serialProgram=ebb32e6f-511f-450d-9519-5cbf50d4b546", "_name": "KiKANiNCHEN", "mode": "libKikaListVideos", "_plot": "Jeder KiKANiNCHEN-Tag bringt tolle \u00dcberraschungen: Kikaninchen erlebt mit seinen Freunden fantasievolle Abenteuer. Gemeinsam singen, spielen und tanzen sie.", "_thumb": "http://www.kika.de/kikaninchen/bilder/bild74500_h-218_v-tsmall169_w-388_zc-49a3faec.jpg?version=55103"}, {"_type": "dir", "url": "http://itv.mit-xperts.com/kikamediathek/kika/api.php/videos/hbbtv/suche/hbbtv-search-100-hbbtv.json?serialProgram=f5321512-0a9f-4c2c-b14c-b7dd28714eda", "_name": "Knietzsche", "mode": "libKikaListVideos", "_plot": "Die Welt ist voll mit R\u00e4tseln und Fragen. Was ist gerecht? Ist eine L\u00fcge manchmal besser als die Wahrheit? Wer ist eigentlich Ich? Knietzsche, der kleinste Philosoph der Welt, findet als staunender Beobachter Antworten auf die gro\u00dfen Fragen des Lebens, mal witzig, mal tr\u00f6stlich, aber immer schlau und nie endg\u00fcltig.", "_thumb": "http://www.kika.de/knietzsche/sendungen/bilder/bild160274_h-218_v-tsmall169_w-388_zc-49a3faec.jpg?version=4461"}, {"_type": "dir", "url": "http://itv.mit-xperts.com/kikamediathek/kika/api.php/videos/hbbtv/suche/hbbtv-search-100-hbbtv.json?serialProgram=5acaefbd-1bbc-4ff5-8dd7-8a06e9d7929f", "_name": "KUMMERKASTEN", "mode": "libKikaListVideos", "_plot": "Die Pubert\u00e4t ist eine aufregende, aber oft auch schwierige Zeit: Der K\u00f6rper ver\u00e4ndert sich, die Gef\u00fchle fahren Karussell und auch mit den Eltern und Geschwistern gibt es \u00f6fter mal Stress. Kurz: Das ganze Leben wird irgendwie immer komplizierter. Gut, dass es den KUMMERKASTEN gibt.", "_thumb": "http://www.kika.de/kummerkasten/bilder/bild158274_h-218_v-tsmall169_w-388_zc-49a3faec.jpg?version=14622"}, {"_type": "dir", "url": "http://itv.mit-xperts.com/kikamediathek/kika/api.php/videos/hbbtv/suche/hbbtv-search-100-hbbtv.json?serialProgram=3e0e69ae-dadb-40c1-afd3-34e056a3ec71", "_name": "motzgurke.tv", "mode": "libKikaListVideos", "_plot": "Die Tigerenten-Reporter Meike, Charlotte und Dean gehen heiklen Fragen zu einem Thema nach. Dabei erleben sie spannende Selbstversuche, machen verr\u00fcckte Experimente und entdecken lustige Geschichten. Die Clique hat sich dazu in einer Garage ein Studio eingerichtet. Regelm\u00e4\u00dfig dringt dort der griesgr\u00e4mige Hausmeister, genannt Motzgurke, ein. Motzgurke prahlt dabei h\u00e4ufig mit gef\u00e4hrlichem Halbwissen.", "_thumb": "http://www.kika.de/motzgurketv/bilder/bild129594_h-218_v-tsmall169_w-388_zc-49a3faec.jpg?version=17721"}, {"_type": "dir", "url": "http://itv.mit-xperts.com/kikamediathek/kika/api.php/videos/hbbtv/suche/hbbtv-search-100-hbbtv.json?serialProgram=1e3719bb-fde7-4521-9707-3dd0d1dfab10", "_name": "Mouk, der Weltreiseb\u00e4r", "mode": "libKikaListVideos", "_plot": "Mouk und Chavapa erkunden mit ihrem Fahrrad die ganze Welt, egal ob Antarktis, Afrika, Indien oder China. Auf ihrer Reise lernen sie viel Neues kennen. Dabei machen sie in den unterschiedlichen L\u00e4ndern halt und lernen andere Kulturen kennen. Sie treffen neue Freunde und werden selbst zu Entdeckern.", "_thumb": "http://www.kika.de/mouk-der-weltreisebaer/sendungen/bilder/bild138856_h-218_v-tsmall169_w-388_zc-49a3faec.jpg?version=49577"}, {"_type": "dir", "url": "http://itv.mit-xperts.com/kikamediathek/kika/api.php/videos/hbbtv/suche/hbbtv-search-100-hbbtv.json?serialProgram=1b4cc2b0-6920-492b-a14d-6fdb935c9799", "_name": "neuneinhalb", "mode": "libKikaListVideos", "_plot": "neuneinhalb ist jeden Sonntag deine aktuelle Sendung bei KiKA und im Netz. Warum sind keine Erdbeeren im Erdbeerjogurt? Wer sch\u00fctzt uns vor Terroranschl\u00e4gen? Wie kann ich Snowboard fahren ohne die Alpen zu zerst\u00f6ren? Darf ich H\u00fchnchen aus Massentierhaltung essen? In neuneinhalb Minuten bringen deine neuneinhalb Reporter Themen aus Gesellschaft und Politik auf den Punkt und suchen Antworten auf deine Fragen. ", "_thumb": "http://www.kika.de/neuneinhalb/bilder/neuneinhalb100_h-218_v-tsmall169_w-388_zc-49a3faec.jpg?version=13320"}, {"_type": "dir", "url": "http://itv.mit-xperts.com/kikamediathek/kika/api.php/videos/hbbtv/suche/hbbtv-search-100-hbbtv.json?serialProgram=9bc9791f-7470-45e9-b7cf-b140cdc72ca6", "_name": "Oscar, der Ballonfahrer", "mode": "libKikaListVideos", "_plot": "Oscar, ein neugieriger kleiner Wissenschaftler f\u00e4hrt mit seinem Freund Kalli im Hei\u00dfluftballon um die Welt. Sie entdecken dabei die Wunder der Natur.", "_thumb": "http://www.kika.de/oscar-der-ballonfahrer/bilder/bild140614_h-218_v-tsmall169_w-388_zc-49a3faec.jpg?version=4927"}, {"_type": "dir", "url": "http://itv.mit-xperts.com/kikamediathek/kika/api.php/videos/hbbtv/suche/hbbtv-search-100-hbbtv.json?serialProgram=c07d6464-92b2-4508-9441-71efb9b6d7a0", "_name": "Piets irre Pleiten", "mode": "libKikaListVideos", "_plot": "Piet Palme ist vierzehn, und das Leben ist alles andere als einfach. Jedoch besitzt Piet einen Notizblock, auf den er zeichnen kann, was er sich w\u00fcnscht. Keine zwei Sekunden sp\u00e4ter ist aus der Zeichnung Wirklichkeit geworden! Bl\u00f6d ist nur, dass auf kurz oder lang, die Erf\u00fcllung der W\u00fcnsche eine Kehrseite hat. Das Ende vom Lied ist stets eine irre Pleite!", "_thumb": "http://www.kika.de/piets-irre-pleiten/bilder/bild129614_h-218_v-tsmall169_w-388_zc-49a3faec.jpg?version=43612"}, {"_type": "dir", "url": "http://itv.mit-xperts.com/kikamediathek/kika/api.php/respekt-fuer-meine-rechte/videos102-hbbtv.json", "_name": "Respekt f\u00fcr meine Rechte!", "mode": "libKikaListVideos", "_plot": "Schau dir folgende Sendungen und Videos zum Thema Kinderrechte an!", "_thumb": "http://www.kika.de/respekt-fuer-meine-rechte/bilder/kids-teaser100_h-218_v-tsmall169_w-388_zc-49a3faec.jpg?version=14983"}, {"_type": "dir", "url": "http://itv.mit-xperts.com/kikamediathek/kika/api.php/videos/hbbtv/suche/hbbtv-search-100-hbbtv.json?serialProgram=1698ad71-3942-4d8a-955f-04b17fe0f1f9", "_name": "Rocket & Ich", "mode": "libKikaListVideos", "_plot": "Das Leben des elfj\u00e4hrigen Vinnie Q \u00e4ndert sich schlagartig, als er von seinem Vater, dem Erfinder Professor Q, ein besonderes Geschenk zu seinem Geburtstag bekommt: Eine Rakete. Nicht irgendeine Rakete. Seine Rakete kann sprechen, Quadratwurzeln ziehen, Burger toasten und durchs All d\u00fcsen. Vinnie nennt seine Rakete Rocket. Beide werden beste Freunde.", "_thumb": "http://www.kika.de/rocket-ich/bilder/bild60808_h-218_v-tsmall169_w-388_zc-49a3faec.jpg?version=39789"}, {"_type": "dir", "url": "http://itv.mit-xperts.com/kikamediathek/kika/api.php/videos/hbbtv/suche/hbbtv-search-100-hbbtv.json?serialProgram=4f32fafc-48a4-4eba-be64-9ca288a6be70", "_name": "Schau in meine Welt!", "mode": "libKikaListVideos", "_plot": "Die Doku-Reihe \"Schau in meine Welt!\" ist eine Einladung und zugleich die Eintrittskarte in Welten von anderen Kindern, die du bislang sicher noch nicht kanntest. So bekommst du Einblicke in andere Lebenswelten. Die Doku-Reihe zeigt, dass Kinder sehr unterschiedliche Geschichten zu erz\u00e4hlen haben, dabei jedoch viel gemeinsam haben.", "_thumb": "http://www.kika.de/schau-in-meine-welt/sendungen/bilder/bild129716_h-218_v-tsmall169_w-388_zc-49a3faec.jpg?version=43971"}, {"_type": "dir", "url": "http://itv.mit-xperts.com/kikamediathek/kika/api.php/videos/hbbtv/suche/hbbtv-search-100-hbbtv.json?serialProgram=bb0adba0-4411-4173-b4b9-7218f220521c", "_name": "Schloss Einstein", "mode": "libKikaListVideos", "_plot": "Im Dorf Seelitz nahe Potsdam gr\u00fcndet Dr. Emanuel Stollberg in einem alten Schlossgeb\u00e4ude eine Privatschule: das Albert-Einstein-Gymnasium, Internat Schloss Seelitz. Von den Sch\u00fclern wird ihr Zuhause kurz Schloss Einstein genannt. Sp\u00e4ter wechselt Hausmeister Pasulke an das Erfurter Albert-Einstein-Gymnasium, an das Lehrer Lachmann und Berger ebenfalls versetzt werden. Erfurt ist seit dieser Zeit die Heimat von Schloss Einstein.", "_thumb": "http://www.kika.de/schloss-einstein/bilder/bild129718_h-218_v-tsmall169_w-388_zc-49a3faec.jpg?version=40801"}, {"_type": "dir", "url": "http://itv.mit-xperts.com/kikamediathek/kika/api.php/videos/hbbtv/suche/hbbtv-search-100-hbbtv.json?serialProgram=3eaf4d2d-0f8c-4627-a21b-a0148c691f1a", "_name": "Schmatzo - Der Koch-Kids-Club", "mode": "libKikaListVideos", "_plot": "Von der Minipizza \u00fcber Eistee bis hin zu Gem\u00fcsespie\u00dfen. Jetzt d\u00fcrfen Kinder an den Herd und gemeinsam mit Szenekoch Alexander Kumptner den Kochl\u00f6ffel schwingen. Gemeinsam ausw\u00e4hlen, kochen und genie\u00dfen lautet das Motto. Dazu gibt es interessante Informationen rund um die Themen Kochen, gesunde Ern\u00e4hrung und den bewussten Umgang mit Lebensmitteln.", "_thumb": "http://www.kika.de/schmatzo-der-koch-kids-club/bilder/logo_schmatzo100_h-218_v-tsmall169_w-388_zc-49a3faec.jpg?version=32184"}, {"_type": "dir", "url": "http://itv.mit-xperts.com/kikamediathek/kika/api.php/videos/hbbtv/suche/hbbtv-search-100-hbbtv.json?serialProgram=14257a4d-0f36-49f9-a428-8b757dfbda85", "_name": "Schnitzeljagd - Mit Christus um die Welt", "mode": "libKikaListVideos", "_plot": "Was erwartet Ben bei seiner neuen Schnitzeljagd auf der Suche nach dem Geheimnis des Christentums? Die erste \u00dcberraschung: er bekommt Konkurrenz.  Jungreporterin Amy fordert Ben  heraus. ", "_thumb": "http://www.kika.de/schnitzeljagd-mit-christus-um-die-welt/bilder/bild160430_h-218_v-tsmall169_w-388_zc-49a3faec.jpg?version=23406"}, {"_type": "dir", "url": "http://itv.mit-xperts.com/kikamediathek/kika/api.php/videos/hbbtv/suche/hbbtv-search-100-hbbtv.json?serialProgram=4eaea395-5f17-4bf8-b181-4a80eb0f8098", "_name": "Schnitzeljagd bei den alten Griechen", "mode": "libKikaListVideos", "_plot": "Ben ist in der griechischen Geschichte unterwegs. Unterst\u00fctzt wird er dabei von zwei Kindern, die ihm R\u00e4tsel stellen und manchmal auch absichtlich in die Irre f\u00fchren. ", "_thumb": "http://www.kika.de/schnitzeljagd-bei-den-alten-griechen/bilder/bild129376_h-218_v-tsmall169_w-388_zc-49a3faec.jpg?version=21597"}, {"_type": "dir", "url": "http://itv.mit-xperts.com/kikamediathek/kika/api.php/videos/hbbtv/suche/hbbtv-search-100-hbbtv.json?serialProgram=fe448c48-1978-49be-a191-eaea39178a79", "_name": "Schnitzeljagd in der T\u00fcrkei", "mode": "libKikaListVideos", "_plot": "Drei Berliner Kinder mit t\u00fcrkischem Hintergrund schicken Ben in das Heimatland ihrer Gro\u00dfeltern. Dort hat er vier Tage Zeit, das Geheimnis der T\u00fcrkei zu l\u00fcften! ", "_thumb": "http://www.kika.de/schnitzeljagd-durch-die-tuerkei/sendungen/bilder/bild129378_h-218_v-tsmall169_w-388_zc-49a3faec.jpg?version=2490"}, {"_type": "dir", "url": "http://itv.mit-xperts.com/kikamediathek/kika/api.php/videos/hbbtv/suche/hbbtv-search-100-hbbtv.json?serialProgram=28150135-d588-4eed-b80d-0196aa539dc4", "_name": "Schnitzeljagd im Heiligen Land", "mode": "libKikaListVideos", "_plot": "Gemeinsam mit einem j\u00fcdischen, einem muslimischen und einem christlichen Kind sucht Moderator Ben im Heiligen Land nach Gott. ", "_thumb": "http://www.kika.de/schnitzeljagd-im-heiligen-land/extras/ben-vorm-tempelberg-und-felsendom-goldene-kuppel-_kika-huff-leistner100_h-218_v-tsmall169_w-388_zc-49a3faec.jpg?version=0870"}, {"url": "http://itv.mit-xperts.com/kikamediathek/kika/api.php/videos/hbbtv/suche/hbbtv-search-100-hbbtv.json?serialProgram=3e3e70b3-62a2-40cb-856d-a46d3e210e9c", "_type": "dir", "_thumb": "http://www.kika.de/sesamstrasse/bilder/bild130338_h-218_v-tsmall169_w-388_zc-49a3faec.jpg?version=35291", "mode": "libKikaListVideos", "_name": "Sesamstra\u00dfe"}, {"_type": "dir", "url": "http://itv.mit-xperts.com/kikamediathek/kika/api.php/videos/hbbtv/suche/hbbtv-search-100-hbbtv.json?serialProgram=ed73dd4e-739e-44bb-a372-cc4b899cfe1c", "_name": "SHERLOCK YACK - Der Zoodetektiv", "mode": "libKikaListVideos", "_plot": "Sherlock Yack arbeitet im Zoo als Detektiv. Der gem\u00e4chliche Yack ist bekannt f\u00fcr seinen untr\u00fcglichen Scharfsinn. Unterst\u00fctzt wird er von seiner wuseligen Assistentin Hermione, einem Wiesel. Am Ende fasst Sherlock Yack alle Indizien zusammen, beweist die Unschuld der Unschuldigen, entlarvt den \u00dcbelt\u00e4ter und l\u00e4sst sich eine gerechte Strafe einfallen. ", "_thumb": "http://www.kika.de/sherlock-yack-der-zoodetektiv/bilder/bild96058_h-218_v-tsmall169_w-388_zc-49a3faec.jpg?version=23936"}, {"_type": "dir", "url": "http://itv.mit-xperts.com/kikamediathek/kika/api.php/videos/hbbtv/suche/hbbtv-search-100-hbbtv.json?serialProgram=d22caa0b-aab5-49a3-8cf1-15d73220e09c", "_name": "SingAlarm", "mode": "libKikaListVideos", "_plot": "Moderatorin Singa G\u00e4tgens l\u00e4dt beim SingAlarm zum Mitsingen ein. Hier kannst du, mit Hilfe eingeblendeter Texte, die Lieder mitsingen. Dabei sind neben dem Co-Moderator SingDing auch G\u00e4ste aus der Musikszene dabei: Volker Rosin, die Darsteller des Yakari-Musicals oder die Wise Guys singen \u00fcber Freundschaft, Ritter, den Dschungel und vieles mehr.", "_thumb": "http://www.kika.de/singalarm/bilder/singalarm-logo100_h-218_v-tsmall169_w-388_zc-49a3faec.png?version=14228"}, {"url": "http://itv.mit-xperts.com/kikamediathek/kika/api.php/sonntagsmaerchen/allevideossonntagsmaerchen100-hbbtv.json", "_type": "dir", "_thumb": "http://www.kika.de/sonntagsmaerchen/bilder/sonntagsmaerchen_logo100_h-218_v-tsmall169_w-388_zc-49a3faec.jpg?version=40573", "mode": "libKikaListVideos", "_name": "Sonntagsm\u00e4rchen"}, {"_type": "dir", "url": "http://itv.mit-xperts.com/kikamediathek/kika/api.php/videos/hbbtv/suche/hbbtv-search-100-hbbtv.json?serialProgram=fe2da74d-bd5d-417c-b031-72c004fb1f49", "_name": "Super Wings", "mode": "libKikaListVideos", "_plot": "Der immer fr\u00f6hliche Jett ist das beste und schnellste D\u00fcsenflugzeug der Welt. Jeden Tag liefert Jett Kindern in aller Welt Pakete aus. Den Auftrag und erste Informationen zu Lieferung und Flugziel erh\u00e4lt Jett von Fluglotse Roger. Schon geht es los. Doch mit jeder Lieferung st\u00f6\u00dft Jett auf eine neue Herausforderung, die es zu meistern gilt. Dabei braucht er immer wieder die Hilfe der Super Wings, seiner besten Freunde.", "_thumb": "http://www.kika.de/super-wings/bilder/bild163218_h-218_v-tsmall169_w-388_zc-49a3faec.jpg?version=7358"}, {"_type": "dir", "url": "http://itv.mit-xperts.com/kikamediathek/kika/api.php/videos/hbbtv/suche/hbbtv-search-100-hbbtv.json?serialProgram=2efdf8f9-fe86-4864-b6d6-528d3c0987fe", "_name": "TanzAlarm", "mode": "libKikaListVideos", "_plot": "Jetzt tanzt der TanzTapir beim KiKA-TanzAlarm! Und nicht nur der gro\u00dfe kuschelige Tapir mit dem lustigen R\u00fcssel ist neu dabei. Die neuen TanzAlarm-Kids Hannah, K\u00e4the, Larissa und Luna geh\u00f6ren auch dazu.", "_thumb": "http://www.kika.de/tanzalarm/tanz-alarm100_h-218_v-tsmall169_w-388_zc-49a3faec.jpg?version=36174"}, {"_type": "dir", "url": "http://itv.mit-xperts.com/kikamediathek/kika/api.php/videos/hbbtv/suche/hbbtv-search-100-hbbtv.json?serialProgram=79f6ebb9-5924-41b5-a551-7855b6351d01", "_name": "Tilda Apfelkern", "mode": "libKikaListVideos", "_plot": "Tilda Apfelkern, die kleine holunderbl\u00fctenwei\u00dfe Kirchenmaus, liebt ihre Freunde, k\u00f6stliches Essen und gem\u00fctliche Picknicke. Jeder Tag ist wunderbar in dem kleinen Dorf, das herrlich zwischen H\u00fcgeln liegt und wo kleine und gro\u00dfe Abenteuer auf seine Bewohner warten.", "_thumb": "http://www.kika.de/tilda-apfelkern/bilder/bild160758_h-218_v-tsmall169_w-388_zc-49a3faec.jpg?version=1146"}, {"_type": "dir", "url": "http://itv.mit-xperts.com/kikamediathek/kika/api.php/videos/hbbtv/suche/hbbtv-search-100-hbbtv.json?serialProgram=60b8d9eb-939e-408d-b7bd-1bb87add69c5", "_name": "Timster", "mode": "libKikaListVideos", "_plot": "Timster ist das neue Medienmagazin von KiKA. Hier erf\u00e4hrst du mehr dar\u00fcber, wie Medien gemacht werden. Du lernst neue Apps, B\u00fccher und Filme kennen. Moderator Tim stellt dir Spannendes aus dem Internet vor und testet neue Spiele. In seiner Werkstatt ist Tim immer f\u00fcr dich zu erreichen. Du kannst mit ihm zusammen neue Ideen ausprobieren und lernst selbst kritisch mit Medien umzugehen.", "_thumb": "http://www.kika.de/timster/bilder/teaser-timster-allgemein100_h-218_v-tsmall169_w-388_zc-49a3faec.jpg?version=39729"}, {"_type": "dir", "url": "http://itv.mit-xperts.com/kikamediathek/kika/api.php/videos/hbbtv/suche/hbbtv-search-100-hbbtv.json?serialProgram=76b3b269-0a04-4835-82ff-ad484ae36fdd", "_name": "Trio - Cyber-Gold", "mode": "libKikaListVideos", "_plot": "Ein Erpresservideo setzt die norwegische Regierung unter Druck: ein Hacker namens Ramrun fordert, dass ein hoher Geldbetrag auf ein bestimmtes Konto \u00fcberwiesen wird, andernfalls droht er mit Konsequenzen f\u00fcr ganz Norwegen. Das ganze Land h\u00e4lt den Atem an und wartet, was passieren wird. Der Hacker hat es auf die kompletten digitalen Daten, das \"Cyber-Gold\", abgesehen. TRIO muss den Kampf gegen die Verbrecher ganz allein aufnehmen. ", "_thumb": "http://www.kika.de/trio-cyber-gold/bilder/bild143816_h-218_v-tsmall169_w-388_zc-49a3faec.jpg?version=3829"}, {"_type": "dir", "url": "http://itv.mit-xperts.com/kikamediathek/kika/api.php/videos/hbbtv/suche/hbbtv-search-100-hbbtv.json?serialProgram=33ca1934-b6c6-43af-9891-b9dfc69f174e", "_name": "Trio - Odins Gold", "mode": "libKikaListVideos", "_plot": "Nora, Simon und Lars sind Schulfreunde und leben in Skjak, einer d\u00fcnn besiedelten Fjordlandschaft im Norden Norwegens. Lars ist gel\u00e4hmt. Er hat eine Leidenschaft f\u00fcr Computer und Geschichte. Simon ist hyperaktiv und versucht Lars an allem teilhaben zu lassen. Die sportliche Nora, Enkelin des Hauptkommissars, zieht neu in das Dorf. Simon schwankt pl\u00f6tzlich zwischen kumpelhafter Bewunderung und Verliebtheit.", "_thumb": "http://www.kika.de/trio-odins-gold/sendungen/bilder/bild130646_h-218_v-tsmall169_w-388_zc-49a3faec.jpg?version=17360"}, {"url": "http://itv.mit-xperts.com/kikamediathek/kika/api.php/videos/hbbtv/suche/hbbtv-search-100-hbbtv.json?serialProgram=41c8d53b-f37f-4617-bcbe-086805700924", "_type": "dir", "_thumb": "http://www.kika.de/unser-sandmaennchen/sendungen/bilder/bild129754_h-218_v-tsmall169_w-388_zc-49a3faec.jpg?version=42667", "mode": "libKikaListVideos", "_name": "Unser Sandm\u00e4nnchen"}, {"_type": "dir", "url": "http://itv.mit-xperts.com/kikamediathek/kika/api.php/videos/hbbtv/suche/hbbtv-search-100-hbbtv.json?serialProgram=42e35cec-769c-49da-821a-de955b98b6d0", "_name": "verknallt & abgedreht", "mode": "libKikaListVideos", "_plot": "Filme \u00fcber die erste Liebe drehen, ein cooles Loft mitten im Berliner Gro\u00dfstadtdschungel bewohnen und jede Menge Promis - Das und vieles mehr erleben Lili, Tim, Mina, Hannes, Alina, Yusuf. ", "_thumb": "http://www.kika.de/verknallt-abgedreht/verknallundabgedreht102_h-218_v-tsmall169_w-388_zc-49a3faec.jpg?version=4304"}, {"url": "http://itv.mit-xperts.com/kikamediathek/kika/api.php/sendungen/einzelsendungen/weihnachtsprogramm/buendelgruppe-allevideosweihnachten102-hbbtv.json", "_type": "dir", "mode": "libKikaListVideos", "_name": "Weihnachtsprogramm"}, {"_type": "dir", "url": "http://itv.mit-xperts.com/kikamediathek/kika/api.php/videos/hbbtv/suche/hbbtv-search-100-hbbtv.json?serialProgram=0aec7e37-9322-4b4e-a445-e106f0938b70", "_name": "Wissen macht Ah!", "mode": "libKikaListVideos", "_plot": "Wissen ist keine Schande, finden Shary und Ralph, und sorgen f\u00fcr f\u00fcnffachen Wissenszuwachs: f\u00fcnf Fragen, f\u00fcnf Antworten, f\u00fcnf Ah(a)-Erlebnisse. ", "_thumb": "http://www.kika.de/wissen-macht-ah/bilder/bild129768_h-218_v-tsmall169_w-388_zc-49a3faec.jpg?version=37511"}, {"_type": "dir", "url": "http://itv.mit-xperts.com/kikamediathek/kika/api.php/videos/hbbtv/suche/hbbtv-search-100-hbbtv.json?serialProgram=995074c6-0c87-42dc-9dfb-90d886e5f2d2", "_name": "Zo\u00e9s Zauberschrank", "mode": "libKikaListVideos", "_plot": "Ein Kleiderschrank steckt manchmal voller \u00dcberraschungen! Vor allem dann, wenn es ein Zauberschrank ist. ", "_thumb": "http://www.kika.de/zoes-zauberschrank/bilder/bild129776_h-218_v-tsmall169_w-388_zc-49a3faec.jpg?version=1164"}], "cachetime": "TODO cachetime", "scriptname": "libKika", "scriptpath": "script.module.libkika", "ttl": "TODO ttl", "channel": "KIKA"}