{"list": [{"_entries": "1", "_type": "dir", "url": "http://hbbtv.sr-mediathek.de/inc/sendungJSON.php?sid=KS", "_name": "kulturspiegel", "mode": "libSrListVideos", "_plot": "Der \"kulturspiegel\" informiert \u00fcber die Kulturszene im Saarland, aber auch in Lothringen und in Luxemburg.", "_thumb": "http://sr-mediathek.de/img/sendungen/KS~_v-sr_169_600.jpg"}, {"_entries": "18", "_type": "dir", "url": "http://hbbtv.sr-mediathek.de/inc/sendungJSON.php?sid=MA", "_name": "mag's", "mode": "libSrListVideos", "_plot": "Ein Magazin, das sich w\u00f6chentlich mit Aktuellem und Hintergr\u00fcndigem aus dem Saarland befasst: das ist mag's.", "_thumb": "http://sr-mediathek.de/img/sendungen/MA~_v-sr_169_600.jpg"}, {"_entries": "22", "_type": "dir", "url": "http://hbbtv.sr-mediathek.de/inc/sendungJSON.php?sid=MT", "_name": "Meine Traumreise", "mode": "libSrListVideos", "_plot": "Die 30-Minuten-Dokumentationen und - Reportagen portr\u00e4tieren Menschen, die sich einen Reisetraum erf\u00fcllen und begleiten sie auf ihrer Reise.", "_thumb": "http://sr-mediathek.de/img/sendungen/MT~_v-sr_169_600.jpg"}, {"_entries": "17", "_type": "dir", "url": "http://hbbtv.sr-mediathek.de/inc/sendungJSON.php?sid=MHAH", "_name": "Mit Herz am Herd", "mode": "libSrListVideos", "_plot": "Keine Angst vorm Kochen hat die fr\u00f6hliche Truppe um Sternekoch Cliff H\u00e4mmerle. Simin, Sabine, Max und Michael stehen \"Mit Herz am Herd\" und bereiten Gerichte zu, die Lust auf regionale K\u00fcche machen.", "_thumb": "http://sr-mediathek.de/img/sendungen/MHAH~_v-sr_169_600.jpg"}, {"_entries": "25", "_type": "dir", "url": "http://hbbtv.sr-mediathek.de/inc/sendungJSON.php?sid=MA-WIMS", "_name": "Wir im Saarland - Das Magazin", "mode": "libSrListVideos", "_plot": "Ein Magazin, das sich w\u00f6chentlich mit Aktuellem und Hintergr\u00fcndigem aus dem Saarland befasst: das ist \"Wir im Saarland - Das Magazin\". Die Themen: Von Politik \u00fcber Gesellschaft bis Wirtschaft. Das Markenzeichen: Berichte aus dem Blickwinkel des Zuschauers, konkret statt abstrakt, aus der N\u00e4he statt aus der Ferne. Vor-Ort-Reportagen geh\u00f6ren ebenso dazu wie Studiog\u00e4ste oder das \"Bunt-Unterhaltsam-Skurrile\".", "_thumb": "http://sr-mediathek.de/img/sendungen/MA-WIMS~_v-sr_169_600.jpg"}, {"_entries": "4", "_type": "dir", "url": "http://hbbtv.sr-mediathek.de/inc/sendungJSON.php?sid=RE-WIMS", "_name": "Wir im Saarland - Die Reportage", "mode": "libSrListVideos", "_plot": "An jedem 1. Freitag  im Monat berichten Videoreporter des Saarl\u00e4ndischen Rundfunks mitten aus dem Leben: Sie begleiten Menschen, die Schicksalsschl\u00e4ge meistern oder heimliche Helden des Alltags sind; sie besuchen Orte, die etwas ganz Besonderes bieten oder entdecken verborgene Sensationen am Stra\u00dfenrand.  Eine halbe Stunde \u0084echtes\u0093 Saarland \u0096 nah und authentisch...", "_thumb": "http://sr-mediathek.de/img/sendungen/RE-WIMS~_v-sr_169_600.jpg"}, {"_entries": "23", "_type": "dir", "url": "http://hbbtv.sr-mediathek.de/inc/sendungJSON.php?sid=GL-WIMS", "_name": "Wir im Saarland - Grenzenlos", "mode": "libSrListVideos", "_plot": "Saarl\u00e4nder sagen von ihrem Land gern, dass es im Herzen Europas liegt. Also so richtig mittendrin. Das ist nicht von der Hand zu weisen. \"Wir im Saarland \u2013Grenzenlos\" schaut aus dieser Mitte ringsherum zu den Nachbarn und erz\u00e4hlt in der Nachfolge von \"SaarLorL\u00fcx\" spannende, kontroverse, augenzwinkernde, nachdenkliche oder einladende Geschichten von nebenan. Das aber k\u00fcnftig nicht mehr nur zwei Mal im Monat, sondern jeden Montag!", "_thumb": "http://sr-mediathek.de/img/sendungen/GL-WIMS~_v-sr_169_600.jpg"}, {"_entries": "5", "_type": "dir", "url": "http://hbbtv.sr-mediathek.de/inc/sendungJSON.php?sid=KU-WIMS", "_name": "Wir im Saarland - Kultur", "mode": "libSrListVideos", "_plot": "Wir im Saarland - Kultur informiert w\u00f6chentlich \u00fcber die Kulturszene im Saarland, aber auch in Lothringen und in Luxemburg.", "_thumb": "http://sr-mediathek.de/img/sendungen/KU-WIMS~_v-sr_169_600.jpg"}, {"_entries": "65", "_type": "dir", "url": "http://hbbtv.sr-mediathek.de/inc/sendungJSON.php?sid=WIMS", "_name": "Wir im Saarland - Saar nur!", "mode": "libSrListVideos", "_plot": "\"Saar nur!\" soll Gespr\u00e4chsstoff liefern, soll Anregungen geben, soll Staunen ausl\u00f6sen und ins Wochenende begleiten.", "_thumb": "http://sr-mediathek.de/img/sendungen/WIMS~_v-sr_169_600.jpg"}, {"_entries": "82", "_type": "dir", "url": "http://hbbtv.sr-mediathek.de/inc/sendungJSON.php?sid=SE-WIMS", "_name": "Wir im Saarland - Service", "mode": "libSrListVideos", "_plot": "WIMS Service ist das Wirtschafts- und Verbrauchermagazin im SR Fernsehen. Wir bieten jede Woche 30 Minuten Tipps und Infos rund um das t\u00e4gliche Leben. Im Fokus: Ideen und Geschichten, Trends und Tests und Themen, die auf Anregungen unserer Zuschauerinnen und Zuschauer zur\u00fcckgehen - immer am Dienstag um 18.50 Uhr. Schwerpunkthemen u.a.: Geld, Gesundheit, Soziales, Recht, Wohnen, Energie, Ern\u00e4hrung, Umwelt, Verkehr und Technik - immer aus der Perspektive des Kunden betrachtet.", "_thumb": "http://sr-mediathek.de/img/sendungen/SE-WIMS~_v-sr_169_600.jpg"}, {"_entries": "8", "_type": "dir", "url": "http://hbbtv.sr-mediathek.de/inc/sendungJSON.php?sid=SAAR3", "_name": "SAAR3", "mode": "libSrListVideos", "_plot": "Alle zwei Wochen wird SAAR3 am Donnerstagabend um 20.15 Uhr die interessantesten und spannendsten Berichte der SR-Magazine senden. Daneben vertieft SAAR3 die Themen die im Vorabendprogramm angerissen wurden und setzt Schwerpunkte. SAAR3 versteht sich als journalistisches und hintergr\u00fcndiges Magazin.", "_thumb": "http://sr-mediathek.de/img/sendungen/SAAR3~_v-sr_169_600.jpg"}, {"_entries": "11", "_type": "dir", "url": "http://hbbtv.sr-mediathek.de/inc/sendungJSON.php?sid=SL", "_name": "SaarLorL\u00fcx", "mode": "libSrListVideos", "_plot": "In \"SaarLorL\u00fcx\" stehen die Menschen im Vordergrund, die in der Gro\u00dfregion zu Hause sind. Hier gibt es zwar keine Schlagb\u00e4ume und Zollh\u00e4user mehr. Dennoch sto\u00dfen die Menschen t\u00e4glich an andere Grenzen - unterschiedliche Wirtschafts-, Steuer-, Gesundheits- und Schulsysteme zum Beispiel. \u00c4rgerlich? - Meistens. Herausfordend? - Oft genug. Spannend? - Allemal!", "_thumb": "http://sr-mediathek.de/img/sendungen/SL~_v-sr_169_600.jpg"}, {"_entries": "10", "_type": "dir", "url": "http://hbbtv.sr-mediathek.de/inc/sendungJSON.php?sid=ST", "_name": "SAARTALK", "mode": "libSrListVideos", "_plot": "Im \"SAARTALK\" erwartet die G\u00e4ste mehr als nur eine gem\u00fctliche Plauderrunde: kontrovers, kompakt und kurzweilig soll es sein. Schlie\u00dflich gilt es, die Promis aus Politik und Gesellschaft in einer halben Stunde Sendezeit auf den Punkt zu befragen.", "_thumb": "http://sr-mediathek.de/img/sendungen/ST~_v-sr_169_600.jpg"}, {"_entries": "3", "_type": "dir", "url": "http://hbbtv.sr-mediathek.de/inc/sendungJSON.php?sid=STH", "_name": "SAARTHEMA", "mode": "libSrListVideos", "_plot": "Politik, Wirtschaft, Sport, Kultur, Geschichte, Unterhaltung \u2013 im SAARTHEMA zeigt das SR Fernsehen Dokumentationen, Reportagen und Fernsehfeatures zu unterschiedlichen regionalen Themen. Erg\u00e4nzt und vertieft durch einen kurzen Talk. Alles in 45 Minuten. Der kompakte Themenabend im SR Fernsehen.", "_thumb": "http://sr-mediathek.de/img/sendungen/STH~_v-sr_169_600.jpg"}, {"_entries": "9", "_type": "dir", "url": "http://hbbtv.sr-mediathek.de/inc/sendungJSON.php?sid=SE", "_name": "Sellemols", "mode": "libSrListVideos", "_plot": "Das Saarland einst und jetzt. Geschichte und Geschichten in alten Filmen und Erinnerungen von \"Dabeigewesenen\" - das ist \"Sellemols\".", "_thumb": "http://sr-mediathek.de/img/sendungen/SE~_v-sr_169_600.jpg"}, {"_entries": "81", "_type": "dir", "url": "http://hbbtv.sr-mediathek.de/inc/sendungJSON.php?sid=SA", "_name": "sportarena", "mode": "libSrListVideos", "_plot": "Die regionale Sportschau - Ein Querschnitt durch das saarl\u00e4ndische Sportgeschehen. Aktuelle Reportagen, Studiog\u00e4ste, Kurzfilme und Vereinsportraits bilden die Schwerpunkte der Sendung.", "_thumb": "http://sr-mediathek.de/img/sendungen/SA~_v-sr_169_600.jpg"}, {"_entries": "5", "_type": "dir", "url": "http://hbbtv.sr-mediathek.de/inc/sendungJSON.php?sid=AK16", "_name": "aktuell (16 Uhr)", "mode": "libSrListVideos", "_plot": "Mit \"saarland aktuell\" starten die Saarl\u00e4nderinnen und Saarl\u00e4nder in das Vorabendprogramm im SR Fernsehen. F\u00fcnf Minuten Nachrichten aus der Region informieren \u00fcber die aktuellen Themen des Tages.", "_thumb": "http://sr-mediathek.de/img/sendungen/AK16~_v-sr_169_600.jpg"}, {"_entries": "4", "_type": "dir", "url": "http://hbbtv.sr-mediathek.de/inc/sendungJSON.php?sid=AK17", "_name": "aktuell (17 Uhr)", "mode": "libSrListVideos", "_plot": "Mit \"saarland aktuell\" starten die Saarl\u00e4nderinnen und Saarl\u00e4nder in das Vorabendprogramm im SR Fernsehen. F\u00fcnf Minuten Nachrichten aus der Region informieren \u00fcber die aktuellen Themen des Tages.", "_thumb": "http://sr-mediathek.de/img/sendungen/AK17~_v-sr_169_600.jpg"}, {"_entries": "9", "_type": "dir", "url": "http://hbbtv.sr-mediathek.de/inc/sendungJSON.php?sid=AK18", "_name": "aktuell (18 Uhr)", "mode": "libSrListVideos", "_plot": "\"aktuell\" steht f\u00fcr regionale und \u00fcberregionale Information - kompakt. Ein Themenmix aus internationaler Politik und den Ereignissen des Tages in der Region.", "_thumb": "http://sr-mediathek.de/img/sendungen/AK18~_v-sr_169_600.jpg"}, {"_entries": "8", "_type": "dir", "url": "http://hbbtv.sr-mediathek.de/inc/sendungJSON.php?sid=AK21", "_name": "aktuell (21:45 Uhr)", "mode": "libSrListVideos", "_plot": "\"aktuell\" steht f\u00fcr regionale und \u00fcberregionale Information - kompakt. Ein Themenmix aus internationaler Politik und den Ereignissen des Tages in der Region. T\u00e4glich um 21:45 Uhr sowie sonntags um 22:05 Uhr.", "_thumb": "http://sr-mediathek.de/img/sendungen/AK21~_v-sr_169_600.jpg"}, {"_entries": "1", "_type": "dir", "url": "http://hbbtv.sr-mediathek.de/inc/sendungJSON.php?sid=AK100", "_name": "aktuell in 100 Sekunden", "mode": "libSrListVideos", "_plot": "Der Nachrichten\u00fcberblick in 100 Sekunden. Ein Themenmix aus internationaler Politik und den Ereignissen des Tages in der Region.", "_thumb": "http://sr-mediathek.de/img/sendungen/AK100~_v-sr_169_600.jpg"}, {"_entries": "356", "_type": "dir", "url": "http://hbbtv.sr-mediathek.de/inc/sendungJSON.php?sid=AB", "_name": "aktueller bericht", "mode": "libSrListVideos", "_plot": "Die regionale Tagesschau: Reporterberichte, Nachrichtenfilme und Meldungen zu den Geschehnissen in der Region.", "_thumb": "http://sr-mediathek.de/img/sendungen/AB~_v-sr_169_600.jpg"}, {"_entries": "51", "_type": "dir", "url": "http://hbbtv.sr-mediathek.de/inc/sendungJSON.php?sid=ACS", "_name": "aus christlicher sicht", "mode": "libSrListVideos", "_plot": "Ein Kommentar zum Zeitgeschehen, eine Meditation zu Passionsbildern, ein Film \u00fcber die Kinderfreizeit einer Pfarrgemeinde oder die Kunstaktion an einem Kirchturm: \"aus christlicher sicht\" berichtet dar\u00fcber, was Christen im Saarland bewegt und was sie auf die Beine stellen.", "_thumb": "http://sr-mediathek.de/img/sendungen/ACS~_v-sr_169_600.jpg"}, {"_entries": "4", "_type": "dir", "url": "http://hbbtv.sr-mediathek.de/inc/sendungJSON.php?sid=ZMANN", "_name": "2 Mann f\u00fcr alle G\u00e4nge", "mode": "libSrListVideos", "_plot": "Die Idee der Sendung ist es, regionale Landk\u00fcche in einem informativen und unterhaltsamen Fernsehformat erlebbar zu machen. Mit Harald R\u00fcssel als ausgezeichnetem Sternekoch und Manuel Andrack als seinem findigen Eink\u00e4ufer hei\u00dft unsere Losung: Ran an den Erzeuger!", "_thumb": "http://sr-mediathek.de/img/sendungen/ZMANN~_v-sr_169_600.jpg"}, {"_entries": "41", "_type": "dir", "url": "http://hbbtv.sr-mediathek.de/inc/sendungJSON.php?sid=BO", "_name": "bonus", "mode": "libSrListVideos", "_plot": "\"bonus\" ist das Service- und Verbrauchermagazin im SR Fernsehen. Die Sendung bietet 30 Minuten Tipps und Infos rund um das t\u00e4gliche Leben. Schwerpunktthemen sind unter anderem Geld, Recht, Wohnen, Energie, Gesundheit, Verkehr und Technik - immer aus der Perspektive des Kunden betrachtet.", "_thumb": "http://sr-mediathek.de/img/sendungen/BO~_v-sr_169_600.jpg"}, {"_entries": "25", "_type": "dir", "url": "http://hbbtv.sr-mediathek.de/inc/sendungJSON.php?sid=DWIH", "_name": "da will ich hin!", "mode": "libSrListVideos", "_plot": "", "_thumb": "http://sr-mediathek.de/img/sendungen/DWIH~_v-sr_169_600.jpg"}, {"_entries": "8", "_type": "dir", "url": "http://hbbtv.sr-mediathek.de/inc/sendungJSON.php?sid=SLW", "_name": "das saarlandwetter", "mode": "libSrListVideos", "_plot": "Regen oder Sonnenschein? Das SR Fernsehen informiert Sie von Montag bis Freitag um 18.45 Uhr ausf\u00fchrlich \u00fcber das Wetter der n\u00e4chsten Tage. Zus\u00e4tzlich gibt es viele Tipps passend zur Jahreszeit.", "_thumb": "http://sr-mediathek.de/img/sendungen/SLW~_v-sr_169_600.jpg"}, {"_entries": "49", "_type": "dir", "url": "http://hbbtv.sr-mediathek.de/inc/sendungJSON.php?sid=DAWO", "_name": "daten der woche", "mode": "libSrListVideos", "_plot": "\"daten der woche\" ist der Wochenr\u00fcckblick f\u00fcrs Saarland und f\u00fcr die Saar-Lor-Lux-Region mit dem Wichtigsten aus Politik, Wirtschaft, Kultur und Sport. Information kompakt.", "_thumb": "http://sr-mediathek.de/img/sendungen/DAWO~_v-sr_169_600.jpg"}, {"_entries": "11", "_type": "dir", "url": "http://hbbtv.sr-mediathek.de/inc/sendungJSON.php?sid=DD", "_name": "direkt dabei", "mode": "libSrListVideos", "_plot": "Zwei Mal im Monat berichten Videoreporter des Saarl\u00e4ndischen Rundfunks \u00fcber Wissenswertes und Interessantes mitten aus dem Leben. Ihr Motto: \"schnell und nah, authentisch statt perfektionistisch\".", "_thumb": "http://sr-mediathek.de/img/sendungen/DD~_v-sr_169_600.jpg"}, {"_entries": "28", "_type": "dir", "url": "http://hbbtv.sr-mediathek.de/inc/sendungJSON.php?sid=FMH", "_name": "Fahr mal hin", "mode": "libSrListVideos", "_plot": "Der etwas andere Reisef\u00fchrer durch Baden-W\u00fcttemberg, Rheinland-Pfalz und das Saarland - das ist \"Fahr mal hin\".", "_thumb": "http://sr-mediathek.de/img/sendungen/FMH~_v-sr_169_600.jpg"}, {"_entries": "1", "_type": "dir", "url": "http://hbbtv.sr-mediathek.de/inc/sendungJSON.php?sid=FL", "_name": "Flohmarkt", "mode": "libSrListVideos", "_plot": "Der \"Flohmarkt\" wandert gerne auf dem schmalen Grat zwischen Kunst und Kitsch. Ob Alpenpanorama, Bronzeb\u00fcste oder gut erhaltene K\u00fcchenmaschinen aus Gro\u00dfmutters Zeiten - alles findet seinen Platz und seine Liebhaber.", "_thumb": "http://sr-mediathek.de/img/sendungen/FL~_v-sr_169_600.jpg"}], "cachetime": "TODO cachetime", "scriptname": "libSr", "scriptpath": "script.module.libsr", "ttl": "TODO ttl", "channel": "SR"}