{"list": [{"url": "http://swrmediathek.de/app-2/tv/ard-buffet/08b34490-9733-11e4-8229-0026b975f2e6.html", "_type": "dir", "_thumb": "http://swrmediathek.de/img/3/9/b/39b5e51336a0ac798ab014993e7d905a", "mode": "libSwrListVideos", "_name": "ARD Buffet"}, {"url": "http://swrmediathek.de/app-2/tv/bekannt-im-land/9f66ad40-e8e7-11df-8971-0026b975f2e6.html", "_type": "dir", "_thumb": "http://swrmediathek.de/img/7/a/d/7ad6e62f5110a2d260f545a3185e317e", "mode": "libSwrListVideos", "_name": "Bekannt im Land"}, {"url": "http://swrmediathek.de/app-2/tv/betrifft-\u2026/c20a4e90-9bdc-11df-b44d-00199916cf68.html", "_type": "dir", "_thumb": "http://swrmediathek.de/img/b/d/e/bde16a40458270dde27113598f3b8956", "mode": "libSwrListVideos", "_name": "betrifft: \u2026"}, {"url": "http://swrmediathek.de/app-2/tv/die-fallers/bb1c7900-9bdc-11df-b44d-00199916cf68.html", "_type": "dir", "_thumb": "http://swrmediathek.de/img/f/c/3/fc329245dd42dd473e3914c70d246216", "mode": "libSwrListVideos", "_name": "Die Fallers"}, {"url": "http://swrmediathek.de/app-2/tv/die-kirche-bleibt-im-dorf/6a9aca80-96c1-11e2-a1cc-0026b975f2e6.html", "_type": "dir", "_thumb": "http://swrmediathek.de/img/f/b/9/fb933972c988f57ed8325943d6c9ba4a", "mode": "libSwrListVideos", "_name": "Die Kirche bleibt im Dorf"}, {"url": "http://swrmediathek.de/app-2/tv/die-mathias-richling-show/fe74edd0-def3-11e0-b3b0-0026b975f2e6.html", "_type": "dir", "_thumb": "http://swrmediathek.de/img/c/1/f/c1fb47eedffe9b4bd81cce17eb056517", "mode": "libSwrListVideos", "_name": "Die Mathias Richling Show"}, {"url": "http://swrmediathek.de/app-2/tv/dokumentarfilm/551ecea0-434d-11e0-97ad-0026b975f2e6.html", "_type": "dir", "_thumb": "http://swrmediathek.de/img/b/e/c/beca777271b78440e32770307cf4703a", "mode": "libSwrListVideos", "_name": "Dokumentarfilm"}, {"url": "http://swrmediathek.de/app-2/tv/dokuserie/f632c3a1-a4eb-11e5-abd4-0026b975e0ea.html", "_type": "dir", "_thumb": "http://swrmediathek.de/img/d/6/e/d6e410908cfbfcf11c40cf5b961a8be7", "mode": "libSwrListVideos", "_name": "Doku-Serie"}, {"url": "http://swrmediathek.de/app-2/tv/eisenbahnromantik/baef4e80-9bdc-11df-b44d-00199916cf68.html", "_type": "dir", "_thumb": "http://swrmediathek.de/img/a/8/e/a8e974f0a01ac26f43f11e64259405ac", "mode": "libSwrListVideos", "_name": "Eisenbahn-Romantik"}, {"url": "http://swrmediathek.de/app-2/tv/essgeschichten/892f8a60-d14f-11df-b30c-0026b975f2e6.html", "_type": "dir", "_thumb": "http://swrmediathek.de/img/6/8/5/6857f5c13fffa9507701b2c5e06d30ca", "mode": "libSwrListVideos", "_name": "Essgeschichten"}, {"url": "http://swrmediathek.de/app-2/tv/expedition-in-die-heimat/c09a98d0-855f-11e1-bb0d-0026b975f2e6.html", "_type": "dir", "_thumb": "http://swrmediathek.de/img/7/d/5/7d5fad2832dfecd666b97b55c3b48e04", "mode": "libSwrListVideos", "_name": "Expedition in die Heimat"}, {"url": "http://swrmediathek.de/app-2/tv/fahr-mal-hin/b39fd0f7-9bdc-11df-b44d-00199916cf68.html", "_type": "dir", "_thumb": "http://swrmediathek.de/img/6/9/3/6938d0e8cf6ba9ef28f3799064972260", "mode": "libSwrListVideos", "_name": "Fahr mal hin"}, {"url": "http://swrmediathek.de/app-2/tv/film-&amp;-serie/f19b0e70-fbec-11e1-8b15-0026b975f2e6.html", "_type": "dir", "_thumb": "http://swrmediathek.de/img/0/5/3/0538b47ec0c17120f7db966ef404a6f7", "mode": "libSwrListVideos", "_name": "Film &amp; Serie"}, {"url": "http://swrmediathek.de/app-2/tv/flutlicht/b4469840-9bdc-11df-b44d-00199916cf68.html", "_type": "dir", "_thumb": "http://swrmediathek.de/img/9/a/e/9ae8425cf7039607530e1849d03aa6a4", "mode": "libSwrListVideos", "_name": "Flutlicht"}, {"url": "http://swrmediathek.de/app-2/tv/geschichtsdokumentationen/5eba8e20-5947-11e1-93ee-0026b975f2e6.html", "_type": "dir", "_thumb": "http://swrmediathek.de/img/d/b/b/dbbee5790e1fba82855ffc18b27f7d09", "mode": "libSwrListVideos", "_name": "Geschichtsdokumentationen"}, {"url": "http://swrmediathek.de/app-2/tv/gruenzeug/5f80ff60-b372-11e3-bf6b-0026b975f2e6.html", "_type": "dir", "_thumb": "http://swrmediathek.de/img/4/d/f/4df29bf50fc672698bcadf994dfbd6ed", "mode": "libSwrListVideos", "_name": "gr\u00fcnzeug"}, {"url": "http://swrmediathek.de/app-2/tv/hannes-und-der-buergermeister/8f0a6de0-407a-11e3-ab3c-0026b975f2e6.html", "_type": "dir", "_thumb": "http://swrmediathek.de/img/6/3/a/63a0905c92d82bbe82cef2602b3eae55", "mode": "libSwrListVideos", "_name": "Hannes und der B\u00fcrgermeister"}, {"url": "http://swrmediathek.de/app-2/tv/ihr-urteil-bitte/b23288a0-b426-11e3-a65c-0026b975f2e6.html", "_type": "dir", "_thumb": "http://swrmediathek.de/img/d/4/1/d415cf281158cf4f412305fc22c7e1bb", "mode": "libSwrListVideos", "_name": "Ihr Urteil bitte"}, {"url": "http://swrmediathek.de/app-2/tv/kaffee-oder-tee/b3700e63-9bdc-11df-b44d-00199916cf68.html", "_type": "dir", "_thumb": "http://swrmediathek.de/img/b/c/8/bc83d389935db513cad0354d7de0e5f2", "mode": "libSwrListVideos", "_name": "Kaffee oder Tee"}, {"url": "http://swrmediathek.de/app-2/tv/kunscht/3e133950-7480-11e3-9e14-0026b975f2e6.html", "_type": "dir", "_thumb": "http://swrmediathek.de/img/0/a/c/0aceb924f0d86614ba276b211242a1e8", "mode": "libSwrListVideos", "_name": "KUNSCHT!"}, {"url": "http://swrmediathek.de/app-2/tv/laender-menschen-abenteuer/be151f90-9bdc-11df-b44d-00199916cf68.html", "_type": "dir", "_thumb": "http://swrmediathek.de/img/0/5/7/057fb8ed7ddb027cd69a2bf0554d0a9e", "mode": "libSwrListVideos", "_name": "L\u00e4nder Menschen Abenteuer"}, {"url": "http://swrmediathek.de/app-2/tv/landesart/c37bdff0-9bdc-11df-b44d-00199916cf68.html", "_type": "dir", "_thumb": "http://swrmediathek.de/img/2/3/b/23b79a85dc8d1147528d7df56fdf6baa", "mode": "libSwrListVideos", "_name": "Landesart"}, {"url": "http://swrmediathek.de/app-2/tv/swr-aktuell-badenwuerttemberg/b2f67190-9bdc-11df-b44d-00199916cf68.html", "_type": "dir", "_thumb": "http://swrmediathek.de/img/9/b/b/9bb3bcd4c44f4e359227449b461e454b", "mode": "libSwrListVideos", "_name": "SWR Aktuell Baden-W\u00fcrttemberg"}, {"url": "http://swrmediathek.de/app-2/tv/swr-aktuell-rheinlandpfalz/b2fb5393-9bdc-11df-b44d-00199916cf68.html", "_type": "dir", "_thumb": "http://swrmediathek.de/img/9/b/b/9bb3bcd4c44f4e359227449b461e454b", "mode": "libSwrListVideos", "_name": "SWR Aktuell Rheinland-Pfalz"}, {"url": "http://swrmediathek.de/app-2/tv/landesschau-badenwuerttemberg/b2fb5397-9bdc-11df-b44d-00199916cf68.html", "_type": "dir", "_thumb": "http://swrmediathek.de/img/d/6/6/d66569ba9853699e756427720574c1cb", "mode": "libSwrListVideos", "_name": "Landesschau Baden-W\u00fcrttemberg"}, {"url": "http://swrmediathek.de/app-2/tv/landesschau-rheinlandpfalz/b3098460-9bdc-11df-b44d-00199916cf68.html", "_type": "dir", "_thumb": "http://swrmediathek.de/img/e/7/2/e729f77db488351ca42bbb8cb8c234ac", "mode": "libSwrListVideos", "_name": "Landesschau Rheinland-Pfalz"}, {"url": "http://swrmediathek.de/app-2/tv/landesschau-unterwegs/bb55b173-9bdc-11df-b44d-00199916cf68.html", "_type": "dir", "_thumb": "http://swrmediathek.de/img/c/a/4/ca40f12b060319d448db5a809fde8f49", "mode": "libSwrListVideos", "_name": "Landesschau unterwegs"}, {"url": "http://swrmediathek.de/app-2/tv/lesenswert/befc4b40-9bdc-11df-b44d-00199916cf68.html", "_type": "dir", "_thumb": "http://swrmediathek.de/img/2/3/9/2398b1630b1fb85390864f5fbd8dc84d", "mode": "libSwrListVideos", "_name": "lesenswert"}, {"url": "http://swrmediathek.de/app-2/tv/marktcheck/bafd7f50-9bdc-11df-b44d-00199916cf68.html", "_type": "dir", "_thumb": "http://swrmediathek.de/img/c/7/5/c750d4903cbc5ff83c09c6c51c063c83", "mode": "libSwrListVideos", "_name": "MARKTCHECK"}, {"url": "http://swrmediathek.de/app-2/tv/meister-des-alltags/48cdf450-945a-11e1-8e0a-0026b975f2e6.html", "_type": "dir", "_thumb": "http://swrmediathek.de/img/d/5/8/d585ab0e2438247196e5e339aa52b7b8", "mode": "libSwrListVideos", "_name": "Meister des Alltags"}, {"url": "http://swrmediathek.de/app-2/tv/nachtcaf\u00e9/bb4eac93-9bdc-11df-b44d-00199916cf68.html", "_type": "dir", "_thumb": "http://swrmediathek.de/img/1/c/1/1c16b9b28a25c87a0c6a253b27115f89", "mode": "libSwrListVideos", "_name": "Nachtcaf\u00e9"}, {"url": "http://swrmediathek.de/app-2/tv/natuerlich/bae34090-9bdc-11df-b44d-00199916cf68.html", "_type": "dir", "_thumb": "http://swrmediathek.de/img/c/a/8/ca81a9d3fe9eb720665b69ce81807523", "mode": "libSwrListVideos", "_name": "nat\u00fcrlich!"}, {"url": "http://swrmediathek.de/app-2/tv/odysso/b46802f0-9bdc-11df-b44d-00199916cf68.html", "_type": "dir", "_thumb": "http://swrmediathek.de/img/4/c/b/4cb50539fd83dd3179289f3b8c69fe3c", "mode": "libSwrListVideos", "_name": "Odysso"}, {"url": "http://swrmediathek.de/app-2/tv/report-mainz/18ecccb0-a664-11e4-80fa-0026b975f2e6.html", "_type": "dir", "_thumb": "http://swrmediathek.de/img/6/d/1/6d1944338361a8c839559eaaa65fee20", "mode": "libSwrListVideos", "_name": "REPORT MAINZ"}, {"url": "http://swrmediathek.de/app-2/tv/sag-die-wahrheit/c2600fb0-9bdc-11df-b44d-00199916cf68.html", "_type": "dir", "_thumb": "http://swrmediathek.de/img/8/b/8/8b880896739986f130313196ad709634", "mode": "libSwrListVideos", "_name": "Sag die Wahrheit"}, {"url": "http://swrmediathek.de/app-2/tv/schreinerei-fleischmann/9b9ddd30-7f24-11e1-b528-0026b975f2e6.html", "_type": "dir", "_thumb": "http://swrmediathek.de/img/d/0/8/d08e2ce5bbcb029b7328b32634d943df", "mode": "libSwrListVideos", "_name": "Schreinerei Fleischmann"}, {"url": "http://swrmediathek.de/app-2/tv/schaetze-der-welt/945f9950-cc74-11df-9bbb-0026b975f2e6.html", "_type": "dir", "_thumb": "http://swrmediathek.de/img/2/1/f/21fa3aaedcf4a01b377c18ccab18ea08", "mode": "libSwrListVideos", "_name": "Sch\u00e4tze der Welt"}, {"url": "http://swrmediathek.de/app-2/tv/spaetschicht/805b4d70-dee1-11e0-b3b0-0026b975f2e6.html", "_type": "dir", "_thumb": "http://swrmediathek.de/img/d/8/4/d842711871f3e2740855b81788f26a1a", "mode": "libSwrListVideos", "_name": "Sp\u00e4tschicht"}, {"url": "http://swrmediathek.de/app-2/tv/sport-am-samstag/bacfa550-9d4c-11df-8bd1-00199916cf68.html", "_type": "dir", "_thumb": "http://swrmediathek.de/img/e/b/f/ebf112c79bda3d3801f061adc45bdb59", "mode": "libSwrListVideos", "_name": "Sport am Samstag"}, {"url": "http://swrmediathek.de/app-2/tv/sport-extra/fefe0e70-c645-11df-a4ff-0026b975f2e6.html", "_type": "dir", "_thumb": "http://swrmediathek.de/img/a/d/3/ad37ca250fb21ad1f30001d7f2478e81", "mode": "libSwrListVideos", "_name": "Sport extra"}, {"url": "http://swrmediathek.de/app-2/tv/sport-im-dritten/bafb3560-9bdc-11df-b44d-00199916cf68.html", "_type": "dir", "_thumb": "http://swrmediathek.de/img/7/b/5/7b5bcc2fec5b0c0abdd21e2bb44b70dd", "mode": "libSwrListVideos", "_name": "Sport im Dritten"}, {"url": "http://swrmediathek.de/app-2/tv/swr3latenight/8e565560-e06b-11e0-8058-0026b975f2e6.html", "_type": "dir", "_thumb": "http://swrmediathek.de/img/a/5/d/a5d313fa644ef7523f4d748333e374b1", "mode": "libSwrListVideos", "_name": "SWR3latenight"}, {"url": "http://swrmediathek.de/app-2/tv/verstehen-sie-spass/7d98ab20-ac2c-11df-aae0-0026b975f2e6.html", "_type": "dir", "_thumb": "http://swrmediathek.de/img/e/b/0/eb0ea48a28a79b3dcc46eb12dacb3e46", "mode": "libSwrListVideos", "_name": "Verstehen Sie Spa\u00df?"}, {"url": "http://swrmediathek.de/app-2/tv/zur-sache-bw/b317dc40-9bdc-11df-b44d-00199916cf68.html", "_type": "dir", "_thumb": "http://swrmediathek.de/img/6/6/0/660479c519c3288c7f31355435e60e59", "mode": "libSwrListVideos", "_name": "Zur Sache BW"}, {"url": "http://swrmediathek.de/app-2/tv/zur-sache-rp/586a9b90-1d6c-11e0-b25b-0026b975f2e6.html", "_type": "dir", "_thumb": "http://swrmediathek.de/img/7/e/c/7ec338a805f39ebdc6a94515aaab4306", "mode": "libSwrListVideos", "_name": "Zur Sache RP"}], "cachetime": "TODO cachetime", "scriptname": "libSwr", "scriptpath": "script.module.libswr", "ttl": "TODO ttl", "channel": "SWR"}