{"list": [{"url": "http://www1.wdr.de/mediathek/video/sendungen/abenteuer-erde/abenteuer-erde-104.html", "_type": "dir", "_thumb": "http://www1.wdr.de/fernsehen/abenteuer-erde/teaserbild158~_v-original.jpg", "mode": "libWdrListVideos", "_name": "Abenteuer Erde"}, {"url": "http://www1.wdr.de/mediathek/video/sendungen/aktuelle-stunde/video-aktuelle-stunde-1708.html", "_type": "dir", "_thumb": "http://www1.wdr.de/fernsehen/aktuelle-stunde/michael-dietz-120~_v-original.jpg", "mode": "libWdrListVideos", "_name": "Aktuelle Stunde"}, {"url": "http://www1.wdr.de/mediathek/video/sendungen/comedy/annemie-kommt-uebersicht-100.html", "_type": "dir", "_thumb": "http://www1.wdr.de/unterhaltung/annemie-huelchrath-schweiger-102~_v-original.jpg", "mode": "libWdrListVideos", "_name": "Annemie H\u00fclchrath trifft Prominente!"}, {"url": "http://www1.wdr.de/mediathek/video/sendungen/lokalzeit-aachen/index.html", "_type": "dir", "_thumb": "http://www1.wdr.de/mediathek/video/sendungen/lokalzeit-aachen/tva-logo-lokalzeit-aus-aachen102~_v-original.jpg", "mode": "libWdrListVideos", "_name": "Lokalzeit aus Aachen"}, {"url": "http://www1.wdr.de/mediathek/video/sendungen/ausgerechnet/index.html", "_type": "dir", "_thumb": "http://www1.wdr.de/mediathek/video/sendungen/ausgerechnet/ausgerechnet-logo100~_v-original.jpg", "mode": "libWdrListVideos", "_name": "Ausgerechnet"}, {"url": "http://www1.wdr.de/mediathek/video/sendungen/lust-auf-backen/index.html", "_type": "dir", "_thumb": "http://www1.wdr.de/verbraucher/ernaehrung/teaserlustaufbacken100~_v-original.jpg", "mode": "libWdrListVideos", "_name": "Lust auf Backen"}, {"url": "http://www1.wdr.de/mediathek/video/sendungen/lokalzeit-bergisches-land/index.html", "_type": "dir", "_thumb": "http://www1.wdr.de/mediathek/video/sendungen/lokalzeit-bergisches-land/logo-lokalzeit-bergisches-land-100~_v-original.jpg", "mode": "libWdrListVideos", "_name": "Lokalzeit Bergisches Land"}, {"url": "http://www1.wdr.de/mediathek/video/sendungen/lokalzeit-bonn/index.html", "_type": "dir", "_thumb": "http://www1.wdr.de/tva-logo-lokalzeit-aus-bonn-100~_v-original.jpg", "mode": "libWdrListVideos", "_name": "Lokalzeit aus Bonn"}, {"url": "http://www1.wdr.de/mediathek/video/sendungen/pussy-terror-tv/index.html", "_type": "dir", "mode": "libWdrListVideos", "_name": "Carolin Kebekus: Pussy Terror tv"}, {"url": "http://www1.wdr.de/mediathek/video/sendungen/comedy/index.html", "_type": "dir", "_thumb": "http://www1.wdr.de/mediathek/video/logo-comedy100~_v-original.jpg", "mode": "libWdrListVideos", "_name": "Comedy"}, {"url": "http://www1.wdr.de/mediathek/video/sendungen/der-letzte-cowboy/index.html", "_type": "dir", "_thumb": "http://www1.wdr.de/mediathek/der-letzte-cowboy-uebersicht-100~_v-original.jpg", "mode": "libWdrListVideos", "_name": "Der letzte Cowboy"}, {"url": "http://www1.wdr.de/mediathek/video/sendungen/daheim-und-unterwegs/index.html", "_type": "dir", "_thumb": "http://www1.wdr.de/mediathek/video/sendungen/daheim-und-unterwegs/logo-daheim-und-unterwegs100~_v-original.jpg", "mode": "libWdrListVideos", "_name": "Daheim + unterwegs"}, {"url": "http://www1.wdr.de/mediathek/video/sendungen/das-lachen-der-anderen/index.html", "_type": "dir", "_thumb": "http://www1.wdr.de/mediathek/video/sendereihenbild-das-lachen-der-anderen102~_v-original.jpg", "mode": "libWdrListVideos", "_name": "Das Lachen der Anderen "}, {"url": "http://www1.wdr.de/mediathek/video/sendungen/der-haushaltscheck/der-haushaltscheck-102.html", "_type": "dir", "_thumb": "http://www1.wdr.de/xpromodergrossehaushaltscheck102~_v-original.jpg", "mode": "libWdrListVideos", "_name": "Der Haushalts-Check"}, {"url": "http://www1.wdr.de/mediathek/video/sendungen/der-letzte-cowboy/index.html", "_type": "dir", "_thumb": "http://www1.wdr.de/mediathek/der-letzte-cowboy-uebersicht-100~_v-original.jpg", "mode": "libWdrListVideos", "_name": "Der letzte Cowboy"}, {"url": "http://www1.wdr.de/mediathek/video/sendungen/der-vorkoster/index.html", "_type": "dir", "_thumb": "http://www1.wdr.de/mediathek/video/logo-der-vorkoster100~_v-original.jpg", "mode": "libWdrListVideos", "_name": "Der Vorkoster"}, {"url": "http://www1.wdr.de/mediathek/video/sendungen/die-ernaehrungs-docs/index.html", "_type": "dir", "_thumb": "http://www1.wdr.de/mediathek/video/sendungen/die-ernaehrungs-docs/logo-die-ernaehrungs-docs100~_v-original.jpg", "mode": "libWdrListVideos", "_name": "Die Ern\u00e4hrungs-Docs "}, {"url": "http://www1.wdr.de/mediathek/video/sendungen/die-runde-ecke/index.html", "_type": "dir", "_thumb": "http://www1.wdr.de/fernsehen/die-runde-ecke/die-runde-ecke-bild-100~_v-original.jpg", "mode": "libWdrListVideos", "_name": "Die runde Ecke"}, {"url": "http://www1.wdr.dehttp://www.wdrmaus.de/elefantenseite/eltern/filme.php5", "_type": "dir", "_thumb": "http://www1.wdr.de//www1.wdr.de/kinder/sendungen_az_diesendungmitdemelefanten100~_v-original.jpg", "mode": "libWdrListVideos", "_name": "Die Sendung mit dem Elefanten"}, {"url": "http://www1.wdr.dehttp://www.wdrmaus.de/", "_type": "dir", "_thumb": "http://www1.wdr.de//www1.wdr.de/kinder/tv/die-sendung-mit-der-maus/sendungen_az_diesendungmitdermaus100~_v-original.jpg", "mode": "libWdrListVideos", "_name": "Die Sendung mit der Maus"}, {"url": "http://www1.wdr.de/mediathek/video/sendungen/die-story/index.html", "_type": "dir", "_thumb": "http://www1.wdr.de/fernsehen/diestory100~_v-original.jpg", "mode": "libWdrListVideos", "_name": "Die Story"}, {"url": "http://www1.wdr.de/mediathek/video/sendungen/die-unwahrscheinlichen-ereignisse-im-leben-von/index.html", "_type": "dir", "_thumb": "http://www1.wdr.de/unterhaltung/kabarett-und-comedy/dueilv_logo100~_v-original.jpg", "mode": "libWdrListVideos", "_name": "Die unwahrscheinlichen Ereignisse im Leben von"}, {"url": "http://www1.wdr.de/mediathek/video/sendungen/die-wiwaldi-show/index.html", "_type": "dir", "_thumb": "http://www1.wdr.de/mediathek/video/sendungen/die-wiwaldi-show/logo-wiwaldi-show100~_v-original.jpg", "mode": "libWdrListVideos", "_name": "Die Wiwaldi-Show"}, {"url": "http://www1.wdr.de/mediathek/video/sendungen/dittsche/index.html", "_type": "dir", "_thumb": "http://www1.wdr.de/mediathek/video/sendungen/dittsche/logo-dittsche100~_v-original.jpg", "mode": "libWdrListVideos", "_name": "Dittsche"}, {"url": "http://www1.wdr.de/mediathek/video/sendungen/doc-esser/doc-esser-118.html", "_type": "dir", "_thumb": "http://www1.wdr.de/mediathek/video/sendungen/doc-esser/doc-esser-logo100~_v-original.jpg", "mode": "libWdrListVideos", "_name": "Doc Esser \u2013 Der Gesundheitscheck"}, {"url": "http://www1.wdr.de/mediathek/video/sendungen/doku-am-freitag/index.html", "_type": "dir", "_thumb": "http://www1.wdr.de/fernsehen/doku-am-freitag/xpromodokuamfreitag100~_v-original.jpg", "mode": "libWdrListVideos", "_name": "Doku am Freitag"}, {"url": "http://www1.wdr.de/mediathek/video/sendungen/lokalzeit-dortmund/index.html", "_type": "dir", "_thumb": "http://www1.wdr.de/tva-logo-lokalzeit-aus-dortmund-100~_v-original.jpg", "mode": "libWdrListVideos", "_name": "Lokalzeit aus Dortmund"}, {"url": "http://www1.wdr.de/mediathek/video/sendungen/lokalzeit-duesseldorf/index.html", "_type": "dir", "_thumb": "http://www1.wdr.de/mediathek/video/sendungen/lokalzeit-duesseldorf/logo-lokalzeit-duesseldorf-100~_v-original.jpg", "mode": "libWdrListVideos", "_name": "Lokalzeit aus D\u00fcsseldorf"}, {"url": "http://www1.wdr.de/mediathek/video/sendungen/lokalzeit-duisburg/index.html", "_type": "dir", "_thumb": "http://www1.wdr.de/tva-logo-lokalzeit-aus-duisburg-100~_v-original.jpg", "mode": "libWdrListVideos", "_name": "Lokalzeit aus Duisburg"}, {"url": "http://www1.wdr.de/mediathek/video/sendungen/einfach-und-koestlich/index.html", "_type": "dir", "_thumb": "http://www1.wdr.de/fernsehen/einfach-und-koestlich/pfeffer110~_v-original.jpg", "mode": "libWdrListVideos", "_name": "Einfach &amp; k\u00f6stlich"}, {"url": "http://www1.wdr.de/mediathek/video/sendungen/eins-zu-eins/index.html", "_type": "dir", "_thumb": "http://www1.wdr.de/fernsehen/eins-zu-eins/xpromoeinszueins100~_v-original.jpg", "mode": "libWdrListVideos", "_name": "Eins zu eins"}, {"url": "http://www1.wdr.dehttp://www.wdrmaus.de/elefantenseite/eltern/filme.php5", "_type": "dir", "_thumb": "http://www1.wdr.de//www1.wdr.de/kinder/sendungen_az_diesendungmitdemelefanten100~_v-original.jpg", "mode": "libWdrListVideos", "_name": "Die Sendung mit dem Elefanten"}, {"url": "http://www1.wdr.de/mediathek/video/sendungen/familie-wurst/index.html", "_type": "dir", "_thumb": "http://www1.wdr.de/mediathek/video/sendungen/familie-wurst/sendungslogo-familie-wurst-100~_v-original.jpg", "mode": "libWdrListVideos", "_name": "Familie Wurst"}, {"url": "http://www1.wdr.de/mediathek/video/sendungen/frau-tv/index.html", "_type": "dir", "_thumb": "http://www1.wdr.de/fernsehen/frau-tv/Sendungen100~_v-original.jpg", "mode": "libWdrListVideos", "_name": "Frau tv"}, {"url": "http://www1.wdr.de/mediathek/video/sendungen/fernsehfilm/index.html", "_type": "dir", "_thumb": "http://www1.wdr.de/mediathek/video/sendungen/fernsehfilm/logo-film100~_v-original.jpg", "mode": "libWdrListVideos", "_name": "Fernsehfilm"}, {"url": "http://www1.wdr.de/mediathek/video/sendungen/gewissensbisse/gewissensbisse-uebersicht-100.html", "_type": "dir", "_thumb": "http://www1.wdr.de/mediathek/video/sendungen/tva-gewissensbisse---frau-heinrich-und-die--todsuenden-zorn-100~_v-original.jpg", "mode": "libWdrListVideos", "_name": "Gewissensbisse - Frau Heinrich und die sieben Tods\u00fcnden"}, {"url": "http://www1.wdr.de/mediathek/video/sendungen/der-haushaltscheck/index.html", "_type": "dir", "_thumb": "http://www1.wdr.de/xpromodergrossehaushaltscheck102~_v-original.jpg", "mode": "libWdrListVideos", "_name": "Haushalts-Check"}, {"url": "http://www1.wdr.de/mediathek/video/sendungen/koslowski-und-haferkamp/index.html", "_type": "dir", "_thumb": "http://www1.wdr.de/fernsehen/fernsehfilm/HBT-koslowski-haferkamp-I-100~_v-original.jpg", "mode": "libWdrListVideos", "_name": "Heiter bis t\u00f6dlich - Koslowski &amp; Haferkamp"}, {"url": "http://www1.wdr.de/mediathek/video/sendungen/hier-und-heute/index.html", "_type": "dir", "_thumb": "http://www1.wdr.de/fernsehen/hier-und-heute/xpromohierundheute100~_v-original.jpg", "mode": "libWdrListVideos", "_name": "Hier und heute"}, {"url": "http://www1.wdr.de/mediathek/video/sendungen/hirschhausens-quiz-des-menschen/index.html", "_type": "dir", "_thumb": "http://www1.wdr.de/fernsehen/hirschhausens-quiz-des-menschen/hirschhausen174~_v-original.jpg", "mode": "libWdrListVideos", "_name": "Hirschhausens Quiz des Menschen"}, {"url": "http://www1.wdr.de/mediathek/video/sendungen/ich-stelle-mich/index.html", "_type": "dir", "_thumb": "http://www1.wdr.de/fernsehen/ich-stelle-mich/ichstellemichlogo102~_v-original.jpg", "mode": "libWdrListVideos", "_name": "Ich stelle mich"}, {"url": "http://www1.wdr.de/mediathek/video/sendungen/ihre-meinung/index.html", "_type": "dir", "_thumb": "http://www1.wdr.de/mediathek/ihre-meinung-logo-100~_v-original.jpg", "mode": "libWdrListVideos", "_name": "Ihre Meinung"}, {"url": "http://www1.wdr.de/mediathek/video/sendungen/karneval/index.html", "_type": "dir", "_thumb": "http://www1.wdr.de/radio/wdr4/karneval-publikum-100~_v-original.jpg", "mode": "libWdrListVideos", "_name": "Karneval"}, {"url": "http://www1.wdr.de/mediathek/video/sendungen/kinozeit/index.html", "_type": "dir", "_thumb": "http://www1.wdr.de/kultur/film/webfslogo156~_v-original.jpg", "mode": "libWdrListVideos", "_name": "Kinozeit"}, {"url": "http://www1.wdr.de/mediathek/video/sendungen/kochen-mit-martina-und-moritz/index.html", "_type": "dir", "_thumb": "http://www1.wdr.de/mediathek/video/sendungen/kochen-mit-martina-und-moritz/logo-kochen-mit-martina-und-moritz100~_v-original.jpg", "mode": "libWdrListVideos", "_name": "Kochen mit Martina &amp; Moritz"}, {"url": "http://www1.wdr.de/mediathek/video/sendungen/koelner-treff/index.html", "_type": "dir", "_thumb": "http://www1.wdr.de/tva-logo-koelner-treff-100~_v-original.jpg", "mode": "libWdrListVideos", "_name": "K\u00f6lner Treff"}, {"url": "http://www1.wdr.de/mediathek/video/sendungen/lokalzeit-koeln/index.html", "_type": "dir", "_thumb": "http://www1.wdr.de/tva-logo-lokalzeit-aus-koeln-100~_v-original.jpg", "mode": "libWdrListVideos", "_name": "Lokalzeit aus K\u00f6ln"}, {"url": "http://www1.wdr.de/mediathek/video/sendungen/koennes-kaempft/index.html", "_type": "dir", "_thumb": "http://www1.wdr.de/mediathek/video/sendungen/koennes-kaempft/logo-koennes-kaempft100~_v-original.jpg", "mode": "libWdrListVideos", "_name": "K\u00f6nnes k\u00e4mpft"}, {"url": "http://www1.wdr.de/mediathek/video/sendungen/koslowski-und-haferkamp/index.html", "_type": "dir", "_thumb": "http://www1.wdr.de/fernsehen/fernsehfilm/HBT-koslowski-haferkamp-I-100~_v-original.jpg", "mode": "libWdrListVideos", "_name": "Koslowski &amp; Haferkamp"}, {"url": "http://www1.wdr.de/mediathek/video/sendungen/das-lachen-der-anderen/index.html", "_type": "dir", "_thumb": "http://www1.wdr.de/mediathek/video/sendereihenbild-das-lachen-der-anderen102~_v-original.jpg", "mode": "libWdrListVideos", "_name": "Das Lachen der Anderen"}, {"url": "http://www1.wdr.de/mediathek/video/sendungen/ladies-night/index.html", "_type": "dir", "_thumb": "http://www1.wdr.de/unterhaltung/kabarett-und-comedy/logoladiesnight100~_v-original.jpg", "mode": "libWdrListVideos", "_name": "Ladies Night"}, {"url": "http://www1.wdr.de/mediathek/video/sendungen/land-und-lecker/index.html", "_type": "dir", "_thumb": "http://www1.wdr.de/verbraucher/ernaehrung/ueberunslandundlecker104~_v-original.jpg", "mode": "libWdrListVideos", "_name": "Land und lecker"}, {"url": "http://www1.wdr.de/mediathek/video/sendungen/lichters-schnitzeljagd/index.html", "_type": "dir", "_thumb": "http://www1.wdr.de/mediathek/video/sendungen/lichters-schnitzeljagd/logo-lichters-schnitzeljagd100~_v-original.jpg", "mode": "libWdrListVideos", "_name": "Lichters Schnitzeljagd"}, {"url": "http://www1.wdr.de/mediathek/video/sendungen/lokalzeit-aachen/index.html", "_type": "dir", "_thumb": "http://www1.wdr.de/mediathek/video/sendungen/lokalzeit-aachen/tva-logo-lokalzeit-aus-aachen102~_v-original.jpg", "mode": "libWdrListVideos", "_name": "Lokalzeit aus Aachen"}, {"url": "http://www1.wdr.de/mediathek/video/sendungen/lokalzeit-bergisches-land/index.html", "_type": "dir", "_thumb": "http://www1.wdr.de/mediathek/video/sendungen/lokalzeit-bergisches-land/logo-lokalzeit-bergisches-land-100~_v-original.jpg", "mode": "libWdrListVideos", "_name": "Lokalzeit Bergisches Land"}, {"url": "http://www1.wdr.de/mediathek/video/sendungen/lokalzeit-bonn/index.html", "_type": "dir", "_thumb": "http://www1.wdr.de/tva-logo-lokalzeit-aus-bonn-100~_v-original.jpg", "mode": "libWdrListVideos", "_name": "Lokalzeit aus Bonn"}, {"url": "http://www1.wdr.de/mediathek/video/sendungen/lokalzeit-dortmund/index.html", "_type": "dir", "_thumb": "http://www1.wdr.de/tva-logo-lokalzeit-aus-dortmund-100~_v-original.jpg", "mode": "libWdrListVideos", "_name": "Lokalzeit aus Dortmund"}, {"url": "http://www1.wdr.de/mediathek/video/sendungen/lokalzeit-duesseldorf/index.html", "_type": "dir", "_thumb": "http://www1.wdr.de/mediathek/video/sendungen/lokalzeit-duesseldorf/logo-lokalzeit-duesseldorf-100~_v-original.jpg", "mode": "libWdrListVideos", "_name": "Lokalzeit aus D\u00fcsseldorf"}, {"url": "http://www1.wdr.de/mediathek/video/sendungen/lokalzeit-duisburg/index.html", "_type": "dir", "_thumb": "http://www1.wdr.de/tva-logo-lokalzeit-aus-duisburg-100~_v-original.jpg", "mode": "libWdrListVideos", "_name": "Lokalzeit aus Duisburg"}, {"url": "http://www1.wdr.de/mediathek/video/sendungen/lokalzeit-koeln/index.html", "_type": "dir", "_thumb": "http://www1.wdr.de/tva-logo-lokalzeit-aus-koeln-100~_v-original.jpg", "mode": "libWdrListVideos", "_name": "Lokalzeit aus K\u00f6ln"}, {"url": "http://www1.wdr.de/mediathek/video/sendungen/lokalzeit-muensterland/index.html", "_type": "dir", "_thumb": "http://www1.wdr.de/mediathek/video/sendungen/lokalzeit-muensterland/logo-lokalzeit-muensterland-100~_v-original.jpg", "mode": "libWdrListVideos", "_name": "Lokalzeit M\u00fcnsterland"}, {"url": "http://www1.wdr.de/mediathek/video/sendungen/lokalzeit-ostwestfalen-lippe/index.html", "_type": "dir", "_thumb": "http://www1.wdr.de/mediathek/video/sendungen/lokalzeit-ostwestfalen-lippe/logo-lokalzeit-owl-100~_v-original.jpg", "mode": "libWdrListVideos", "_name": "Lokalzeit OWL"}, {"url": "http://www1.wdr.de/mediathek/video/sendungen/lokalzeit-ruhr/index.html", "_type": "dir", "_thumb": "http://www1.wdr.de/mediathek/video/sendungen/lokalzeit-ruhr/logo-lokalzeit-ruhr-100~_v-original.jpg", "mode": "libWdrListVideos", "_name": "Lokalzeit Ruhr"}, {"url": "http://www1.wdr.de/mediathek/video/sendungen/lokalzeit-suedwestfalen/index.html", "_type": "dir", "_thumb": "http://www1.wdr.de/mediathek/video/sendungen/lokalzeit-suedwestfalen/logo-lokalzeit-suedwestfalen-100~_v-original.jpg", "mode": "libWdrListVideos", "_name": "Lokalzeit S\u00fcdwestfalen"}, {"url": "http://www1.wdr.de/mediathek/video/sendungen/lokalzeit/lokalzeit-am-samstag-100.html", "_type": "dir", "_thumb": "http://www1.wdr.de/fernsehen/lokalzeit364~_v-original.jpg", "mode": "libWdrListVideos", "_name": "Lokalzeit am Samstag"}, {"url": "http://www1.wdr.de/mediathek/video/sendungen/lust-auf-backen/index.html", "_type": "dir", "_thumb": "http://www1.wdr.de/verbraucher/ernaehrung/teaserlustaufbacken100~_v-original.jpg", "mode": "libWdrListVideos", "_name": "Lust auf Backen"}, {"url": "http://www1.wdr.de/mediathek/video/sendungen/markt/index.html", "_type": "dir", "_thumb": "http://www1.wdr.de/mediathek/video/sendungen/markt/bildmarktlogo100~_v-original.jpg", "mode": "libWdrListVideos", "_name": "Markt"}, {"url": "http://www1.wdr.de/mediathek/video/sendungen/markencheck/index.html", "_type": "dir", "_thumb": "http://www1.wdr.de/fernsehen/markencheck/lidlcheck104~_v-original.jpg", "mode": "libWdrListVideos", "_name": "Markencheck"}, {"url": "http://www1.wdr.de/mediathek/video/sendungen/menschen-hautnah/index.html", "_type": "dir", "_thumb": "http://www1.wdr.de/fernsehen/menschen-hautnah/mh_logo_vor_weiss100~_v-original.jpg", "mode": "libWdrListVideos", "_name": "Menschen hautnah"}, {"url": "http://www1.wdr.de/mediathek/video/sendungen/mit-bock-durchs-land/index.html", "_type": "dir", "_thumb": "http://www1.wdr.de/mediathek/video/sendungen/mit-bock-durchs-land/sendungslogomitbockdurchsland108~_v-original.jpg", "mode": "libWdrListVideos", "_name": "Mit Bock durchs Land"}, {"url": "http://www1.wdr.de/mediathek/video/sendungen/mitternachtsspitzen/index.html", "_type": "dir", "_thumb": "http://www1.wdr.de/kultur/zeitgeist/mitternachtsspitzen_logo102~_v-original.jpg", "mode": "libWdrListVideos", "_name": "Mitternachtsspitzen"}, {"url": "http://www1.wdr.de/mediathek/video/sendungen/mord-mit-aussicht/index.html", "_type": "dir", "_thumb": "http://www1.wdr.de/kultur/film/mordmitaussicht144~_v-original.jpg", "mode": "libWdrListVideos", "_name": "Mord mit Aussicht"}, {"url": "http://www1.wdr.de/mediathek/video/sendungen/lokalzeit-muensterland/index.html", "_type": "dir", "_thumb": "http://www1.wdr.de/mediathek/video/sendungen/lokalzeit-muensterland/logo-lokalzeit-muensterland-100~_v-original.jpg", "mode": "libWdrListVideos", "_name": "Lokalzeit M\u00fcnsterland"}, {"url": "http://www1.wdr.dehttp://www.wdrmaus.de/", "_type": "dir", "_thumb": "http://www1.wdr.de//www1.wdr.de/kinder/tv/die-sendung-mit-der-maus/sendungen_az_diesendungmitdermaus100~_v-original.jpg", "mode": "libWdrListVideos", "_name": "Die Sendung mit der Maus"}, {"url": "http://www1.wdr.de/mediathek/video/sendungen/new_york_a_la_carte/new-york-a-la-carte-100.html", "_type": "dir", "_thumb": "http://www1.wdr.de/mediathek/video/sendungen/new-york-a-la-carte-lebenstraeume-100~_v-original.jpg", "mode": "libWdrListVideos", "_name": "New York \u00e0 la carte"}, {"url": "http://www1.wdr.de/mediathek/video/sendungen/nightwash/index.html", "_type": "dir", "_thumb": "http://www1.wdr.de/mediathek/video/logo-nightwash100~_v-original.jpg", "mode": "libWdrListVideos", "_name": "Night Wash"}, {"url": "http://www1.wdr.de/mediathek/video/sendungen/nuhr-gefragt/index.html", "_type": "dir", "_thumb": "http://www1.wdr.de/mediathek/video/sendungen/nuhr-gefragt/nuhr-gefragt-teaserbild-104~_v-original.jpg", "mode": "libWdrListVideos", "_name": "Nuhr gefragt "}, {"url": "http://www1.wdr.de/mediathek/video/sendungen/lokalzeit-ostwestfalen-lippe/index.html", "_type": "dir", "_thumb": "http://www1.wdr.de/mediathek/video/sendungen/lokalzeit-ostwestfalen-lippe/logo-lokalzeit-owl-100~_v-original.jpg", "mode": "libWdrListVideos", "_name": "Lokalzeit OWL"}, {"url": "http://www1.wdr.de/mediathek/video/sendungen/planet-wissen-swr/index.html", "_type": "dir", "_thumb": "http://www1.wdr.de//www.planet-wissen.de/tva-logo-planet-wissen-100~_v-original.jpg", "mode": "libWdrListVideos", "_name": "Planet Wissen"}, {"url": "http://www1.wdr.de/mediathek/video/sendungen/polettos-kochschule/index.html", "_type": "dir", "mode": "libWdrListVideos", "_name": "Polettos Kochschule"}, {"url": "http://www1.wdr.de/mediathek/video/sendungen/pussy-terror-tv/index.html", "_type": "dir", "mode": "libWdrListVideos", "_name": "Carolin Kebekus: Pussy Terror tv"}, {"url": "http://www1.wdr.de/mediathek/video/sendungen/rebell-comedy/index.html", "_type": "dir", "_thumb": "http://www1.wdr.de/wdr-migration/bildrebellcomedylogo100~_v-original.jpg", "mode": "libWdrListVideos", "_name": "Rebell Comedy"}, {"url": "http://www1.wdr.de/mediathek/video/sendungen/rentnercops/index.html", "_type": "dir", "_thumb": "http://www1.wdr.de/mediathek/video/sendungen/rentnercops/sendungslogo-rentnercops-100~_v-original.jpg", "mode": "libWdrListVideos", "_name": "Rentnercops"}, {"url": "http://www1.wdr.de/mediathek/video/sendungen/rockpalast/rockpalast-136.html", "_type": "dir", "_thumb": "http://www1.wdr.de/kultur/rockpalast106~_v-original.jpg", "mode": "libWdrListVideos", "_name": "Rockpalast"}, {"url": "http://www1.wdr.de/mediathek/video/sendungen/lokalzeit-ruhr/index.html", "_type": "dir", "_thumb": "http://www1.wdr.de/mediathek/video/sendungen/lokalzeit-ruhr/logo-lokalzeit-ruhr-100~_v-original.jpg", "mode": "libWdrListVideos", "_name": "Lokalzeit Ruhr"}, {"url": "http://www1.wdr.de/mediathek/video/sendungen/servicezeit/index.html", "_type": "dir", "_thumb": "http://www1.wdr.de/fernsehen/servicezeit/willicks-koennes-logo-100~_v-original.jpg", "mode": "libWdrListVideos", "_name": "Servicezeit"}, {"url": "http://www1.wdr.de/mediathek/video/sendungen/so-will-ich-wohnen/index.html", "_type": "dir", "_thumb": "http://www1.wdr.de/mediathek/video/sowillichwohnenlogo100~_v-original.jpg", "mode": "libWdrListVideos", "_name": "So will ich wohnen"}, {"url": "http://www1.wdr.de/mediathek/video/sendungen/sport-im-westen/index.html", "_type": "dir", "_thumb": "http://www1.wdr.de/mediathek/video/sendungen/sport-im-westen/sport-im-westen-104~_v-original.jpg", "mode": "libWdrListVideos", "_name": "Sport im Westen"}, {"url": "http://www1.wdr.de/mediathek/video/sendungen/sport-inside/index.html", "_type": "dir", "_thumb": "http://www1.wdr.de/mediathek/video/sendungen/sport-inside/bildsportinsidelogo100~_v-original.jpg", "mode": "libWdrListVideos", "_name": "Sport inside"}, {"url": "http://www1.wdr.de/mediathek/video/sendungen/stratmanns/index.html", "_type": "dir", "_thumb": "http://www1.wdr.de/fernsehen/stratmanns144~_v-original.jpg", "mode": "libWdrListVideos", "_name": "Stratmanns"}, {"url": "http://www1.wdr.de/mediathek/video/sendungen/straeters-maennerhaushalt/index.html", "_type": "dir", "_thumb": "http://www1.wdr.de/mediathek/video/sendungen/straeters-maennerhaushalt/logo-straeters-maennerhaushalt100~_v-original.jpg", "mode": "libWdrListVideos", "_name": "Str\u00e4ters M\u00e4nnerhaushalt"}, {"url": "http://www1.wdr.de/mediathek/video/sendungen/lokalzeit-suedwestfalen/index.html", "_type": "dir", "_thumb": "http://www1.wdr.de/mediathek/video/sendungen/lokalzeit-suedwestfalen/logo-lokalzeit-suedwestfalen-100~_v-original.jpg", "mode": "libWdrListVideos", "_name": "Lokalzeit S\u00fcdwestfalen"}, {"url": "http://www1.wdr.dehttp://www.wdrmaus.de/elefantenseite/eltern/filme.php5", "_type": "dir", "_thumb": "http://www1.wdr.de//www1.wdr.de/kinder/sendungen_az_diesendungmitdemelefanten100~_v-original.jpg", "mode": "libWdrListVideos", "_name": "Die Sendung mit dem Elefanten"}, {"url": "http://www1.wdr.dehttp://www.wdrmaus.de/", "_type": "dir", "_thumb": "http://www1.wdr.de//www1.wdr.de/kinder/tv/die-sendung-mit-der-maus/sendungen_az_diesendungmitdermaus100~_v-original.jpg", "mode": "libWdrListVideos", "_name": "Die Sendung mit der Maus"}, {"url": "http://www1.wdr.de/mediathek/video/sendungen/die-story/index.html", "_type": "dir", "_thumb": "http://www1.wdr.de/fernsehen/diestory100~_v-original.jpg", "mode": "libWdrListVideos", "_name": "Die Story"}, {"url": "http://www1.wdr.de/mediathek/video/sendungen/tag-sieben/index.html", "_type": "dir", "_thumb": "http://www1.wdr.de/fernsehen/tag-sieben/banner-tag-sieben-100~_v-original.jpg", "mode": "libWdrListVideos", "_name": "Tag7"}, {"url": "http://www1.wdr.de/mediathek/video/sendungen/tatort/index.html", "_type": "dir", "_thumb": "http://www1.wdr.de/wdr-migration/tatort712~_v-original.jpg", "mode": "libWdrListVideos", "_name": "Tatort"}, {"url": "http://www1.wdr.de/mediathek/video/sendungen/tiere-suchen-ein-zuhause/index.html", "_type": "dir", "_thumb": "http://www1.wdr.de/fernsehen/tiere-suchen-ein-zuhause/tieresucheneinzuhause102~_v-original.jpg", "mode": "libWdrListVideos", "_name": "Tiere suchen ein Zuhause"}, {"url": "http://www1.wdr.de/mediathek/video/sendungen/die-unwahrscheinlichen-ereignisse-im-leben-von/index.html", "_type": "dir", "_thumb": "http://www1.wdr.de/unterhaltung/kabarett-und-comedy/dueilv_logo100~_v-original.jpg", "mode": "libWdrListVideos", "_name": "Die unwahrscheinlichen Ereignisse im Leben von"}, {"url": "http://www1.wdr.de/mediathek/video/sendungen/unterhaltung/index.html", "_type": "dir", "_thumb": "http://www1.wdr.de/mediathek/video/sendungen/unterhaltung/logo-unterhaltung100~_v-original.jpg", "mode": "libWdrListVideos", "_name": "Unterhaltung"}, {"url": "http://www1.wdr.de/mediathek/video/sendungen/der-vorkoster/index.html", "_type": "dir", "_thumb": "http://www1.wdr.de/mediathek/video/logo-der-vorkoster100~_v-original.jpg", "mode": "libWdrListVideos", "_name": "Der Vorkoster"}, {"url": "http://www1.wdr.de/mediathek/video/sendungen/wdr-aktuell/index.html", "_type": "dir", "_thumb": "http://www1.wdr.de/nachrichten/wdraktuell184~_v-original.jpg", "mode": "libWdrListVideos", "_name": "WDR aktuell"}, {"url": "http://www1.wdr.de/mediathek/video/sendungen/wdr-dok/index.html", "_type": "dir", "_thumb": "http://www1.wdr.de/fernsehen/wdr-dok/wdrdok-logo100~_v-original.jpg", "mode": "libWdrListVideos", "_name": "WDR.DOK"}, {"url": "http://www1.wdr.de/mediathek/video/sendungen/wdr-extra/index.html", "_type": "dir", "_thumb": "http://www1.wdr.de/mediathek/video/sendungen/wdr-extra/logo-wdr-extra100~_v-original.jpg", "mode": "libWdrListVideos", "_name": "WDR extra"}, {"url": "http://www1.wdr.de/mediathek/video/sendungen/wdr-klassik/index.html", "_type": "dir", "_thumb": "http://www1.wdr.de/fernsehen/wdr-klassik/logo-wdr-klassik-100~_v-original.jpg", "mode": "libWdrListVideos", "_name": "WDR Klassik"}, {"url": "http://www1.wdr.de/mediathek/video/sendungen/wdr-weltweit/index.html", "_type": "dir", "_thumb": "http://www1.wdr.de/mediathek/video/sendungen/wdr-weltweit/logo-wdr-weltweit-100~_v-original.jpg", "mode": "libWdrListVideos", "_name": "WDR Weltweit"}, {"url": "http://www1.wdr.de/mediathek/video/sendungen/westart-jazzline/index.html", "_type": "dir", "_thumb": "http://www1.wdr.de/mediathek/video/sendungen/west-art/logo-westart-jazzline100~_v-original.jpg", "mode": "libWdrListVideos", "_name": "Westart Jazzline"}, {"url": "http://www1.wdr.de/mediathek/video/sendungen/westart-live/index.html", "_type": "dir", "_thumb": "http://www1.wdr.de/unternehmen/westart-live-im-wdr-fernsehen-100~_v-original.jpg", "mode": "libWdrListVideos", "_name": "Westart live"}, {"url": "http://www1.wdr.de/mediathek/video/sendungen/westart-magazin/index.html", "_type": "dir", "_thumb": "http://www1.wdr.de/mediathek/video/sendungen/west-art/logo-westart102~_v-original.jpg", "mode": "libWdrListVideos", "_name": "Westart Magazin"}, {"url": "http://www1.wdr.de/mediathek/video/sendungen/westart-meisterwerke/index.html", "_type": "dir", "_thumb": "http://www1.wdr.de/mediathek/video/sendungen/west-art/logo-westart-meisterwerke100~_v-original.jpg", "mode": "libWdrListVideos", "_name": "Westart Meisterwerke"}, {"url": "http://www1.wdr.de/mediathek/video/sendungen/westpol/index.html", "_type": "dir", "_thumb": "http://www1.wdr.de/nachrichten/landespolitik/logo192~_v-original.jpg", "mode": "libWdrListVideos", "_name": "Westpol"}, {"url": "http://www1.wdr.de/mediathek/video/sendungen/wissen-macht-ah/index.html", "_type": "dir", "_thumb": "http://www1.wdr.de/wdr-migration/wissenmachtahlogo100~_v-original.jpg", "mode": "libWdrListVideos", "_name": "Wissen macht Ah!"}, {"url": "http://www1.wdr.de/mediathek/video/sendungen/wunderschoen/index.html", "_type": "dir", "_thumb": "http://www1.wdr.de/fernsehen/wunderschoen/xpromowunderschoen100~_v-original.jpg", "mode": "libWdrListVideos", "_name": "Wundersch\u00f6n"}, {"url": "http://www1.wdr.de/mediathek/video/sendungen/die-wiwaldi-show/index.html", "_type": "dir", "_thumb": "http://www1.wdr.de/mediathek/video/sendungen/die-wiwaldi-show/logo-wiwaldi-show100~_v-original.jpg", "mode": "libWdrListVideos", "_name": "Die Wiwaldi-Show"}, {"url": "http://www1.wdr.de/mediathek/video/sendungen/zeiglers-wunderbare-welt-des-fussballs/index.html", "_type": "dir", "_thumb": "http://www1.wdr.de/wdr-migration/zeigler100~_v-original.jpg", "mode": "libWdrListVideos", "_name": "Zeiglers wunderbare Welt des Fu\u00dfballs"}, {"url": "http://www1.wdr.de/mediathek/video/sendungen/zimmer-frei/index.html", "_type": "dir", "_thumb": "http://www1.wdr.de/unterhaltung/show-und-talk/zimmer-frei-logo-teaser-allgemein-100~_v-original.jpg", "mode": "libWdrListVideos", "_name": "Zimmer frei!"}, {"url": "http://www1.wdr.de/mediathek/video/sendungen/zwei-fuer-einen/index.html", "_type": "dir", "_thumb": "http://www1.wdr.de/mediathek/video/sendungen/zwei-fuer-einen/sendungslogo-zwei-fuer-einen100~_v-original.jpg", "mode": "libWdrListVideos", "_name": "Zwei f\u00fcr Einen \u2013 Das Quiz f\u00fcr den Westen"}], "cachetime": "TODO cachetime", "scriptname": "libWdr", "scriptpath": "script.module.libwdr", "ttl": "TODO ttl", "channel": "WDR"}