<?xml version="1.0" encoding="UTF-8"?>
<addon id="plugin.video.mdrmediathek" name="MDR Mediathek" version="0.2.0" provider-name="membrane">
    <requires>
        <import addon="xbmc.python" version="2.1.0"/>
		<import addon="script.module.libmdr" version="0.2.0"/>
    </requires>
    <extension point="xbmc.python.pluginsource" library="default.py">
        <provides>video</provides>
    </extension>
    <extension point="xbmc.addon.metadata">
        <platform>all</platform>
        <summary lang="en">MDR Beta</summary>
        <description lang="en">MDR Beta</description>
    </extension>
</addon>
