<?xml version="1.0" encoding="UTF-8"?>
<addon id="plugin.video.brmediathek" name="BR Mediathek" version="0.0.2" provider-name="membrane">
    <requires>
        <import addon="xbmc.python" version="2.1.0"/>
		<import addon="script.module.libBr" version="0.3.3"/>
    </requires>
    <extension point="xbmc.python.pluginsource" library="default.py">
        <provides>video</provides>
    </extension>
    <extension point="xbmc.addon.metadata">
        <platform>all</platform>
        <summary lang="en">BR Mediathek</summary>
        <description lang="en">BR Mediathek</description>
    </extension>
</addon>
