﻿<?xml version="1.0" encoding="UTF-8"?>
<tv generator-info-name="WebGrab+Plus/w MDB &amp; REX Postprocess -- version  V1.57 -- Jan van Straaten" generator-info-url="http://www.webgrabplus.com">
  <channel id="olympia1">
    <display-name lang="de">Olympia 1</display-name>
    <url>http://www.rio.zdf.de</url>
  </channel>
  <channel id="olympia2">
    <display-name lang="de">Olympia 2</display-name>
    <url>http://www.rio.zdf.de</url>
  </channel>
  <channel id="olympia3">
    <display-name lang="de">Olympia 3</display-name>
    <url>http://www.rio.zdf.de</url>
  </channel>
  <channel id="olympia4">
    <display-name lang="de">Olympia 4</display-name>
    <url>http://www.rio.zdf.de</url>
  </channel>
  <channel id="olympia5">
    <display-name lang="de">Olympia 5</display-name>
    <url>http://www.rio.zdf.de</url>
  </channel>
  <channel id="olympia6">
    <display-name lang="de">Olympia 6</display-name>
    <url>http://www.rio.zdf.de</url>
  </channel>
  <programme start="20160810114200 +0000" stop="20160810141500 +0000" channel="olympia1">
    <title lang="de">Fechten: (F) Florett Einzel Runde der letzten 64 (-Deutschland)</title>
    <desc lang="de">Carolin Golubytskyi macht auf der Planche eine gute Figur, der ganz große Erfolg in Form einer Medaille fehlt ihr aber noch</desc>
  </programme>
  <programme start="20160810151500 +0000" stop="20160810170000 +0000" channel="olympia1">
    <title lang="de">Hockey: (F) Vorrunde Gruppe A (GER-KOR)</title>
    <desc lang="de">Nach dem Zittersieg im zweiten Gruppenspiel gegen Mitfavorit Neuseeland wollen die deutschen Hockey-Damen im Spiel gegen Südkorea für klare Verhältnisse in ihrer Gruppe sorgen</desc>
    <credits>
      <presenter>Béla Réthy, Philipp Crone</presenter>
    </credits>
  </programme>
  <programme start="20160810170000 +0000" stop="20160810185000 +0000" channel="olympia1">
    <title lang="de">Segeln: (F), (M) diverse Regatten</title>
    <desc lang="de">Im Laser geht der WM-Sibermedaillengewinner von 2015, Philipp Buhl, mit seiner Einhand-Jolle in die 5. und 6. Wettfahrt. Außerdem gibt es weitere Finn-Dinghy-, Naca-17- und 470-er-Wettfahrten</desc>
    <credits>
      <presenter>Nils Kaben</presenter>
    </credits>
  </programme>
  <programme start="20160810190000 +0000" stop="20160810213500 +0000" channel="olympia1">
    <title lang="de">Turnen: (M) Mehrkampf Einzel Finale</title>
    <desc lang="de">Im Einzel-Mehrkampf-Finale gehen für Deutschland der London-Silbermedaillengewinner Marcel Nguyen und Olympia-Neuling Andreas Bretschneider an den Start</desc>
    <credits>
      <presenter>Alex Ruda, Ronny Ziesmer</presenter>
    </credits>
  </programme>
  <programme start="20160810223000 +0000" stop="20160811003100 +0000" channel="olympia1">
    <title lang="de">Wasserball: (M) Vorrunde Gruppe A (BRA-SRB)</title>
    <desc lang="de">Nach den beiden Siegen gegen Australien und Japan will der Gastgeber gegen Serbien, das noch kein Spiel gewinnen konnte, den dritten Vorrundensieg einfahren</desc>
  </programme>
  <programme start="20160811005500 +0000" stop="20160811033000 +0000" channel="olympia1">
    <title lang="de">Schwimmen (M), (F) mit Entscheidungen</title>
    <desc lang="de">Über 200 m Brust sowie 100 m Freistil geht es bei den Herren um Medaillen. Bei den Frauen stehen die Entscheidungen über 200 m Schmetterling und 4 x 200 m Freistil an</desc>
    <credits>
      <presenter>Thomas Wark</presenter>
    </credits>
  </programme>
  <programme start="20160811150000 +0000" stop="20160811160000 +0000" channel="olympia1">
    <title lang="de">Schießen: (F) 50m Gewehr 3 Stellungen Finale</title>
    <desc lang="de">Barbara Engleder und Eva Roesken aus Ehrenkirchen sind die deutschen Hoffnungen im Kleinkaliber Dreistellungskampf der Damen</desc>
    <credits>
      <presenter>Eik Galley</presenter>
    </credits>
  </programme>
  <programme start="20160811160000 +0000" stop="20160811181500 +0000" channel="olympia1">
    <title lang="de">(M+F) Schwimmen Vorläufe</title>
    <desc lang="de">Freistil-Spezialist Damian Wierling von der SG Essen rechnet sich in den Vorläufen über 50 m der Männer gute Chancen aufs Weiterkommen aus</desc>
    <credits>
      <presenter>Tom Bartels</presenter>
    </credits>
  </programme>
  <programme start="20160811200000 +0000" stop="20160811230000 +0000" channel="olympia1">
    <title lang="de">(F) Fechten Kampf um Platz 3 + Finale</title>
    <desc lang="de">Die Medaillenentscheidungen im Mannschaftswettbewerb der Degenfechterinnen</desc>
    <credits>
      <presenter>Michael Drevenstedt</presenter>
    </credits>
  </programme>
  <programme start="20160810122000 +0000" stop="20160810141500 +0000" channel="olympia2">
    <title lang="de">Handball: (F) Vorrunde Gruppe A (BRA-ESP)</title>
    <desc lang="de">Mit Gastgeber Brasilien und Spanien, dem Bronzemedaillengewinner von 2012, treffen der Gruppen-Erste und –Vierte der Gruppe A aufeinander</desc>
    <credits>
      <presenter>Christoph Hamm</presenter>
    </credits>
  </programme>
  <programme start="20160810142700 +0000" stop="20160810155000 +0000" channel="olympia2">
    <title lang="de">Judo (F) 70 kg und (M) 90 kg</title>
    <desc lang="de">Verschiedene Kämpfe , u.a. mit dem Duell Laura Vargas Koch gegen Bernadette Graf aus Österreich</desc>
    <credits>
      <presenter>Alexander von der Groeben</presenter>
    </credits>
  </programme>
  <programme start="20160810155400 +0000" stop="20160810180200 +0000" channel="olympia2">
    <title lang="de">Schwimmen (M), (F) Vorläufe</title>
    <desc lang="de">U.a. mit den Vorläufen über 100 m Freistil der Damen sowie den Voräufen über 200 m Rücken der Männer mit Olympia-Debütant Christian Diener vom OSC Potsdam</desc>
    <credits>
      <presenter>Christian Keller</presenter>
    </credits>
  </programme>
  <programme start="20160810183700 +0000" stop="20160810190800 +0000" channel="olympia2">
    <title lang="de">Fechten: (M) Säbel Einzel Viertelfinale (GER-USA)</title>
    <desc lang="de">Matyas Szabo kämpft gegen Hartung-Bezwinger Daryl Homer (USA)</desc>
    <credits>
      <presenter>Julius Hilfenhaus</presenter>
    </credits>
  </programme>
  <programme start="20160810190800 +0000" stop="20160810210900 +0000" channel="olympia2">
    <title lang="de">Judo (F) -70kg, (M) -90kg mit Entscheidu</title>
    <desc lang="de">Im Mittelgewicht kann bei den Damen Laura Vargas Koch aus Berlin bei den Medaillenentscheidungen ein Wörtchen mitreden</desc>
    <credits>
      <presenter>Alexander von der Groeben</presenter>
    </credits>
  </programme>
  <programme start="20160810215500 +0000" stop="20160810235300 +0000" channel="olympia2">
    <title lang="de">Basketball: (M) Vorrunde Gruppe A (AUS-USA)</title>
    <desc lang="de">Zwei Siege mit jeweils über 40 Punkten Vorsprung haben die US-Amerikaner bisher eingefahren. Wird es gegen die Männer aus</desc>
    <credits>
      <presenter>Daniel Pinschower</presenter>
    </credits>
  </programme>
  <programme start="20160811005100 +0000" stop="20160811030100 +0000" channel="olympia2">
    <title lang="de">Fußball: (M) Vorrunde Gruppe A (DEN-BRA)</title>
    <desc lang="de">Der</desc>
    <credits>
      <presenter>Frank Gollenbeck</presenter>
    </credits>
  </programme>
  <programme start="20160811110000 +0000" stop="20160811114500 +0000" channel="olympia2">
    <title lang="de">Badminton: (MIX) Doppel Gruppe A CHN-GER</title>
    <desc lang="de">Im Mixed geht es in der Vorrunden-Gruppe A für das deutsche Duo Michael Fuchs und Birgit Michels, das in Peking den undankbaren vierten Rang belegte, gegen China um den ersten Sieg im Wettbewerb</desc>
    <credits>
      <presenter>Andreas Köstler</presenter>
    </credits>
  </programme>
  <programme start="20160811130000 +0000" stop="20160811164500 +0000" channel="olympia2">
    <title lang="de">(F+M) Judo 78kg und 100kg</title>
    <desc lang="de">Bei den Damen und Herren gehen die Halbschwergewichtler auf die Matte. Luise Malzahn, die Silbermedaillengewinnerin der Europaspiele in Baku, geht in dieser Disziplin für Deutschland an den Start</desc>
    <credits>
      <presenter>Guido de Santis</presenter>
    </credits>
  </programme>
  <programme start="20160811183000 +0000" stop="20160811220100 +0000" channel="olympia2">
    <title lang="de">(M+F) Judo Entscheidungen</title>
    <desc lang="de">Es ist der Abend der Entscheidungen in den Halbschwergewichtsklassen der Damen und Herren bei den Judoka</desc>
    <credits>
      <presenter>Guido de Santis</presenter>
    </credits>
  </programme>
  <programme start="20160811233000 +0000" stop="20160812020000 +0000" channel="olympia2">
    <title lang="de">Tischtennis: (M) Einzel Kampf um Platz 3 und Finale</title>
    <desc lang="de">Die Entscheidungen im Tischtennis-Einzel der Herren werden, wenig überraschend, von den asiatischen Tischtennis-Assen um den Weltranglisten-Ersten Long Ma dominiert</desc>
    <credits>
      <presenter>Roman Bonnaire</presenter>
    </credits>
  </programme>
  <programme start="20160810112500 +0000" stop="20160810114100 +0000" channel="olympia3">
    <title lang="de">Rudern: (F), (M) mit Finalläufen</title>
    <desc lang="de">Die Rennen sind aus Witterungsgründen verschoben</desc>
    <credits>
      <presenter>Yorck Polus, Kristof Wilke</presenter>
    </credits>
  </programme>
  <programme start="20160810133600 +0000" stop="20160810135800 +0000" channel="olympia3">
    <title lang="de">Judo: (M) 70kg Runde der letzten 32</title>
    <desc lang="de">BAKER M JPN vs ODENTHAL M GER</desc>
  </programme>
  <programme start="20160810135800 +0000" stop="20160810163000 +0000" channel="olympia3">
    <title lang="de">Beachvolleyball: Vorrunde (M)</title>
    <desc lang="de">Mit einem Sieg gegen die Katarer Cherif Younousse und Jefferson Santos Pereira können sich die Österreicher Alexander Huber und Robin Seidl in Gruppe F Platz Eins sichern</desc>
    <credits>
      <presenter>Jonas Reckermann</presenter>
    </credits>
  </programme>
  <programme start="20160810163000 +0000" stop="20160810170800 +0000" channel="olympia3">
    <title lang="de">Boxen: (M) Schwergewicht Viertelfinale</title>
    <desc lang="de">Beim den Boxern steht das Viertelfinale im Schwergewicht auf dem Programm: Dabei trifft u.a. der Usbeke Rustam Tulaganov auf Abdulkadir Abdullayev aus Aserbaidschan</desc>
    <credits>
      <presenter>Günther-Peter Ploog</presenter>
    </credits>
  </programme>
  <programme start="20160810181400 +0000" stop="20160810185300 +0000" channel="olympia3">
    <title lang="de">Kanu-Slalom: Slalom (M) Kajak-Einer Finale</title>
    <desc lang="de">Das Slalom-Kajak-Einer-Finale der Herren könnte mit deutscher Beteiligung stattfinden: Hannes Aigner, der Bronzemedaillengewinner von London, hofft erneut auf Edelmetall</desc>
    <credits>
      <presenter>Susanne Simon</presenter>
    </credits>
  </programme>
  <programme start="20160810185500 +0000" stop="20160810200000 +0000" channel="olympia3">
    <title lang="de">Wasserspringen: (M) 3m Kunstspringen Synchron Finale</title>
    <desc lang="de">Im Synchron-Finale vom 3-Meter-Brett gehen Stephan Feck und der Silbermedaillengewinner von 2008 im Synchronspringen vom Turm, Patrick Hausding, für Deutschland an den Start</desc>
    <credits>
      <presenter>Stefan Bier</presenter>
    </credits>
  </programme>
  <programme start="20160810200000 +0000" stop="20160810201500 +0000" channel="olympia3">
    <title lang="de">Tennis: (F) Einzel Konta - Kerber</title>
    <desc lang="de">Regen in Rio - Start verschoben! Nach den Siegen über Bouchard und Stosur wartet mit Johanna Konta aus Großbritannien erneut eine machbare Gegnerin auf die Nummer Zwei der Welt</desc>
    <credits>
      <presenter>Aris Donzelli</presenter>
    </credits>
  </programme>
  <programme start="20160810201500 +0000" stop="20160810203000 +0000" channel="olympia3">
    <title lang="de">Tennis: (F) Einzel Puig - Siegemund</title>
    <desc lang="de">Regen in Rio - Spielbeginn offen! Laura Siegemund spielt am Nachmittag die dritte Partie auf dem Court 3. Der genaue Spielbeginn entscheidet sich kurzfristig</desc>
  </programme>
  <programme start="20160810203000 +0000" stop="20160811010000 +0000" channel="olympia3">
    <title lang="de">Fechten Florett (F) und Säbel (M)</title>
    <desc lang="de">Im Fecht- sowie im Säbel-Einzel stehen die Entscheidungen bei den Männern und Frauen an</desc>
    <credits>
      <presenter>Julius Hilfenhaus</presenter>
    </credits>
  </programme>
  <programme start="20160811012500 +0000" stop="20160811030100 +0000" channel="olympia3">
    <title lang="de">Volleyball: (F) Vorrunde Gruppe A (Brasilien-Japan)</title>
    <desc lang="de">Die Brasilianerinnen haben bisher keinen Satzverlust zu beklagen - hält die Serie auch gegen die Japanerinnen</desc>
    <credits>
      <presenter>Martin Schneider</presenter>
    </credits>
  </programme>
  <programme start="20160811102500 +0000" stop="20160811161400 +0000" channel="olympia3">
    <title lang="de">Golf: (M) Einzel Runde 1</title>
    <desc lang="de">Unzählige Golf-Stars, darunter die besten vier der Weltrangliste, haben aus Angst vor dem Zika-Virus ihren Start bei Olympia abgesagt. Nicht so Martin Kaymer, der auf eine Medaille hofft</desc>
    <credits>
      <presenter>Matthias Cammann</presenter>
    </credits>
  </programme>
  <programme start="20160811161500 +0000" stop="20160811171500 +0000" channel="olympia3">
    <title lang="de">Segeln: (M) 470 Klasse</title>
    <desc lang="de">Dritte Wettfahrt in der 470’er Klasse mit den Deutschen Ferdinand Gerz und Oliver Szymanski vom Segler-Verein Wörthsee</desc>
    <credits>
      <presenter>Peter Carstens</presenter>
    </credits>
  </programme>
  <programme start="20160811190000 +0000" stop="20160811215500 +0000" channel="olympia3">
    <title lang="de">Turnen: (F) Mehrkampf Einzel Finale</title>
    <desc lang="de">Im Turnen gehen die Damen ins Mehrkampf Einzel Finale. Einmal mehr gute Chancen für die Chinesinnen zu Edelmetall zu kommen</desc>
    <credits>
      <presenter>Philipp Sohmer</presenter>
    </credits>
  </programme>
  <programme start="20160810112500 +0000" stop="20160810125200 +0000" channel="olympia4">
    <title lang="de">Radsport Straße: Straße (F) Einzelzeitfahren</title>
    <desc lang="de">29,8 Kilometer müssen die Frauen beim Einzelzeitfahren zurücklegen. Lisa Brennauer und Trixi Worrack zählen aus deutscher Sicht zum Kreis der Medaillenkandidatinnen</desc>
    <credits>
      <presenter>Peter Leissl</presenter>
    </credits>
  </programme>
  <programme start="20160810125300 +0000" stop="20160810161500 +0000" channel="olympia4">
    <title lang="de">Radsport Straße: Straße (M) Einzelzeitfahren</title>
    <desc lang="de">Eine Silbermedaille brachte Tony Martin vor vier Jahren aus London vom Einzelzeitfahren mit. Der dreimalige Zeitfahrweltmeister zählt auch in Rio zu den Medaillenkandidaten</desc>
    <credits>
      <presenter>Peter Leissl</presenter>
    </credits>
  </programme>
  <programme start="20160810162500 +0000" stop="20160810173100 +0000" channel="olympia4">
    <title lang="de">Kanu-Slalom: Slalom (M) Kajak-Einer Halbfinale</title>
    <desc lang="de">Im Slalom-Einer-Kajak-Wettbewerb will der Bronzemedaillengewinner von London, Hannes Aigner, erneut ins Finale einziehen</desc>
    <credits>
      <presenter>Susanne Simon</presenter>
    </credits>
  </programme>
  <programme start="20160810175500 +0000" stop="20160810185200 +0000" channel="olympia4">
    <title lang="de">Schießen: (M) Doppel-Trap Halbfinale + Finale</title>
    <desc lang="de">Bei der diesjährigen Europameisterschaft schaffte Andreas Löw den sechsten Platz. Mit dem Finaleinzug in Rio würde sich für den Sportsoldaten ein Traum erfüllen</desc>
    <credits>
      <presenter>Tibor Meingast</presenter>
    </credits>
  </programme>
  <programme start="20160810185400 +0000" stop="20160810210800 +0000" channel="olympia4">
    <title lang="de">Fußball: (M) Vorrunde Gruppe C (GER-FIJ)</title>
    <desc lang="de">Nach zwei Remis brauchen die deutschen Fußballer im letzten Gruppenspiel einen hohen Sieg gegen Außenseiter und Tabellenschlusslicht Fidschi, um das Viertelfinale zu erreichen</desc>
    <credits>
      <presenter>Wolf-Dieter Poschmann</presenter>
    </credits>
  </programme>
  <programme start="20160810223000 +0000" stop="20160810231000 +0000" channel="olympia4">
    <title lang="de">Boxen: (M) Schwergewicht Viertelfinale (-)</title>
    <desc lang="de">Nach dem Sieg gegen den Weltmeisterschafts-Vierten von 2015, David Graf, will der Argentinier Yamil Alberto Peralta nun das Ticket fürs Halbfinale lösen</desc>
  </programme>
  <programme start="20160810233100 +0000" stop="20160811014500 +0000" channel="olympia4">
    <title lang="de">Tischtennis: (F) Einzel, Spiel um Gold</title>
    <desc lang="de">Eines steht bereits vor den letzten Einzelpartien der Damen fest. Alle drei Medaillen gehen nach Asien, dem Tischtennis-Kontinent schlechthin</desc>
    <credits>
      <presenter>Michael Kreutz</presenter>
    </credits>
  </programme>
  <programme start="20160811130000 +0000" stop="20160811153000 +0000" channel="olympia4">
    <title lang="de">(M) Tischtennis Einzel Halbfinale</title>
    <desc lang="de">Im asiatisch dominierten Einzel-Halbfinale der Männer im Tischtennis trifft die chinesische Nr. 1 der Welt, Long Ma, auf den sechstplazierten Japaner Jun Mizutani</desc>
    <credits>
      <presenter>Roman Bonnaire</presenter>
    </credits>
  </programme>
  <programme start="20160811153000 +0000" stop="20160811184500 +0000" channel="olympia4">
    <title lang="de">Kanu-Slalom: (M) Kanu Slalom</title>
    <desc lang="de">Das Weltmeisterboot von Franz Anton und Jan Benzien vom LKC Leipzig geht im Zweier-Canadier im Halbfinale an den Start</desc>
    <credits>
      <presenter>Peter Grube</presenter>
    </credits>
  </programme>
  <programme start="20160811190000 +0000" stop="20160811213000 +0000" channel="olympia4">
    <title lang="de">Radsport Bahn: (M+F) Bahnrad Team Verfolgung Finale</title>
    <desc lang="de">Im Teamsprint haben die WM-Silbermedaillengewinner von 2014 und Bronze-Gewinner von London René Enders und Robert Förstemann sowie Maximilian Levy gute Chancen auf Edelmetall</desc>
    <credits>
      <presenter>Florian Nass</presenter>
    </credits>
  </programme>
  <programme start="20160811225000 +0000" stop="20160812003000 +0000" channel="olympia4">
    <title lang="de">Handball: (M) Vorrunde Gruppe B SLO-SWE</title>
    <desc lang="de">Schweden steht nach zwei Niederlagen in der Gruppe B vor dem Spiel gegen Slowenien massiv unter Zugzwang</desc>
    <credits>
      <presenter>Hendrik Deichmann</presenter>
    </credits>
  </programme>
  <programme start="20160810125200 +0000" stop="20160810190500 +0000" channel="olympia5">
    <title lang="de">Reiten: Dressur Grand Prix</title>
    <desc lang="de">Nach der Silbermedaille für die Vielseitigsreiter hoffen Isabell Werth, Dorothee Schneider, Kristina Bröring-Sprehe und Sönke Rothenberger auf eine Medaille in der Dressur</desc>
    <credits>
      <presenter>Hermann Valkyser, Gert Herrmann</presenter>
    </credits>
  </programme>
  <programme start="20160810192600 +0000" stop="20160810214800 +0000" channel="olympia5">
    <title lang="de">Beachvolleyball Vorrunde (M) (F)</title>
    <desc lang="de">Gelingt den niederländischen, bestehend aus Alexander Brouwer und dem 2,07 Meter großen Weltranglisten-Dritten Robert Meeuwsen, gegen das polnische Duo Bartosz Losiak / Piotr Kantor der nächste Sieg</desc>
    <credits>
      <presenter>Martin Hüsener, Jonas Reckermann</presenter>
    </credits>
  </programme>
  <programme start="20160810220600 +0000" stop="20160811000000 +0000" channel="olympia5">
    <title lang="de">Gewichtheben: (M) -77kg</title>
    <desc lang="de">Nico Mueller vom SV Germania Obrigheim vertritt die deutschen Farben bei den Gewichthebern in der Klasse bis 77 kg</desc>
  </programme>
  <programme start="20160811000000 +0000" stop="20160811033000 +0000" channel="olympia5">
    <title lang="de">Beachvolleyball Vorrunde (M) (F)</title>
    <desc lang="de">Das deutsche Duo Markus Böckermann/ Lars Flüggen steht vor dem letzten Spiel der Gruppe B gegen die Russen Niikita Liamin und Dmitri Barsouk massiv unter Zugzwang</desc>
    <credits>
      <presenter>Martin Hüsener, Jonas Reckermann</presenter>
    </credits>
  </programme>
  <programme start="20160811153000 +0000" stop="20160811170000 +0000" channel="olympia5">
    <title lang="de">Hockey: (M) Vorrunde Gruppe B ARG-GER</title>
    <desc lang="de">Mit einem Sieg über Argentinien, dass noch um die Viertelfinal-Qualifikation zittern muss, kann das Team von Jung-Coach Valentin Altenburg seine Führung an der Tabellenspitze der Gruppe B ausbauen</desc>
    <credits>
      <presenter>Christian Blunck</presenter>
    </credits>
  </programme>
  <programme start="20160811180000 +0000" stop="20160811195600 +0000" channel="olympia5">
    <title lang="de">(F) Bogenschießen Viertelfinale - Finale</title>
    <desc lang="de">Im Bogenschießen der Damen stehen im Einzel die Viertelfinales auf dem Programm</desc>
    <credits>
      <presenter>Bodo Boeck</presenter>
    </credits>
  </programme>
  <programme start="20160811195700 +0000" stop="20160811212500 +0000" channel="olympia5">
    <title lang="de">Hockey: (F) Vorrunde Gruppe A GER-ESP</title>
    <desc lang="de">Das deutsche Team hat gute Chancen, im vierten Vorrundenspiel der Gruppe A gegen Spanien, das bisher alle Partien verlor, den dritten Sieg einzufahren</desc>
    <credits>
      <presenter>Christian Blunck</presenter>
    </credits>
  </programme>
  <programme start="20160811212500 +0000" stop="20160811233000 +0000" channel="olympia5">
    <title lang="de">(M) Rugby Spiel um Platz 3 und Finale</title>
    <desc lang="de">Spiel um Platz 3 und Finale</desc>
    <credits>
      <presenter>Peter Grube</presenter>
    </credits>
  </programme>
  <programme start="20160810115500 +0000" stop="20160810130500 +0000" channel="olympia6">
    <title lang="de">Bogenschießen: (M) Einzel (GER-MAS)</title>
    <desc lang="de">Florian Floto will seine Chance auf das Erreichen der nächsten Runde wahren</desc>
    <credits>
      <presenter>Marc Windgassen</presenter>
    </credits>
  </programme>
  <programme start="20160810130600 +0000" stop="20160810153700 +0000" channel="olympia6">
    <title lang="de">Tischtennis (F) Einzel, Halbfinals</title>
    <desc lang="de">Das Halbfinale im Einzel der Damen ist fest in asiatischer Hand, nachdem die Chinesin Ning Ding die letzte verbliebenen Deutsche, Ying Han, im Viertelfinale klar bezwingen konnte</desc>
  </programme>
  <programme start="20160810154500 +0000" stop="20160810181800 +0000" channel="olympia6">
    <title lang="de">Fechten: (M) Säbel Einzel Runde der letzten 32 (Deutschland-Benin)</title>
    <desc lang="de">Die Teamweltmeister von 2014, Maximilian Hartung und Matyas Szabo, wollen bei Olympia mit dem Säbel auch im Einzel erfolgreich sein</desc>
    <credits>
      <presenter>Julius Hilfenhaus</presenter>
    </credits>
  </programme>
  <programme start="20160810182200 +0000" stop="20160810191500 +0000" channel="olympia6">
    <title lang="de">Bogenschießen: Einzel (F) (GER - VEN)</title>
    <desc lang="de">Lisa Unruh will sich in der 1.Runde gegen Leidys Brito aus Venezuela durchsetzen. Um 16.05 Uhr findet die mögliche 2.Runde der Deutschen statt</desc>
    <credits>
      <presenter>Marc Windgassen</presenter>
    </credits>
  </programme>
  <programme start="20160810195700 +0000" stop="20160810220000 +0000" channel="olympia6">
    <title lang="de">Rugby (M) - Viertelfinale</title>
    <desc lang="de">Top-Favorit Fidschi trifft im Viertelfinale als Sieger der Gruppe A auf den zweitbesten Gruppendritten, Neuseeland, das als Mitfavorit die Vorrunde nur mit Mühe überstand</desc>
    <credits>
      <presenter>Peter Grube (Spiel 1 &amp; 2)</presenter>
    </credits>
  </programme>
  <programme start="20160810233000 +0000" stop="20160811010000 +0000" channel="olympia6">
    <title lang="de">Hockey: (M) Vorrunde Gruppe A (GBR-AUS)</title>
    <desc lang="de">Australien und Großbritannien kämpfen in der Gruppe A um einen Platz im Viertelfinale. Beide Teams brauchen einen Sieg, um unter die besten Acht zu kommen</desc>
  </programme>
  <programme start="20160811013000 +0000" stop="20160811033000 +0000" channel="olympia6">
    <title lang="de">Basketball: (M) Vorrunde Gruppe A (VEN-CHN)</title>
    <desc lang="de">Der Tabllen-5. der Gruppe A, Venezuela, benötigt einen Sieg fürs Weiterkommen genauso dringend wie Schlusslicht China</desc>
  </programme>
  <programme start="20160811130000 +0000" stop="20160811190000 +0000" channel="olympia6">
    <title lang="de">Dressur</title>
    <desc lang="de">Reiten Dressur</desc>
    <credits>
      <presenter>Carsten Sostmeier</presenter>
    </credits>
  </programme>
  <programme start="20160811194000 +0000" stop="20160811211000 +0000" channel="olympia6">
    <title lang="de">Handball: (M) Vorrunde Gruppe B BRA-GER</title>
    <desc lang="de">Zwei Spiele, zwei Siege - die deutschen Handballer sind auf Kurs. Gegen Gastgeber Brasilien spielen die Deutschen aber auch gegen die Kulisse in der Halle - halten die Nerven der</desc>
    <credits>
      <presenter>Hendrik Deichmann</presenter>
    </credits>
  </programme>
  <programme start="20160811213000 +0000" stop="20160812030100 +0000" channel="olympia6">
    <title lang="de">(F) Beachvolleyball GER-ITA, CAN-GER</title>
    <desc lang="de">Beachvolleyball Vorrunde GER-ITA, CAN-GER, SUI-NED</desc>
    <credits>
      <presenter>Claus Lufen/ Julius Brink</presenter>
    </credits>
  </programme>
</tv>