<?xml version="1.0" encoding="UTF-8"?>
<addon id="plugin.video.ardmediathek" name="ARD Mediathek Beta" version="0.0.4" provider-name="membrane">
    <requires>
        <import addon="xbmc.python" version="2.1.0"/>
		<import addon="script.module.libArd" version="0.2.2"/>
    </requires>
    <extension point="xbmc.python.pluginsource" library="default.py">
        <provides>video</provides>
    </extension>
    <extension point="xbmc.addon.metadata">
        <platform>all</platform>
        <summary lang="en">ARD Beta</summary>
        <description lang="en">ARD Beta</description>
    </extension>
</addon>
