<?xml version="1.0" encoding="UTF-8" standalone="yes"?>
<addon id="script.module.libwdr" 
	     name="libwdr" 
	     version="0.2.0" 
	     provider-name="membrane">
  <requires>
    <import addon="xbmc.python" version="2.1.0" />
    <import addon="script.module.libmediathek3" version="1.2.0"/>
  </requires>
  <extension point="xbmc.python.module" library="lib" />
  <extension point="xbmc.addon.metadata">
    <platform>all</platform>
    <summary lang="en">This is a scraper for content of the German broadcaster "WDR".</summary>
    <description lang="en">This is a scraper for content of the German broadcaster "WDR".</description>
  </extension>
</addon>
