<?xml version="1.0" encoding="UTF-8" standalone="yes"?>
<addon id="script.module.libard" 
	     name="libard" 
	     version="0.4.2" 
	     provider-name="membrane">
  <requires>
    <import addon="xbmc.python" version="2.1.0" />
    <import addon="script.module.libmediathek3" version="1.1.1"/>
  </requires>
  
  <extension point="xbmc.python.module" library="lib" />
  <extension point="xbmc.addon.metadata">
    <platform>all</platform>
    <summary lang="en">libArd</summary>
    <description lang="en">libArd</description>
  </extension>
</addon>
