<?xml version="1.0" encoding="UTF-8" standalone="yes"?>
<addon id="script.module.lib3sat" 
	     name="lib3sat" 
	     version="0.2.2" 
	     provider-name="membrane">
  <requires>
    <import addon="xbmc.python" version="2.1.0" />
    <import addon="script.module.libmediathek3" version="1.2.1"/>
    <import addon="script.module.mediathekxmlservice" version="0.1.0"/>
  </requires>
  <extension point="xbmc.python.module" library="lib" />
  <extension point="xbmc.addon.metadata">
    <platform>all</platform>
    <summary lang="en">lib3sat</summary>
    <description lang="en">lib3sat</description>
  </extension>
</addon>
