{"list": [{"url": "http://www.arte.tv/hbbtvv2/services/web/index.php/OPA/v3/videos/collection/MAGAZINE/RC-014120/de", "_type": "dir", "mode": "libArteListVideos", "_name": "360\u00b0 GEO Reportage"}, {"url": "http://www.arte.tv/hbbtvv2/services/web/index.php/OPA/v3/videos/collection/MAGAZINE/RC-014033/de", "_type": "dir", "mode": "libArteListVideos", "_name": "Abgedreht!"}, {"url": "http://www.arte.tv/hbbtvv2/services/web/index.php/OPA/v3/videos/collection/MAGAZINE/RC-014085/de", "_type": "dir", "mode": "libArteListVideos", "_name": "ARTE Journal"}, {"url": "http://www.arte.tv/hbbtvv2/services/web/index.php/OPA/v3/videos/collection/MAGAZINE/RC-013956/de", "_type": "dir", "mode": "libArteListVideos", "_name": "ARTE Re:"}, {"url": "http://www.arte.tv/hbbtvv2/services/web/index.php/OPA/v3/videos/collection/MAGAZINE/RC-014123/de", "_type": "dir", "mode": "libArteListVideos", "_name": "ARTE Reportage"}, {"url": "http://www.arte.tv/hbbtvv2/services/web/index.php/OPA/v3/videos/collection/MAGAZINE/RC-014092/de", "_type": "dir", "mode": "libArteListVideos", "_name": "BiTS"}, {"url": "http://www.arte.tv/hbbtvv2/services/web/index.php/OPA/v3/videos/collection/MAGAZINE/RC-014034/de", "_type": "dir", "mode": "libArteListVideos", "_name": "Karambolage"}, {"url": "http://www.arte.tv/hbbtvv2/services/web/index.php/OPA/v3/videos/collection/MAGAZINE/RC-014513/de", "_type": "dir", "mode": "libArteListVideos", "_name": "Kurzschluss"}, {"url": "http://www.arte.tv/hbbtvv2/services/web/index.php/OPA/v3/videos/collection/MAGAZINE/RC-014032/de", "_type": "dir", "mode": "libArteListVideos", "_name": "Metropolis"}, {"url": "http://www.arte.tv/hbbtvv2/services/web/index.php/OPA/v3/videos/collection/MAGAZINE/RC-014036/de", "_type": "dir", "mode": "libArteListVideos", "_name": "Mit offenen Karten"}, {"url": "http://www.arte.tv/hbbtvv2/services/web/index.php/OPA/v3/videos/collection/MAGAZINE/RC-014080/de", "_type": "dir", "mode": "libArteListVideos", "_name": "Philosophie"}, {"url": "http://www.arte.tv/hbbtvv2/services/web/index.php/OPA/v3/videos/collection/MAGAZINE/RC-014078/de", "_type": "dir", "mode": "libArteListVideos", "_name": "Square"}, {"url": "http://www.arte.tv/hbbtvv2/services/web/index.php/OPA/v3/videos/collection/MAGAZINE/RC-014340/de", "_type": "dir", "mode": "libArteListVideos", "_name": "Stadt Land Kunst"}, {"url": "http://www.arte.tv/hbbtvv2/services/web/index.php/OPA/v3/videos/collection/MAGAZINE/RC-014037/de", "_type": "dir", "mode": "libArteListVideos", "_name": "Tracks"}, {"url": "http://www.arte.tv/hbbtvv2/services/web/index.php/OPA/v3/videos/collection/MAGAZINE/RC-014035/de", "_type": "dir", "mode": "libArteListVideos", "_name": "Vox Pop"}, {"url": "http://www.arte.tv/hbbtvv2/services/web/index.php/OPA/v3/videos/collection/MAGAZINE/RC-014038/de", "_type": "dir", "mode": "libArteListVideos", "_name": "Xenius"}, {"url": "http://www.arte.tv/hbbtvv2/services/web/index.php/OPA/v3/videos/collection/MAGAZINE/RC-014124/de", "_type": "dir", "mode": "libArteListVideos", "_name": "Zu Tisch"}], "cachetime": "TODO cachetime", "scriptname": "libArte", "scriptpath": "script.module.libarte", "ttl": "TODO ttl", "channel": "Arte"}