{"cachetime": "TODO cachetime", "list": [{"_type": "dir", "url": "http://www.mdr.de/tv/programm/kripolive126-meta.xml", "_name": "Kripo live", "mode": "libMdrListVideos", "_plot": "\"Kripo live\" mit Axel Bulthaupt - die Fernseh-Fahndungssendung, in der ungel\u00f6ste Kriminalf\u00e4lle vorgestellt sowie Tipps f\u00fcr Verbrechenspr\u00e4vention gegeben werden.", "_thumb": "http://www.mdr.de/kripo-live/logoKripolive100-resimage_v-variantBig16x9_w-960.png?version=4333"}, {"_type": "dir", "url": "http://www.mdr.de/tv/programm/diespurderahnen100-meta.xml", "_name": "Die Spur der Ahnen", "mode": "libMdrListVideos", "_plot": "Mirko Drotschmann begibt sich mit Angeh\u00f6rigen auf die Spuren von Familiengeheimnissen oder unglaublichen Kapiteln der Familiengeschichte.", "_thumb": "http://www.mdr.de/ahnen/logo128-resimage_v-variantBig16x9_w-960.png?version=4333"}, {"_type": "dir", "url": "http://www.mdr.de/tv/programm/mdrsachsenspiegel100-meta.xml", "_name": "MDR SACHSENSPIEGEL", "mode": "libMdrListVideos", "_plot": "Aktuelle Bilder und Informationen aus Politik und Wirtschaft, aus Wissenschaft, Kultur und Sport aus dem Freistaat Sachsen.", "_thumb": "http://www.mdr.de/sachsenspiegel/logo-184-resimage_v-variantBig16x9_w-960.png?version=4333"}, {"_type": "dir", "url": "http://www.mdr.de/tv/programm/mdrsachsenspiegelkompakt100-meta.xml", "_name": "MDR SACHSENSPIEGEL kompakt", "mode": "libMdrListVideos", "_plot": "Aktuelle Meldungen aus Sachsen kurz und knapp in 90 Sekunden.", "_thumb": "http://www.mdr.de/sachsenspiegel/logo-188-resimage_v-variantBig16x9_w-960.png?version=4333"}, {"_type": "dir", "url": "http://www.mdr.de/tv/programm/kurzfilme108-meta.xml", "_name": "Kurzfilme", "mode": "libMdrListVideos", "_plot": "Kurzfilme aller Genres werden freitags um 1:30 Uhr und zweimal im Jahr in der MDR Kurzfilmnacht gezeigt.", "_thumb": "http://www.mdr.de/tv/ohne-papiere100-resimage_v-variantBig16x9_w-960.png?version=4333"}, {"_type": "dir", "url": "http://www.mdr.de/tv/programm/lebensretter140-meta.xml", "_name": "Lebensretter", "mode": "libMdrListVideos", "_plot": "Im Fokus des 45-min\u00fctigen Magazins stehen \"Lebensretter\" und Gerettete. Die Beteiligten berichten \u00fcber dramatische Situationen, die oft \u00fcber Leben und Tod entschieden haben.", "_thumb": "http://www.mdr.de/lebensretter/logolebensretter100-resimage_v-variantBig16x9_w-960.png?version=4333"}, {"_type": "dir", "url": "http://www.mdr.de/tv/programm/deintraumjob100-meta.xml", "_name": "Dein Traumjob", "mode": "libMdrListVideos", "_plot": "\"Naa, was willst du mal werden?\" - Solche Fragen k\u00f6nnen ganz sch\u00f6n nerven! Um so besser, wenn man einfach mal in einen echt spannenden Job reinschnuppern kann - und zwar so richtig. Wo das geht? Na, bei \"Dein Traumjob\"!", "_thumb": "http://www.mdr.de/kinder-tv/traumjob130-resimage_v-variantBig16x9_w-960.png?version=4333"}, {"_type": "dir", "url": "http://www.mdr.de/tv/programm/kissenkino116-meta.xml", "_name": "Kissenkino", "mode": "libMdrListVideos", "_plot": "Kino- und Spielfilme f\u00fcr Kinder und Erwachsene im MDR FERNSEHEN.", "_thumb": "http://www.mdr.de/tv/kissenkino114-resimage_v-variantBig16x9_w-960.png?version=4333"}, {"_type": "dir", "url": "http://www.mdr.de/tv/programm/paulkempalleskeinproblem100-meta.xml", "_name": "Paul Kemp - Alles kein Problem", "mode": "libMdrListVideos", "_plot": "Der Mediator Paul Kemp ist Spezialist im Schlichten von Streitigkeiten jeder Art. Mit Intuition, Fingerspitzengef\u00fchl und Augenma\u00df l\u00f6st er so manches Problem.", "_thumb": "http://www.mdr.de/tv/paul_kemp100-resimage_v-variantBig16x9_w-960.png?version=4333"}, {"_type": "dir", "url": "http://www.mdr.de/tv/programm/derdicke106-meta.xml", "_name": "Der Dicke", "mode": "libMdrListVideos", "_plot": "Gregor Ehrenberg ist \"Der Dicke\" - ein Anwalt mit gro\u00dfem Herz und au\u00dfergew\u00f6hnlichen Methoden. Mit seinem Team l\u00f6st er ungew\u00f6hnliche und schwierige F\u00e4lle.", "_thumb": "http://www.mdr.de/tv/dieter-pfaff104-resimage_v-variantBig16x9_w-960.png?version=4333"}, {"_type": "dir", "url": "http://www.mdr.de/tv/programm/menschoma100-meta.xml", "_name": "Mensch, Oma!", "mode": "libMdrListVideos", "_plot": "Johanna Wuttig ist Rentnerin und k\u00f6nnte den Lebensabend genie\u00dfen. Doch f\u00fcr Johanna steht immer die Familie im Vordergrund. So k\u00fcmmert sie sich r\u00fchrend um ihre Kinder und Enkel. Und dann ist da noch Willi, ihr Mann.", "_thumb": "http://www.mdr.de/tv/Mensch_Oma104-resimage_v-variantBig16x9_w-960.png?version=4333"}, {"_type": "dir", "url": "http://www.mdr.de/tv/programm/mrchen100-meta.xml", "_name": "M\u00e4rchen", "mode": "libMdrListVideos", "_plot": "M\u00e4rchen aus der ARD-Reihe \"Sechs auf einen Streich\" sowie Lizenz-Ank\u00e4ufe  der DEFA, russische und tschechische M\u00e4rchen.", "_thumb": "http://www.mdr.de/tv/programm/prinzessin-100-resimage_v-variantBig16x9_w-960.png?version=4333"}, {"_type": "dir", "url": "http://www.mdr.de/tv/programm/sehenstatthren100-meta.xml", "_name": "Sehen statt H\u00f6ren", "mode": "libMdrListVideos", "_plot": "\"Sehen statt H\u00f6ren\" ist ein Fernseh-Magazin mit Geb\u00e4rden und Untertiteln. Es enth\u00e4lt Berichte zum Zeitgeschehen, erg\u00e4nzt durch Hinweise und Reportagen zu technischen Hilfsmitteln, gesetzlichen Regelungen sowie spezifischen Lebensbereichen von H\u00f6rgesch\u00e4digten.", "_thumb": "http://www.mdr.de/tv/bild2650-resimage_v-variantBig16x9_w-960.png?version=4333"}, {"_type": "dir", "url": "http://www.mdr.de/tv/programm/umschau102-meta.xml", "_name": "Umschau", "mode": "libMdrListVideos", "_plot": "Das MDR-Magazin \"Umschau\" setzt sich kritisch mit Ver\u00e4nderungen in der Lebenswirklichkeit der Menschen - vor allem in Ostdeutschland - auseinander. Im Fokus der Sendung stehen Themen u.a. aus den Bereichen Wirtschaft, Verbraucher und Soziales.", "_thumb": "http://www.mdr.de/umschau/logo-186-resimage_v-variantBig16x9_w-960.png?version=4333"}, {"_type": "dir", "url": "http://www.mdr.de/tv/programm/nahdran100-meta.xml", "_name": "Nah dran", "mode": "libMdrListVideos", "_plot": "Was im Leben wichtig ist ... Mehr Freizeit oder lieber mehr Geld? Kann Liebe S\u00fcnde sein? Wann ist der beste Zeitpunkt f\u00fcr ein Kind? Nah_dran will wissen, was dem Leben Sinn gibt, und l\u00e4sst Menschen von ihren Krisen, Tr\u00e4umen und Hoffnungen erz\u00e4hlen.", "_thumb": "http://www.mdr.de/tv/nah-dran-142-resimage_v-variantBig16x9_w-960.png?version=4333"}, {"_type": "dir", "url": "http://www.mdr.de/tv/programm/kiezgeschichten100-meta.xml", "_name": "Kiezgeschichten", "mode": "libMdrListVideos", "_plot": "Siebenteilige Familienserie des DDR-Fernsehens, deren Episoden sich um die Bewohner der Griseldastra\u00dfe 9 in Berlin ranken.", "_thumb": "http://www.mdr.de/tv/ipg-4462-resimage_v-variantBig16x9_w-960.png?version=4333"}, {"_type": "dir", "url": "http://www.mdr.de/tv/programm/unserdorfhatwochenende100-meta.xml", "_name": "Unser Dorf hat Wochenende", "mode": "libMdrListVideos", "_plot": "Die MDR-Sendereihe f\u00fcr\u2019s Landleben. Ein Wochenende lang fangen Reporter, Kamera und Ton Lebensgef\u00fchl, Alltag und H\u00f6hepunkte, das Miteinander und die Zankereien, das Tun und Lassen, Freuden und Sorgen, skurrile und emotionale Momente von Dorfbewohnern in Mitteldeutschland ein.", "_thumb": "http://www.mdr.de/thueringen/service/dorf/bild406938-resimage_v-variantBig16x9_w-960.png?version=4333"}, {"_type": "dir", "url": "http://www.mdr.de/tv/programm/sportimosten100-meta.xml", "_name": "Sport im Osten", "mode": "libMdrListVideos", "_plot": "Die Moderatoren Franziska Schenk, Guido-Magnus Sullus, Michael Drevenstedt und Ren\u00e9 Kindermann pr\u00e4sentieren im Wechsel aktuelle Berichte mit Analysen und Interviews \u00fcber den mitteldeutschen Regionalsport.", "_thumb": "http://www.mdr.de/sport/logospio-100-resimage_v-variantBig16x9_w-960.png?version=4333"}, {"url": "http://www.mdr.de/tv/programm/hobbymania-118-meta.xml", "_type": "dir", "mode": "libMdrListVideos", "_name": "HobbyMania"}, {"_type": "dir", "url": "http://www.mdr.de/tv/programm/mdrum102-meta.xml", "_name": "MDR um 2", "mode": "libMdrListVideos", "_plot": "Die Moderatoren Anja Petzold, Kamilla Senjo und Tino B\u00f6ttcher melden sich im w\u00f6chentlichen Wechsel und berichten \u00fcber aktuelle Ereignisse aus Mitteldeutschland.", "_thumb": "http://www.mdr.de/tv/logomdrumzwei100-resimage_v-variantBig16x9_w-960.png?version=4333"}, {"_type": "dir", "url": "http://www.mdr.de/tv/programm/mdrum104-meta.xml", "_name": "MDR um 4", "mode": "libMdrListVideos", "_plot": "Die Moderatoren Peter Imhof, Ren\u00e9 Kindermann und Anja Koebel melden sich im w\u00f6chentlichen Wechsel mit einem unterhaltsam-informativen Programm. Sie berichten \u00fcber aktuelle Ereignisse, \u00fcber Menschen aus der Region, sprechen mit Prominenten und geben praktische Tipps.", "_thumb": "http://www.mdr.de/mdr-um-4/bild287446-resimage_v-variantBig16x9_w-960.png?version=4333"}, {"_type": "dir", "url": "http://www.mdr.de/tv/programm/artour100-meta.xml", "_name": "artour", "mode": "libMdrListVideos", "_plot": "\"artour\" ist der k\u00fcrzeste Weg zur Kultur. Bewegend, erhellend, kritisch und aktuell berichtet das Magazin jede Woche donnerstags, 22:05 Uhr, \u00fcber das Neuste aus der Welt der Kunst und Kultur.", "_thumb": "http://www.mdr.de/kultur/radio-tv/artour/logo-166-resimage_v-variantBig16x9_w-960.png?version=4333"}, {"url": "http://www.mdr.de/tv/programm/hiphorses100-meta.xml", "_type": "dir", "_thumb": "http://www.mdr.de/hobbymania/bild-41374-resimage_v-variantBig16x9_w-960.png?version=4333", "mode": "libMdrListVideos", "_name": "HipHorses"}, {"_type": "dir", "url": "http://www.mdr.de/tv/programm/unsersandmnnchen100-meta.xml", "_name": "Unser Sandm\u00e4nnchen", "mode": "libMdrListVideos", "_plot": "Gute-Nacht-Geschichten mit Pittiplatsch, Plumps, Fuchs und Elster, Piggeldy und Frederick.", "_thumb": "http://www.mdr.de/sandmann/unser-sandmaennchen100-resimage_v-variantBig16x9_w-960.png?version=4333"}, {"_type": "dir", "url": "http://www.mdr.de/tv/programm/exaktdiestory100-meta.xml", "_name": "Exakt - die Story", "mode": "libMdrListVideos", "_plot": "Aktuelle Reportagen und spannende Geschichten", "_thumb": "http://www.mdr.de/exakt/die-story/logoexaktdiestory-100-resimage_v-variantBig16x9_w-960.png?version=4333"}, {"_type": "dir", "url": "http://www.mdr.de/tv/programm/exakt100-meta.xml", "_name": "Exakt", "mode": "libMdrListVideos", "_plot": "Das Fernseh-Nachrichtenmagazin mit Hintergrundberichten zu Themen der Woche, Interviews, Streitgespr\u00e4chen und Kommentaren.", "_thumb": "http://www.mdr.de/exakt/logoexakt-100-resimage_v-variantBig16x9_w-960.png?version=4333"}, {"url": "http://www.mdr.de/tv/programm/filme104-meta.xml", "_type": "dir", "_thumb": "http://www.mdr.de/tv/ipg12342-resimage_v-variantBig16x9_w-960.png?version=4333", "mode": "libMdrListVideos", "_name": "Filme"}, {"_type": "dir", "url": "http://www.mdr.de/tv/programm/derostenentdeckewodulebst100-meta.xml", "_name": "Der Osten - Entdecke wo du lebst", "mode": "libMdrListVideos", "_plot": "\"Der Osten \u2013 Entdecke wo Du lebst\"  stellt geheimnisvolle Orte vor, erz\u00e4hlt ungew\u00f6hnliche Geschichten vom Leben in Mitteldeutschland und nimmt die Zuschauer mit auf Entdeckungsreise durch ihre Heimat.", "_thumb": "http://www.mdr.de/tv/entdecke102-resimage_v-variantBig16x9_w-960.png?version=4333"}, {"url": "http://www.mdr.de/tv/programm/weissensee248-meta.xml", "_type": "dir", "_thumb": "http://www.mdr.de/tv/programm/weissensee146-resimage_v-variantBig16x9_w-960.png?version=4333", "mode": "libMdrListVideos", "_name": "Weissensee"}, {"_type": "dir", "url": "http://www.mdr.de/tv/programm/riverboat124-meta.xml", "_name": "Riverboat", "mode": "libMdrListVideos", "_plot": "\"Riverboat\" ist eine schnelle, bunte und lockere Prominenten-Unterhaltungs-Talkshow - eine muntere, spannende Ost-West-Mischung aus Biographien, Geschichten und Neuigkeiten.", "_thumb": "http://www.mdr.de/riverboat/riverboat-mod-karte-102-resimage_v-variantBig16x9_w-960.png?version=4333"}, {"_type": "dir", "url": "http://www.mdr.de/tv/programm/tierrztindrmertens100-meta.xml", "_name": "Tier\u00e4rztin Dr. Mertens", "mode": "libMdrListVideos", "_plot": "Die Serie rund um die beliebte Tier\u00e4rztin Susanne Mertens und ihre Sch\u00fctzlinge im Leipziger Zoo.", "_thumb": "http://www.mdr.de/tv/programm/mertens112-resimage_v-variantBig16x9_w-960.png?version=4333"}, {"_type": "dir", "url": "http://www.mdr.de/tv/programm/tierischtierisch100-meta.xml", "_name": "Tierisch tierisch", "mode": "libMdrListVideos", "_plot": "Uta Bresan stellt jede Woche ein Tierheim mit einigen seiner \"Bewohner\" vor, die eine neue Bleibe suchen. \"Tierisch tierisch\" ist ein Magazin f\u00fcr Tierfreunde und solche, die es werden m\u00f6chten.", "_thumb": "http://www.mdr.de/tierisch/logo-120-resimage_v-variantBig16x9_w-960.png?version=4333"}, {"_type": "dir", "url": "http://www.mdr.de/tv/programm/alleswirdwieneusein100-meta.xml", "_name": "Alles wird wie neu sein", "mode": "libMdrListVideos", "_plot": "Manche Ereignisse haben die Kraft, ein Leben auf den Kopf zu stellen - ein Umzug, ein neuer Job, eine Flucht. \"Alles wird wie neu sein\" hei\u00dft das Volont\u00e4rsprojekt 2016. Es erz\u00e4hlt zehn Geschichten von Menschen, f\u00fcr die sich vieles ver\u00e4nderte.", "_thumb": "http://www.mdr.de/alles-wird-neu/alles-wird-wie-neu-sein-100-resimage_v-variantBig16x9_w-960.png?version=4333"}, {"url": "http://www.mdr.de/tv/programm/tatort1070-meta.xml", "_type": "dir", "_thumb": "http://www.mdr.de/tv/programm/tatort1072-resimage_v-variantBig16x9_w-960.png?version=4333", "mode": "libMdrListVideos", "_name": "Tatort"}, {"_type": "dir", "url": "http://www.mdr.de/tv/programm/thomasjunkerunterwegs100-meta.xml", "_name": "Thomas Junker unterwegs", "mode": "libMdrListVideos", "_plot": "Seit 1991 ist der Filmemacher Thomas Junker f\u00fcr den MDR weltweit unterwegs. Im Mittelpunkt der Reisen in \u00fcber 100 L\u00e4nder stehen die Menschen, die er auf seinen Wegen getroffen hat.", "_thumb": "http://www.mdr.de/junkers-tagebuch/junker264-resimage_v-variantBig16x9_w-960.png?version=4333"}, {"_type": "dir", "url": "http://www.mdr.de/tv/programm/ostwrts100-meta.xml", "_name": "Ostw\u00e4rts", "mode": "libMdrListVideos", "_plot": "Eine Reporterin und ihr Kameramann machen sich auf die Reise, ohne eine Ahnung davon zu haben, was ihnen in den n\u00e4chsten Wochen alles passieren wird, wem sie begegnen, wo sie \u00fcbernachten werden.", "_thumb": "http://www.mdr.de/tv/programm/ostwaerts100-resimage_v-variantBig16x9_w-960.png?version=4333"}, {"_type": "dir", "url": "http://www.mdr.de/tv/programm/kimfisherentdecktschloss100-meta.xml", "_name": "Kim Fisher entdeckt Schloss...", "mode": "libMdrListVideos", "_plot": "Kim Fisher erkundet Schl\u00f6sser in Sachsen, Sachsen-Anhalt und Th\u00fcringen.", "_thumb": "http://www.mdr.de/tv/programm/ipg13202-resimage_v-variantBig16x9_w-960.png?version=4333"}, {"url": "http://www.mdr.de/tv/programm/dokumentarfilme100-meta.xml", "_type": "dir", "_thumb": "http://www.mdr.de/tv/dokumentarfilm-reportage100-resimage_v-variantBig16x9_w-960.png?version=4333", "mode": "libMdrListVideos", "_name": "Dokumentarfilme"}, {"_type": "dir", "url": "http://www.mdr.de/tv/programm/mdraktuell100-meta.xml", "_name": "MDR aktuell", "mode": "libMdrListVideos", "_plot": "Die wichtigsten Nachrichten und Sportmeldungen aus Sachsen, Sachsen-Anhalt und Th\u00fcringen.", "_thumb": "http://www.mdr.de/nachrichten/kontakt/mdr-aktuell/logomdraktuell-108-resimage_v-variantBig16x9_w-960.png?version=4333"}, {"_type": "dir", "url": "http://www.mdr.de/tv/programm/quickie158-meta.xml", "_name": "Quickie", "mode": "libMdrListVideos", "_plot": "In ihrem schnellen Quiz pr\u00fcft Moderatorin Andrea Ballschuh die Kenntnisse ihrer G\u00e4ste \u00fcber Mitteldeutschland.", "_thumb": "http://www.mdr.de/quickie/quickie114-resimage_v-variantBig16x9_w-960.png?version=4333"}, {"_type": "dir", "url": "http://www.mdr.de/tv/programm/umhimmelswillen114-meta.xml", "_name": "Um Himmels Willen", "mode": "libMdrListVideos", "_plot": "Spannende und heitere Geschichten um das Leben der Nonnen im Kloster Kaltenthal: Immer geht es schlagfertig und pointenreich zwischen B\u00fcrgermeister W\u00f6ller und Schwester Hanna hin und her.", "_thumb": "http://www.mdr.de/tv/programm/logo220-resimage_v-variantBig16x9_w-960.png?version=4333"}, {"_type": "dir", "url": "http://www.mdr.de/tv/programm/zrtlichkeitenimbus100-meta.xml", "_name": "Z\u00e4rtlichkeiten im Bus", "mode": "libMdrListVideos", "_plot": "Die Band \"Z\u00e4rtlichkeiten mit Freunden\" l\u00e4dt sich musikalische G\u00e4ste in ihren Oldtimer-Bus und begleitet sie auf dem Weg zu ihren Konzerten.", "_thumb": "http://www.mdr.de/tv/bild265966-resimage_v-variantBig16x9_w-960.png?version=4333"}, {"_type": "dir", "url": "http://www.mdr.de/tv/programm/lebenslufe100-meta.xml", "_name": "Lebensl\u00e4ufe", "mode": "libMdrListVideos", "_plot": "Hier k\u00f6nnen Sie interessante Pers\u00f6nlichkeiten aus dem Sendegebiet kennenlernen, die sich um Kunst, Kultur, Geschichte oder auf anderen Gebieten des Alltags verdient gemacht haben - Menschen von heute oder aus vergangenen Zeiten ...", "_thumb": "http://www.mdr.de/tv/programm/logo360-resimage_v-variantBig16x9_w-960.png?version=4333"}, {"_type": "dir", "url": "http://www.mdr.de/tv/programm/erlebnismusik106-meta.xml", "_name": "Erlebnis Musik", "mode": "libMdrListVideos", "_plot": "Jeden letzten Donnerstag im Monat sendet das MDR FERNSEHEN ein Konzert. Ob Klassik oder Rock \u2013 mit lauten oder leisen T\u00f6nen \u2013 auf gro\u00dfen oder kleinen B\u00fchnen \u2013 in Sommern\u00e4chten oder an verregneten Abenden.", "_thumb": "http://www.mdr.de/kultur/rueckblick/erlebnis-musik/bild240018-resimage_v-variantBig16x9_w-960.png?version=4333"}, {"_type": "dir", "url": "http://www.mdr.de/tv/programm/lnderkompakt100-meta.xml", "_name": "L\u00e4nder kompakt", "mode": "libMdrListVideos", "_plot": "Der schnelle \u00dcberblick \u00fcber die wichtigsten Ereignisse in Sachsen, Sachsen-Anhalt und Th\u00fcringen.", "_thumb": "http://www.mdr.de/tv/programm/laendereinsdreissig100-resimage_v-variantBig16x9_w-960.png?version=4333"}, {"_type": "dir", "url": "http://www.mdr.de/tv/programm/comedymitkarsten102-meta.xml", "_name": "Comedy mit Karsten", "mode": "libMdrListVideos", "_plot": "Hauptsache witzig! So sagen sich Julius Fischer und Christian Meyer vom Fuck Hornisschen Orchestra und laden eine handverlesene Reihe komischer Menschen ein, damit die uns zum Lachen bringen.", "_thumb": "http://www.mdr.de/unterhaltung/comedy-kabarett/cmk-112-resimage_v-variantBig16x9_w-960.png?version=4333"}, {"_type": "dir", "url": "http://www.mdr.de/tv/programm/mdrzeitreise102-meta.xml", "_name": "MDR Zeitreise", "mode": "libMdrListVideos", "_plot": "MDR ZEITREISE geht auf lebendige Spurensuche in der Vergangenheit unserer Heimat - mit Geschichten, die spannend sind, unterhaltsam und emotional.", "_thumb": "http://www.mdr.de/tv/programm/zeitreise-140-resimage_v-variantBig16x9_w-960.png?version=4333"}, {"_type": "dir", "url": "http://www.mdr.de/tv/programm/vossteam100-meta.xml", "_name": "Voss & Team", "mode": "libMdrListVideos", "_plot": "\"Voss & Team\" ist ein modernes Ombuds- und Verbraucherformat: emotional, unterhaltsam, hilfreich und frech. \"Voss & Team\" greift ein, wenn die Interessen von Verbrauchern, Arbeitnehmern, Mietern oder Patienten bedroht sind.", "_thumb": "http://www.mdr.de/tv/programm/bild-3264-resimage_v-variantBig16x9_w-960.png?version=4333"}, {"url": "http://www.mdr.de/tv/programm/inallerfreundschaftdiejungenrzte100-meta.xml", "_type": "dir", "_thumb": "http://www.mdr.de/in-aller-freundschaft/autogramme-und-mehr/bild341116-resimage_v-variantBig16x9_w-960.png?version=4333", "mode": "libMdrListVideos", "_name": "In aller Freundschaft - Die jungen \u00c4rzte"}, {"_type": "dir", "url": "http://www.mdr.de/tv/programm/wuhladko102-meta.xml", "_name": "Wuhladko", "mode": "libMdrListVideos", "_plot": "An jedem ersten Samstag im Monat begr\u00fc\u00dft Bogna Koreng die Zuschauerinnen und Zuschauer im MDR FERNSEHEN auf Sorbisch. Im Mittelpunkt der Sendung steht das Leben der Sorben - ihre Tradition, ihre Kultur und ihre t\u00e4glichen Probleme. Mit deutschen Untertiteln.", "_thumb": "http://www.mdr.de/serbski-program/wuhladko/logowuhladko-100-resimage_v-variantBig16x9_w-960.png?version=4333"}, {"_type": "dir", "url": "http://www.mdr.de/tv/programm/auenseiterspitzenreiter100-meta.xml", "_name": "Au\u00dfenseiter Spitzenreiter", "mode": "libMdrListVideos", "_plot": "Die Neugier ist ihr schon in die Wiege gelegt worden. \"L\u00f6cher in den Bauch fragen\" war ein Hobby, jetzt ist es eine Berufung. Madeleine Wehle sucht nach skurrilen Dingen und au\u00dfergew\u00f6hnlichen Menschen im Alltag.", "_thumb": "http://www.mdr.de/aussenseiter-spitzenreiter/aussenseiter128-resimage_v-variantBig16x9_w-960.png?version=4333"}, {"_type": "dir", "url": "http://www.mdr.de/tv/programm/kinoroyal112-meta.xml", "_name": "Kino Royal", "mode": "libMdrListVideos", "_plot": "Kino Royal zeigt, welche Filme sehenswert sind und welche getrost vergessen werden k\u00f6nnen. Das 14-t\u00e4gige Kinomagazin berichtet freitags im MDR \u00fcber die wichtigsten Neustarts, zeigt Stars und Sternchen und ist zu Besuch bei Festivals.", "_thumb": "http://www.mdr.de/unterhaltung/kinoroyal100-resimage_v-variantBig16x9_w-960.png?version=4333"}, {"_type": "dir", "url": "http://www.mdr.de/tv/programm/mdrthringenjournal100-meta.xml", "_name": "MDR TH\u00dcRINGEN JOURNAL", "mode": "libMdrListVideos", "_plot": "Das aktuelle Fernsehen \u2013 Regionalmagazin aus Th\u00fcringen mit Informationen aus Politik und Wirtschaft, aus Wissenschaft, Kultur und Sport.", "_thumb": "http://www.mdr.de/thueringen-journal/logo164-resimage_v-variantBig16x9_w-960.png?version=4333"}, {"_type": "dir", "url": "http://www.mdr.de/tv/programm/damalswars100-meta.xml", "_name": "Damals war's", "mode": "libMdrListVideos", "_plot": "In jeder Sendung wird ein Jahr zwischen 1950 und 2000 gesucht. Ausnahmslos Hits aus der gesamtdeutschen Schlagerszene und internationale Rock- und Pop-Highlights, charakterisieren musikalisch dieses Jahr.", "_thumb": "http://www.mdr.de/damals-wars/damals-wars126-resimage_v-variantBig16x9_w-960.png?version=4333"}, {"_type": "dir", "url": "http://www.mdr.de/tv/programm/selbstbestimmt100-meta.xml", "_name": "Selbstbestimmt!", "mode": "libMdrListVideos", "_plot": "Sendereihe in drei 3 Formaten: \"SonntagsFragen\" \"Magazin\" und \"Reportage\". Alle 3 Formate portr\u00e4tieren Menschen mit Handicap, zeigen deren St\u00e4rke und besch\u00e4ftigen sich mit Inklusion.", "_thumb": "http://www.mdr.de/selbstbestimmt/bild198572-resimage_v-variantBig16x9_w-960.png?version=4333"}, {"_type": "dir", "url": "http://www.mdr.de/tv/programm/heuteimosten102-meta.xml", "_name": "Heute im Osten", "mode": "libMdrListVideos", "_plot": "\"Wir und unsere Nachbarn \u2013 damals und heute\" ist das Grundmotto von \"Heute im Osten\". Die Sendung wird alle 14 Tage am Samstag um 18 Uhr und am Sonntag um 16:05 Uhr ausgestrahlt.", "_thumb": "http://www.mdr.de/damals/archiv/heute-im-osten118-resimage_v-variantBig16x9_w-960.png?version=4333"}, {"_type": "dir", "url": "http://www.mdr.de/tv/programm/unterwegsin100-meta.xml", "_name": "Unterwegs in ...", "mode": "libMdrListVideos", "_plot": "Das regionale Reise-Journal -  Zuhause ist es am sch\u00f6nsten \u2013 finden die Unterwegs-Moderatorinnen aus Sachsen, Th\u00fcringen und Sachsen-Anhalt. Und deshalb ist die Sendung eine Fundgrube f\u00fcr Leute, die in Mitteldeutschland neue Attraktionen, spannende Geschichten und pure Idylle erleben wollen. Entdeckungen, die nicht in jedem Reisef\u00fchrer\nstehen.", "_thumb": "http://www.mdr.de/tv/sendungen/unterwegs1036-resimage_v-variantBig16x9_w-960.png?version=4333"}, {"_type": "dir", "url": "http://www.mdr.de/tv/programm/echtdasmagazinzumstaunen100-meta.xml", "_name": "Echt - Das Magazin zum Staunen", "mode": "libMdrListVideos", "_plot": "Jeden zweiten Dienstag zur besten Sendezeit setzt der MDR auf die Programmfarbe Wissenschaft. \"Echt\" taucht beispielsweise ab in die Tiefen der Meere, sp\u00fcrt pl\u00f6tzlichen Ged\u00e4chtnisverlust auf, oder ist bei der \u00d6ffnung der Gruft der Medici Augenzeuge.", "_thumb": "http://www.mdr.de/echt/echtlogo100-resimage_v-variantBig16x9_w-960.png?version=4333"}, {"url": "http://www.mdr.de/tv/programm/polizeiruf730-meta.xml", "_type": "dir", "_thumb": "http://www.mdr.de/tv/programm/polizeiruf732-resimage_v-variantBig16x9_w-960.png?version=4333", "mode": "libMdrListVideos", "_name": "Polizeiruf 110"}, {"_type": "dir", "url": "http://www.mdr.de/tv/programm/machmal140-meta.xml", "_name": "Mach mal", "mode": "libMdrListVideos", "_plot": "Das Auszubildenden-Magazin vom MITTELDEUTSCHEN RUNDFUNK", "_thumb": "http://www.mdr.de/tv/bild356880-resimage_v-variantBig16x9_w-960.png?version=4333"}, {"_type": "dir", "url": "http://www.mdr.de/tv/programm/faktist100-meta.xml", "_name": "Fakt ist!", "mode": "libMdrListVideos", "_plot": "Das Thema der Woche wird im MDR-Polittalk diskutiert - kontrovers, emotional, hintergr\u00fcndig. Die Sendung kommt im w\u00f6chentlichen Wechsel aus Magdeburg, Erfurt und Dresden.", "_thumb": "http://www.mdr.de/fakt-ist/logo-fakt-ist100-resimage_v-variantBig16x9_w-960.png?version=4333"}, {"_type": "dir", "url": "http://www.mdr.de/tv/programm/hauptsachegesund100-meta.xml", "_name": "Hauptsache gesund", "mode": "libMdrListVideos", "_plot": "Rat und Hilfe zu allen Fragen rund um das Thema Gesundheit bietet Moderator Dr. med. Carsten Lekutat.", "_thumb": "http://www.mdr.de/hauptsache-gesund/bild343074-resimage_v-variantBig16x9_w-960.png?version=4333"}, {"url": "http://www.mdr.de/tv/programm/naturfilme100-meta.xml", "_type": "dir", "_thumb": "http://www.mdr.de/tv/mediathek_naturfilm100-resimage_v-variantBig16x9_w-960.png?version=4333", "mode": "libMdrListVideos", "_name": "Naturfilme"}, {"_type": "dir", "url": "http://www.mdr.de/tv/programm/glaubwrdig100-meta.xml", "_name": "Glaubw\u00fcrdig", "mode": "libMdrListVideos", "_plot": "Was glaubst Du denn? Buddhist, Jude oder Christ \u2013 Glaubw\u00fcrdig erz\u00e4hlt Geschichten von Menschen und ihrem Verh\u00e4ltnis zur Religion. Menschen, die f\u00fcr ihren Standpunkt eintreten, die schwierige Zeiten erlebt und dennoch ihr Gottvertrauen nicht verloren haben. Geschichten vom Leben und wie man es meistert.", "_thumb": "http://www.mdr.de/glaubwuerdig/glaubwuerdig100-resimage_v-variantBig16x9_w-960.png?version=4333"}, {"_type": "dir", "url": "http://www.mdr.de/tv/programm/unicato100-meta.xml", "_name": "unicato", "mode": "libMdrListVideos", "_plot": "unicato. Junger Film im MDR\u201c pr\u00e4sentiert jeden Monat Filme von Studierenden und Alumni. Moderiert wird das Magazin von Markus Kavka. Als Besonderheit erh\u00e4lt darin einer der jungen Filmemacher Gelegenheit, im Studio-Gespr\u00e4ch Idee, Genesis und Hintergr\u00fcnde seines Films zu erl\u00e4utern. Online gibt es neben der Komplettsendung die Einzelfilme, Making-ofs, Bilder und Filmemacherportr\u00e4ts sowie weiteres Bonusmaterial.", "_thumb": "http://www.mdr.de/unicato/logounicato100-resimage_v-variantBig16x9_w-960.png?version=4333"}, {"_type": "dir", "url": "http://www.mdr.de/tv/programm/mdrgarten100-meta.xml", "_name": "MDR Garten", "mode": "libMdrListVideos", "_plot": "Claudia Look-Hirnschal ist die Frau mit dem gr\u00fcnen Daumen. Neugez\u00fcchtete Pflanzen,  aktuelle Deko-Ideen, exklusive Gartentipps von Fachleuten und attraktive Ziele f\u00fcr Gartenfans - das alles pr\u00e4sentiert sie im MDR FERNSEHEN. Und auch f\u00fcr (fast) jedes Gartenproblem hat die Gartenredaktion eine L\u00f6sung.", "_thumb": "http://www.mdr.de/sonstiges/teaserbilder/bild185976-resimage_v-variantBig16x9_w-960.png?version=4333"}, {"_type": "dir", "url": "http://www.mdr.de/tv/programm/mdrvorort100-meta.xml", "_name": "MDR vor Ort", "mode": "libMdrListVideos", "_plot": "Wenn in Sachsen, Th\u00fcringen oder Sachsen-Anhalt gefeiert wird, dann ist ein MDR vor Ort-Team dabei. Die Moderatorinnen entdecken das Besondere, erleben das Unerwartete und lernen Leute kennen, die das Ereignis zu dem machen, was es ist \u2013 neugierig, skurril und schr\u00e4g. Die Emotionen des Tages immer samstags 16.05 und rund um die Uhr in der MDR-Mediathek.", "_thumb": "http://www.mdr.de/mdr-vor-ort/logo304-resimage_v-variantBig16x9_w-960.png?version=4333"}, {"url": "http://www.mdr.de/tv/programm/steimleswelt104-meta.xml", "_type": "dir", "_thumb": "http://www.mdr.de/tv/uwe-steimle128-resimage_v-variantBig16x9_w-960.png?version=4333", "mode": "libMdrListVideos", "_name": "Steimles Welt"}, {"url": "http://www.mdr.de/tv/programm/humorzone122-meta.xml", "_type": "dir", "_thumb": "http://www.mdr.de/unterhaltung/humorzone112-resimage_v-variantBig16x9_w-960.png?version=4333", "mode": "libMdrListVideos", "_name": "HumorZone"}, {"_type": "dir", "url": "http://www.mdr.de/tv/programm/inallerfreundschaft190-meta.xml", "_name": "In aller Freundschaft", "mode": "libMdrListVideos", "_plot": "Die Geschichten rund um das \u00c4rzteteam der Sachsenklinik fesseln jede Woche Millionen Fernsehzuschauer.", "_thumb": "http://www.mdr.de/unterhaltung/iaf100-resimage_v-variantBig16x9_w-960.png?version=4333"}, {"url": "http://www.mdr.de/tv/programm/dokusoap100-meta.xml", "_type": "dir", "_thumb": "http://www.mdr.de/tv/bild330186-resimage_v-variantBig16x9_w-960.png?version=4333", "mode": "libMdrListVideos", "_name": "Doku-Soap"}, {"_type": "dir", "url": "http://www.mdr.de/tv/programm/mdrextra100-meta.xml", "_name": "MDR extra", "mode": "libMdrListVideos", "_plot": "Wenn in Sachsen, Sachsen-Anhalt und Th\u00fcringen etwas wirklich Wichtiges und Dramatisches passiert, dann berichtet \"MDR extra\" kompetent, seri\u00f6s und aktuell.", "_thumb": "http://www.mdr.de/tv/programm/mdr380-resimage_v-variantBig16x9_w-960.png?version=4333"}, {"_type": "dir", "url": "http://www.mdr.de/tv/programm/biwak102-meta.xml", "_name": "Biwak", "mode": "libMdrListVideos", "_plot": "Biwak verbindet die Faszination der heimatlichen Bergwelt mit spannenden Reportagen aus den sch\u00f6nsten Freizeitgebieten der Welt. Wer seine Freizeit aktiv gestalten will, bekommt bei Biwak die besten Anregungen.", "_thumb": "http://www.mdr.de/biwak/logo226-resimage_v-variantBig16x9_w-960.png?version=4333"}, {"_type": "dir", "url": "http://www.mdr.de/tv/programm/sagenhaft116-meta.xml", "_name": "Sagenhaft", "mode": "libMdrListVideos", "_plot": "Axel Bulthaupt begibt sich in seiner neuen Sendereihe \"Sagenhaft\" auf spannende Reisen durch Mitteldeutschland.", "_thumb": "http://www.mdr.de/tv/logoSagenhaft100-resimage_v-variantBig16x9_w-960.png?version=4333"}, {"_type": "dir", "url": "http://www.mdr.de/tv/programm/mdrthringenjournalkompakt100-meta.xml", "_name": "MDR TH\u00dcRINGEN JOURNAL kompakt", "mode": "libMdrListVideos", "_plot": "Aktuelle Meldungen aus Th\u00fcringen kurz und knapp in 90 Sekunden.", "_thumb": "http://www.mdr.de/thueringen-journal/thueringen-journal-kompakt100-resimage_v-variantBig16x9_w-960.png?version=4333"}, {"_type": "dir", "url": "http://www.mdr.de/tv/programm/donnerwetter150-meta.xml", "_name": "Donnerwetter", "mode": "libMdrListVideos", "_plot": "Moderatorin Janine Strahl-Oesterreich sorgt regelm\u00e4\u00dfig f\u00fcr ein richtiges \"Donnerwetter!\" im MDR FERNSEHEN und stellt Erstaunliches made in Germany vor.", "_thumb": "http://www.mdr.de/tv/donnerwetter100-resimage_v-variantBig16x9_w-960.png?version=4333"}, {"_type": "dir", "url": "http://www.mdr.de/tv/programm/mdrsachsenanhaltheutekompakt100-meta.xml", "_name": "MDR SACHSEN-ANHALT HEUTE kompakt", "mode": "libMdrListVideos", "_plot": "Aktuelle Meldungen aus Sachsen-Anhalt kurz und knapp in 90 Sekunden.", "_thumb": "http://www.mdr.de/sachsen-anhalt-heute/kompakt112-resimage_v-variantBig16x9_w-960.png?version=4333"}, {"_type": "dir", "url": "http://www.mdr.de/tv/programm/unserekstlicheheimat100-meta.xml", "_name": "Unsere k\u00f6stliche Heimat", "mode": "libMdrListVideos", "_plot": "In den typischen, speziellen und einzigartigen Gerichten spiegeln sich Tradition, Vorlieben und Charakter der Menschen, zu deren Alltag sie geh\u00f6ren.", "_thumb": "http://www.mdr.de/tv/programm/heimat168-resimage_v-variantBig16x9_w-960.png?version=4333"}, {"_type": "dir", "url": "http://www.mdr.de/tv/programm/mdrsachsenanhaltheute100-meta.xml", "_name": "MDR SACHSEN-ANHALT HEUTE", "mode": "libMdrListVideos", "_plot": "Aktuelle Bilder und Informationen aus Politik und Wirtschaft, aus Wissenschaft, Kultur und Sport aus Sachsen-Anhalt.", "_thumb": "http://www.mdr.de/sachsen-anhalt-heute/logosah100-resimage_v-variantBig16x9_w-960.png?version=4333"}, {"_type": "dir", "url": "http://www.mdr.de/tv/programm/aufschmalerspur100-meta.xml", "_name": "Auf schmaler Spur", "mode": "libMdrListVideos", "_plot": "Vorgestellt werden Schmalspurbahnen in Sachsen, Sachsen-Anhalt und Th\u00fcringen und ihre Betreiber.", "_thumb": "http://www.mdr.de/tv/bild6570-resimage_v-variantBig16x9_w-960.png?version=4333"}, {"url": "http://www.mdr.de/tv/programm/musikshow100-meta.xml", "_type": "dir", "_thumb": "http://www.mdr.de/tv/musik-und-show-fernsehballett100-resimage_v-variantBig16x9_w-960.png?version=4333", "mode": "libMdrListVideos", "_name": "Musik & Show"}, {"url": "http://www.mdr.de/tv/programm/events102-meta.xml", "_type": "dir", "_thumb": "http://www.mdr.de/tv/opernball-semperoper100-resimage_v-variantBig16x9_w-960.png?version=4333", "mode": "libMdrListVideos", "_name": "Events"}, {"_type": "dir", "url": "http://www.mdr.de/tv/programm/diespurdertter100-meta.xml", "_name": "Die Spur der T\u00e4ter", "mode": "libMdrListVideos", "_plot": "Die Spur der T\u00e4ter\" ist mit der Kriminalpolizei Kapitalverbrechern auf den Fersen. Dabei geht es um die detailgetreue Rekonstruktion der Aufkl\u00e4rung von Morden und \u00dcberf\u00e4llen.", "_thumb": "http://www.mdr.de/spur-der-taeter/bild88026-resimage_v-variantBig16x9_w-960.png?version=4333"}, {"_type": "dir", "url": "http://www.mdr.de/tv/programm/olafverbessertdiewelt100-meta.xml", "_name": "Olaf verbessert die Welt!", "mode": "libMdrListVideos", "_plot": "Olaf Schubert, das Wunder im Pullunder, steht f\u00fcr handgemachte Comedy aus Dresden, die weit \u00fcber die mitteldeutschen Grenzen strahlt. Einmal im Quartal k\u00f6nnen die Zuschauer ihn mit seiner neuen Show im MDR FERNSEHEN live erleben.", "_thumb": "http://www.mdr.de/olaf/logo308-resimage_v-variantBig16x9_w-960.png?version=4333"}, {"_type": "dir", "url": "http://www.mdr.de/tv/programm/mdrum100-meta.xml", "_name": "MDR um 11", "mode": "libMdrListVideos", "_plot": "Das L\u00e4ndermagazin setzt besonders auf Informationen aus der Region. Wechselnde Moderatoren pr\u00e4sentieren einen bunten Themen-Mix mit Beitr\u00e4gen aus Sachsen, Sachsen-Anhalt und Th\u00fcringen. Neben Nachrichten bietet das Magazin regionale Themen und Hintergrundinformationen.", "_thumb": "http://www.mdr.de/mdr-um-11/logomdrumelf100-resimage_v-variantBig16x9_w-960.png?version=4333"}, {"_type": "dir", "url": "http://www.mdr.de/tv/programm/machdichran112-meta.xml", "_name": "Mach dich ran", "mode": "libMdrListVideos", "_plot": "Unsere Zuschauer schreiben - das Team macht sich ran. In der \"Tagesaufgabe\" versuchen Mario Richardt und sein Team, die kleinen Probleme des Alltags aus dem Weg zu r\u00e4umen.", "_thumb": "http://www.mdr.de/mach-dich-ran/logo298-resimage_v-variantBig16x9_w-960.png?version=4333"}, {"_type": "dir", "url": "http://www.mdr.de/tv/programm/wetterfr100-meta.xml", "_name": "Wetter f\u00fcr 3", "mode": "libMdrListVideos", "_plot": "Ob es regnet, st\u00fcrmt oder schneit - die MDR-Wetterfr\u00f6sche Michaela Koschak, J\u00f6rg Heidermann und Thomas Globig melden sich t\u00e4glich vom Dach der Fernsehzentrale in Leipzig", "_thumb": "http://www.mdr.de/tv/programm/mdr382-resimage_v-variantBig16x9_w-960.png?version=4333"}, {"_type": "dir", "url": "http://www.mdr.de/tv/programm/einfachgenial108-meta.xml", "_name": "Einfach genial", "mode": "libMdrListVideos", "_plot": "Auf unterhaltsame Weise werden Erfindungen und deren geistige V\u00e4ter oder M\u00fctter vorgestellt, haupts\u00e4chlich aus dem mitteldeutschen Raum.", "_thumb": "http://www.mdr.de/einfach-genial/einfachgenial106-resimage_v-variantBig16x9_w-960.png?version=4333"}, {"_type": "dir", "url": "http://www.mdr.de/tv/programm/ichmachmeinding102-meta.xml", "_name": "Ich mach mein Ding", "mode": "libMdrListVideos", "_plot": "Acht Menschen leben acht verschiedene Leidenschaften. Sie \"machen ihr Ding\" in Sachsen, Sachsen-Anhalt und Th\u00fcringen. Acht Lebenstr\u00e4ume, an denen sie uns teilhaben lassen.", "_thumb": "http://www.mdr.de/ding/IchmachmeinDingTitel100-resimage_v-variantBig16x9_w-960.png?version=4333"}, {"_type": "dir", "url": "http://www.mdr.de/tv/programm/kanzleramtpforted104-meta.xml", "_name": "Kanzleramt Pforte D", "mode": "libMdrListVideos", "_plot": "B\u00f6lck, alt gedienter Pf\u00f6rtner, und Frowin als nassforscher Kanzlerfahrer mit Ambitionen, geben f\u00fcr jeweils 45 Minuten ihrem kabarettistischen Affen Zucker, wenn sie mit ihren Kabarettisten-Kollegen aktuelle politische Themen und Politiker satirisch durch die Mangel drehen.", "_thumb": "http://www.mdr.de/tv/kanzleramtpforted100-resimage_v-variantBig16x9_w-960.png?version=4333"}, {"_type": "dir", "url": "http://www.mdr.de/tv/programm/elefanttigerco100-meta.xml", "_name": "Elefant, Tiger & Co.", "mode": "libMdrListVideos", "_plot": "Die Urmutter der Zoo-Doku-Soaps hat Ma\u00dfst\u00e4be gesetzt, mit einem gleichsam authentischen wie intimen Blick hinter die Zoo-Kulissen, mit liebevollem Design und vor allem mit einer ber\u00fchrenden Erz\u00e4hlweise.", "_thumb": "http://www.mdr.de/elefanttigerundco/elefanttigerundco100-resimage_v-variantBig16x9_w-960.png?version=4333"}, {"_type": "dir", "url": "http://www.mdr.de/tv/programm/frhlichlesen100-meta.xml", "_name": "Fr\u00f6hlich lesen", "mode": "libMdrListVideos", "_plot": "Einmal im Monat l\u00e4dt Susanne Fr\u00f6hlich Autoren ins Studio ein, um mit ihnen \u00fcber ihre neuesten B\u00fccher zu sprechen.", "_thumb": "http://www.mdr.de/froehlich-lesen/froehlichlesen100-resimage_v-variantBig16x9_w-960.png?version=4333"}], "channel": "MDR", "ttl": "TODO ttl"}