<?xml version="1.0" encoding="UTF-8"?>
<addon id="plugin.video.kikamediathek" name="KiKa Mediathek" version="2.0.6" provider-name="68000a">
    <requires>
        <import addon="xbmc.python" version="2.25.0"/>
        <import addon="script.module.libkika" version="2.0.7" provider-name="68000a"/>
    </requires>
    <extension point="xbmc.python.pluginsource" library="default.py">
        <provides>video</provides>
    </extension>
    <extension point="xbmc.addon.metadata">
        <platform>all</platform>
        <language>de</language>
        <license>GNU GENERAL PUBLIC LICENSE. Version 2, June 1991</license>
        <source>https://github.com/68000a/Gigathek/tree/master/code/plugin.video.kikamediathek</source>
        <summary lang="en">This is an add-on for http://www.kika.de/.</summary>
        <description lang="en">This add-on provides access to the German VOD platform http://www.kika.de/.</description>
        <summary lang="de">Videos aus dem Kinderkanal von ARD und ZDF.</summary>
        <description lang="de">Dieses Add-on bietet Zugriff auf Kindersendungen des KiKas. Der Kinderkanal ist ein Gemeinschaftsprojekt von ARD und ZDF.</description>
        <disclaimer lang="de">Dieses Add-on wird von keiner Sendeanstalt unterstützt und ist daher inoffiziell.</disclaimer>
        <assets>
            <icon>icon.png</icon>
            <fanart>fanart.png</fanart>
        </assets>
    </extension>
</addon>
