<?xml version="1.0" encoding="UTF-8"?>
<addon id="plugin.video.funkmediathek" name="Funk Mediathek" version="0.0.1" provider-name="membrane">
    <requires>
		<import addon="xbmc.python" version="2.1.0"/>
		<import addon="script.module.libMediathek" version="1.1.10"/>
    </requires>
    <extension point="xbmc.python.pluginsource" library="default.py">
        <provides>video</provides>
    </extension>
    <extension point="xbmc.addon.metadata">
        <platform>all</platform>
        <summary lang="en">Funk Mediathek</summary>
        <description lang="en">Funk Mediathek</description>
    </extension>
</addon>
