{"list": [{"url": "http://www.daserste.de/dasersteapp/app/index~series_serial-allesKlara_types-sendung,sendebeitrag_pageNumber-0_pageSize-100.json", "_type": "dir", "_thumb": "http://www.daserste.de/unterhaltung/serie/alles-klara/fallback-image-166~_ts-f6c9ee_v-varxl.jpg", "mode": "libDasErsteListVideos", "_name": "Alles Klara"}, {"url": "http://www.daserste.de/dasersteapp/app/index~series_serial-annewill_types-sendung,sendebeitrag_pageNumber-0_pageSize-100.json", "_type": "dir", "_thumb": "http://www.daserste.de/information/talk/anne-will-fallback100~_ts-c3dad0_v-varxl.jpg", "mode": "libDasErsteListVideos", "_name": "Anne Will"}, {"url": "http://www.daserste.de/dasersteapp/app/index~series_serial-ardBuffet_types-sendung,sendebeitrag_pageNumber-0_pageSize-100.json", "_type": "dir", "_thumb": "http://www.daserste.de/information/ratgeber-service/ard-buffet/ard-buffet-fallback-image-100~_ts-a63899_v-varxl.jpg", "mode": "libDasErsteListVideos", "_name": "ARD-Buffet"}, {"url": "http://www.daserste.de/dasersteapp/app/index~series_serial-armansGeheimnis_types-sendung,sendebeitrag_pageNumber-0_pageSize-100.json", "_type": "dir", "_thumb": "http://www.daserste.de/checkeins-kinder/armans-geheimnis/fallback-armans-geheimnis-zwei-100~_ts-1529c8_v-varxl.jpg", "mode": "libDasErsteListVideos", "_name": "Armans Geheimnis"}, {"url": "http://www.daserste.de/dasersteapp/app/index~series_serial-beckmannHashtag_types-sendung,sendebeitrag_pageNumber-0_pageSize-100.json", "_type": "dir", "_thumb": "http://www.daserste.de/information/reportage-dokumentation/beckmann/beckmann-fallback-image2-100~_ts-5d4029_v-varxl.jpg", "mode": "libDasErsteListVideos", "_name": "#BECKMANN"}, {"url": "http://www.daserste.de/dasersteapp/app/index~series_serial-berichtAusBerlin_types-sendung,sendebeitrag_pageNumber-0_pageSize-100.json", "_type": "dir", "_thumb": "http://www.daserste.de/information/nachrichten-wetter/bericht-aus-berlin/bericht-aus-berlin-fallback-image-100~_ts-0c94a4_v-varxl.jpg", "mode": "libDasErsteListVideos", "_name": "Bericht aus Berlin"}, {"url": "http://www.daserste.de/dasersteapp/app/index~series_serial-boerseImErsten_types-sendung,sendebeitrag_pageNumber-0_pageSize-100.json", "_type": "dir", "_thumb": "http://www.daserste.de/information/wirtschaft-boerse/boerse-im-ersten/boerse-im-ersten-fallback-image-100~_ts-29ef77_v-varxl.jpg", "mode": "libDasErsteListVideos", "_name": "B\u00f6rse vor acht"}, {"url": "http://www.daserste.de/dasersteapp/app/index~series_serial-brautalarmAufDemLand_types-sendung,sendebeitrag_pageNumber-0_pageSize-100.json", "_type": "dir", "_thumb": "http://www.daserste.de/information/reportage-dokumentation/brautalarm-auf-dem-land/videos/frau-im-brautkleid-100~_ts-dcb4c6_v-varxl.jpg", "mode": "libDasErsteListVideos", "_name": "Brautalarm auf dem Land"}, {"url": "http://www.daserste.de/dasersteapp/app/index~series_serial-brennpunkt_types-sendung,sendebeitrag_pageNumber-0_pageSize-100.json", "_type": "dir", "_thumb": "http://www.daserste.de/information/nachrichten-wetter/brennpunkt/brennpunkt-fallback-image-100~_ts-5cb7d8_v-varxl.jpg", "mode": "libDasErsteListVideos", "_name": "Brennpunkt"}, {"url": "http://www.daserste.de/dasersteapp/app/index~series_serial-brisant_types-sendung,sendebeitrag_pageNumber-0_pageSize-100.json", "_type": "dir", "_thumb": "http://www.daserste.de/unterhaltung/boulevard/brisant/brisant-fallback-image-100~_ts-f7a75a_v-varxl.jpg", "mode": "libDasErsteListVideos", "_name": "Brisant"}, {"url": "http://www.daserste.de/dasersteapp/app/index~series_serial-charite_types-sendung,sendebeitrag_pageNumber-0_pageSize-100.json", "_type": "dir", "_thumb": "http://www.daserste.de/unterhaltung/serie/charite/sendereihenbild_charite-100~_ts-4701d4_v-varxl.jpg", "mode": "libDasErsteListVideos", "_name": "Charit\u00e9"}, {"url": "http://www.daserste.de/dasersteapp/app/index~series_serial-checkEinsKinder_types-sendung,sendebeitrag_pageNumber-0_pageSize-100.json", "_type": "dir", "_thumb": "http://www.daserste.de/checkeins-kinder/checker-tobi/videos/check-eins-110~_ts-930dd7_v-varxl.jpg", "mode": "libDasErsteListVideos", "_name": "Check Eins - Kinder"}, {"url": "http://www.daserste.de/dasersteapp/app/index~series_serial-comedySatire_types-sendung,sendebeitrag_pageNumber-0_pageSize-100.json", "_type": "dir", "_thumb": "http://www.daserste.de/unterhaltung/comedy-satire/comedy-satire/comedy-und-satire-fallback-100~_ts-6aae12_v-varxl.jpg", "mode": "libDasErsteListVideos", "_name": "Comedy & Satire im Ersten"}, {"url": "http://www.daserste.de/dasersteapp/app/index~series_serial-dasTalkGespraech_types-sendung,sendebeitrag_pageNumber-0_pageSize-100.json", "_type": "dir", "_thumb": "http://www.daserste.de/unterhaltung/comedy-satire/das-talkgespraech/specials/logo-fallback-100~_ts-0b766d_v-varxl.jpg", "mode": "libDasErsteListVideos", "_name": "Das TalkGespr\u00e4ch"}, {"url": "http://www.daserste.de/dasersteapp/app/index~series_serial-wetterimersten_types-sendung,sendebeitrag_pageNumber-0_pageSize-100.json", "_type": "dir", "_thumb": "http://www.daserste.de/information/nachrichten-wetter/wetter/wetter-vor-acht-fallback-image-100~_ts-8e0793_v-varxl.jpg", "mode": "libDasErsteListVideos", "_name": "Das Wetter im Ersten"}, {"url": "http://www.daserste.de/dasersteapp/app/index~series_serial-wortZumSonntag_types-sendung,sendebeitrag_pageNumber-0_pageSize-100.json", "_type": "dir", "_thumb": "http://www.daserste.de/information/wissen-kultur/wort-zum-sonntag/fallback-image-wort-100~_ts-c45307_v-varxl.jpg", "mode": "libDasErsteListVideos", "_name": "Das Wort zum Sonntag"}, {"url": "http://www.daserste.de/dasersteapp/app/index~series_serial-deutschlandDeinTag_types-sendung,sendebeitrag_pageNumber-0_pageSize-100.json", "_type": "dir", "_thumb": "http://www.daserste.de/information/reportage-dokumentation/deutschland-dein-tag/ddt_16_9_hd_nur_logo-100~_ts-a338d0_v-varxl.jpg", "mode": "libDasErsteListVideos", "_name": "Deutschland. Dein Tag"}, {"url": "http://www.daserste.de/dasersteapp/app/index~series_serial-dieBesteKlasseDeutschlands_types-sendung,sendebeitrag_pageNumber-0_pageSize-100.json", "_type": "dir", "_thumb": "http://www.daserste.de/checkeins-kinder/die-beste-klasse-deutschlands-teaser-root-100~_ts-4c4e77_v-varxl.jpg", "mode": "libDasErsteListVideos", "_name": "Die beste Klasse Deutschlands"}, {"url": "http://www.daserste.de/dasersteapp/app/index~series_serial-dieDasslers_types-sendung,sendebeitrag_pageNumber-0_pageSize-100.json", "_type": "dir", "_thumb": "http://www.daserste.de/unterhaltung/film/die-dasslers/die_dasslers_master-100~_ts-9eced5_v-varxl.jpg", "mode": "libDasErsteListVideos", "_name": "Die Dasslers"}, {"url": "http://www.daserste.de/dasersteapp/app/index~series_serial-dieFesteMitFlorianSelbereisen_types-sendung,sendebeitrag_pageNumber-0_pageSize-100.json", "_type": "dir", "_thumb": "http://www.daserste.de/unterhaltung/musik/die-feste-mit-florian-silbereisen/florian-silbereisen-124~_ts-74f927_v-varxl.jpg", "mode": "libDasErsteListVideos", "_name": "Die FESTE mit Florian Silbereisen"}, {"url": "http://www.daserste.de/dasersteapp/app/index~series_serial-dieGrosseShowDerNaturwunder_types-sendung,sendebeitrag_pageNumber-0_pageSize-100.json", "_type": "dir", "_thumb": "http://www.daserste.de/unterhaltung/show/die-grosse-show-der-naturwunder/videos/die-grosse-show-der-naturwunder-102~_ts-bccce1_v-varxl.jpg", "mode": "libDasErsteListVideos", "_name": "Die gro\u00dfe Show der Naturwunder"}, {"url": "http://www.daserste.de/dasersteapp/app/index~series_serial-inAllerFreundschaftDieJungenAerzte_types-sendung,sendebeitrag_pageNumber-0_pageSize-100.json", "_type": "dir", "_thumb": "http://www.daserste.de/unterhaltung/serie/in-aller-freundschaft-die-jungen-aerzte/die-jungen-aerzte-falback-102~_ts-aab154_v-varxl.jpg", "mode": "libDasErsteListVideos", "_name": "Die jungen \u00c4rzte"}, {"url": "http://www.daserste.de/dasersteapp/app/index~series_serial-dieKanzlei_types-sendung,sendebeitrag_pageNumber-0_pageSize-100.json", "_type": "dir", "_thumb": "http://www.daserste.de/unterhaltung/serie/die-kanzlei/diekanzlei_sendereihenbild-100~_ts-8e86cc_v-varxl.jpg", "mode": "libDasErsteListVideos", "_name": "Die Kanzlei"}, {"url": "http://www.daserste.de/dasersteapp/app/index~series_serial-diePfefferkoerner_types-sendung,sendebeitrag_pageNumber-0_pageSize-100.json", "_type": "dir", "_thumb": "http://www.daserste.de/checkeins-kinder/die-pfefferkoerner/staffel-12-gruppe-master-daserste-100~_ts-697b01_v-varxl.jpg", "mode": "libDasErsteListVideos", "_name": "Die Pfefferk\u00f6rner"}, {"url": "http://www.daserste.de/dasersteapp/app/index~series_serial-dieSendungMitDerMaus_types-sendung,sendebeitrag_pageNumber-0_pageSize-100.json", "_type": "dir", "_thumb": "http://www.daserste.de/checkeins-kinder/sendung-mit-der-maus/die-sendung-mit-der-maus-fallback-image-100~_ts-e433cd_v-varxl.jpg", "mode": "libDasErsteListVideos", "_name": "Die Sendung mit der Maus"}, {"url": "http://www.daserste.de/dasersteapp/app/index~series_serial-dieStadtUndDieMacht_types-sendung,sendebeitrag_pageNumber-0_pageSize-100.json", "_type": "dir", "_thumb": "http://www.daserste.de/unterhaltung/serie/die-stadt-und-die-macht/Die_Stadt_und_die_Macht_fallback-master-100~_ts-fc2a88_v-varxl.jpg", "mode": "libDasErsteListVideos", "_name": "Die Stadt und die Macht"}, {"url": "http://www.daserste.de/dasersteapp/app/index~series_serial-reportageUndDokumentation_types-sendung,sendebeitrag_pageNumber-0_pageSize-100.json", "_type": "dir", "_thumb": "http://www.daserste.de/information/reportage-dokumentation/dokus/doku-fallback-neu-100~_ts-efe944_v-varxl.jpg", "mode": "libDasErsteListVideos", "_name": "Die Story im Ersten"}, {"url": "http://www.daserste.de/dasersteapp/app/index~series_serial-reportageUndDokumentation_types-sendung,sendebeitrag_pageNumber-0_pageSize-100.json", "_type": "dir", "_thumb": "http://www.daserste.de/information/reportage-dokumentation/dokus/doku-fallback-neu-100~_ts-efe944_v-varxl.jpg", "mode": "libDasErsteListVideos", "_name": "Dokumentationen"}, {"url": "http://www.daserste.de/dasersteapp/app/index~series_serial-donnaLeon_types-sendung,sendebeitrag_pageNumber-0_pageSize-100.json", "_type": "dir", "_thumb": "http://www.daserste.de/unterhaltung/film/donna-leon/fallback-image-126~_ts-586c76_v-varxl.jpg", "mode": "libDasErsteListVideos", "_name": "Donna Leon"}, {"url": "http://www.daserste.de/dasersteapp/app/index~series_serial-druckfrisch_types-sendung,sendebeitrag_pageNumber-0_pageSize-100.json", "_type": "dir", "_thumb": "http://www.daserste.de/information/wissen-kultur/druckfrisch/druckfrisch-fallback-image-100~_ts-9a3b48_v-varxl.jpg", "mode": "libDasErsteListVideos", "_name": "Druckfrisch"}, {"url": "http://www.daserste.de/dasersteapp/app/index~series_serial-echo2016_types-sendung,sendebeitrag_pageNumber-0_pageSize-100.json", "_type": "dir", "_thumb": "http://www.daserste.de/unterhaltung/musik/echo-2016/echo_2016_master-100~_ts-501fad_v-varxl.jpg", "mode": "libDasErsteListVideos", "_name": "Echo 2016"}, {"url": "http://www.daserste.de/dasersteapp/app/index~series_serial-einFallVonLiebe_types-sendung,sendebeitrag_pageNumber-0_pageSize-100.json", "_type": "dir", "_thumb": "http://www.daserste.de/unterhaltung/serie/ein-fall-von-liebe/ein-fall-vonliebe-fallback-image-100~_ts-e321dd_v-varxl.jpg", "mode": "libDasErsteListVideos", "_name": "Ein Fall von Liebe"}, {"url": "http://www.daserste.de/dasersteapp/app/index~series_serial-eisbaeraffe_types-sendung,sendebeitrag_pageNumber-0_pageSize-100.json", "_type": "dir", "_thumb": "http://www.daserste.de/information/zoogeschichten/eisbaer/eisbaer-affe-co-fallback-image-100~_ts-98c8e1_v-varxl.jpg", "mode": "libDasErsteListVideos", "_name": "Eisb\u00e4r, Affe & Co."}, {"url": "http://www.daserste.de/dasersteapp/app/index~series_serial-elefantTigerCo_types-sendung,sendebeitrag_pageNumber-0_pageSize-100.json", "_type": "dir", "_thumb": "http://www.daserste.de/information/zoogeschichten/elefant/videos/elefant-tiger-co-330~_ts-c2ee30_v-varxl.jpg", "mode": "libDasErsteListVideos", "_name": "Elefant, Tiger & Co."}, {"url": "http://www.daserste.de/dasersteapp/app/index~series_serial-erlebnisErde_types-sendung,sendebeitrag_pageNumber-0_pageSize-100.json", "_type": "dir", "_thumb": "http://www.daserste.de/information/reportage-dokumentation/erlebnis-erde/erlebnis-erde-image-fallback-100~_ts-ee08bf_v-varxl.jpg", "mode": "libDasErsteListVideos", "_name": "Erlebnis Erde"}, {"url": "http://www.daserste.de/dasersteapp/app/index~series_serial-europamagazin_types-sendung,sendebeitrag_pageNumber-0_pageSize-100.json", "_type": "dir", "_thumb": "http://www.daserste.de/information/politik-weltgeschehen/europamagazin/europamagazin_master-100~_ts-8a3d15_v-varxl.jpg", "mode": "libDasErsteListVideos", "_name": "Europamagazin"}, {"url": "http://www.daserste.de/dasersteapp/app/index~series_serial-eurovisionSongContest_types-sendung,sendebeitrag_pageNumber-0_pageSize-100.json", "_type": "dir", "_thumb": "http://www.daserste.de/specials/esc-2013-logo100~_ts-2f6e28_v-varxl.jpg", "mode": "libDasErsteListVideos", "_name": "Eurovision Song Contest"}, {"url": "http://www.daserste.de/dasersteapp/app/index~series_serial-reportageUndDokumentation_types-sendung,sendebeitrag_pageNumber-0_pageSize-100.json", "_type": "dir", "_thumb": "http://www.daserste.de/information/reportage-dokumentation/dokus/doku-fallback-neu-100~_ts-efe944_v-varxl.jpg", "mode": "libDasErsteListVideos", "_name": "Exclusiv im Ersten"}, {"url": "http://www.daserste.de/dasersteapp/app/index~series_serial-extra3_types-sendung,sendebeitrag_pageNumber-0_pageSize-100.json", "_type": "dir", "_thumb": "http://www.daserste.de/unterhaltung/comedy-satire/extra-3/extra-3-christian-ehring-fallback-100~_ts-120def_v-varxl.jpg", "mode": "libDasErsteListVideos", "_name": "extra 3"}, {"url": "http://www.daserste.de/dasersteapp/app/index~series_serial-fakt_types-sendung,sendebeitrag_pageNumber-0_pageSize-100.json", "_type": "dir", "_thumb": "http://www.daserste.de/information/politik-weltgeschehen/fakt/fakt-fallback-image-100~_ts-ab9f28_v-varxl.jpg", "mode": "libDasErsteListVideos", "_name": "FAKT"}, {"url": "http://www.daserste.de/dasersteapp/app/index~series_serial-familieDrKleist_types-sendung,sendebeitrag_pageNumber-0_pageSize-100.json", "_type": "dir", "_thumb": "http://www.daserste.de/unterhaltung/serie/familie-dr-kleist/familie-kleist-fallback-100~_ts-237a47_v-varxl.jpg", "mode": "libDasErsteListVideos", "_name": "Familie Dr. Kleist"}, {"url": "http://www.daserste.de/dasersteapp/app/index~series_serial-farbeBekennen_types-sendung,sendebeitrag_pageNumber-0_pageSize-100.json", "_type": "dir", "_thumb": "http://www.daserste.de/information/politik-weltgeschehen/farbe-bekennen/farbe-bekennen-fallback-image-100~_ts-9ff9d5_v-varxl.jpg", "mode": "libDasErsteListVideos", "_name": "Farbe bekennen"}, {"url": "http://www.daserste.de/dasersteapp/app/index~series_serial-dieFesteMitFlorianSelbereisen_types-sendung,sendebeitrag_pageNumber-0_pageSize-100.json", "_type": "dir", "_thumb": "http://www.daserste.de/unterhaltung/musik/die-feste-mit-florian-silbereisen/florian-silbereisen-124~_ts-74f927_v-varxl.jpg", "mode": "libDasErsteListVideos", "_name": "Die FESTE mit Florian Silbereisen"}, {"url": "http://www.daserste.de/dasersteapp/app/index~series_serial-sommerkinoImErsten_types-sendung,sendebeitrag_pageNumber-0_pageSize-100.json", "_type": "dir", "_thumb": "http://www.daserste.de/unterhaltung/film/sommerkino-im-ersten/logo-sommerkino-100~_ts-01b418_v-varxl.jpg", "mode": "libDasErsteListVideos", "_name": "Filme (Sommerkino im Ersten)"}, {"url": "http://www.daserste.de/dasersteapp/app/index~series_serial-filmeImErsten_types-sendung,sendebeitrag_pageNumber-0_pageSize-100.json", "_type": "dir", "_thumb": "http://www.daserste.de/unterhaltung/film/filme-im-ersten/filme-im-ersten-fallback-master-bild-100~_ts-26edb1_v-varxl.jpg", "mode": "libDasErsteListVideos", "_name": "Filme im Ersten"}, {"url": "http://www.daserste.de/dasersteapp/app/index~series_serial-filmMittwoch_types-sendung,sendebeitrag_pageNumber-0_pageSize-100.json", "_type": "dir", "_thumb": "http://www.daserste.de/unterhaltung/film/filmmittwoch-im-ersten/fallback-filmmittwoch-100~_ts-bcb7b0_v-varxl.jpg", "mode": "libDasErsteListVideos", "_name": "FilmMittwoch im Ersten"}, {"url": "http://www.daserste.de/dasersteapp/app/index~series_serial-fragDochMalDieMaus_types-sendung,sendebeitrag_pageNumber-0_pageSize-100.json", "_type": "dir", "_thumb": "http://www.daserste.de/unterhaltung/show/shows-im-ersten/videos/frag-doch-mal-die-maus-102~_ts-bb020e_v-varxl.jpg", "mode": "libDasErsteListVideos", "_name": "Frag doch mal die Maus"}, {"url": "http://www.daserste.de/dasersteapp/app/index~series_serial-frauTemmeSuchtDasGl\u00fcck_types-sendung,sendebeitrag_pageNumber-0_pageSize-100.json", "_type": "dir", "_thumb": "http://www.daserste.de/unterhaltung/serie/frau-temme-sucht-das-glueck/sendereihenbild_frau_temme-100~_ts-b6c318_v-varxl.jpg", "mode": "libDasErsteListVideos", "_name": "Frau Temme sucht das Gl\u00fcck"}, {"url": "http://www.daserste.de/dasersteapp/app/index~series_serial-freitagImErsten_types-sendung,sendebeitrag_pageNumber-0_pageSize-100.json", "_type": "dir", "_thumb": "http://www.daserste.de/unterhaltung/film/freitag-im-ersten/freitag-im-ersten-master-fallback-image-100~_ts-378de3_v-varxl.jpg", "mode": "libDasErsteListVideos", "_name": "Freitag im Ersten"}, {"url": "http://www.daserste.de/dasersteapp/app/index~series_serial-gefragtGejagt_types-sendung,sendebeitrag_pageNumber-0_pageSize-100.json", "_type": "dir", "_thumb": "http://www.daserste.de/unterhaltung/quiz-show/gefragt-gejagt/gefragt-gejagt-logo-100~_ts-291875_v-varxl.jpg", "mode": "libDasErsteListVideos", "_name": "Gefragt \u2013 Gejagt"}, {"url": "http://www.daserste.de/dasersteapp/app/index~series_serial-reportageUndDokumentation_types-sendung,sendebeitrag_pageNumber-0_pageSize-100.json", "_type": "dir", "_thumb": "http://www.daserste.de/information/reportage-dokumentation/dokus/doku-fallback-neu-100~_ts-efe944_v-varxl.jpg", "mode": "libDasErsteListVideos", "_name": "Geschichte im Ersten"}, {"url": "http://www.daserste.de/dasersteapp/app/index~series_serial-gottUndDieWelt_types-sendung,sendebeitrag_pageNumber-0_pageSize-100.json", "_type": "dir", "_thumb": "http://www.daserste.de/information/reportage-dokumentation/gott-und-die-welt/gott-und-die-welt-fallback-image-102~_ts-49f2d1_v-varxl.jpg", "mode": "libDasErsteListVideos", "_name": "Gott und die Welt"}, {"url": "http://www.daserste.de/dasersteapp/app/index~series_serial-dieGrosseShowDerNaturwunder_types-sendung,sendebeitrag_pageNumber-0_pageSize-100.json", "_type": "dir", "_thumb": "http://www.daserste.de/unterhaltung/show/die-grosse-show-der-naturwunder/videos/die-grosse-show-der-naturwunder-102~_ts-bccce1_v-varxl.jpg", "mode": "libDasErsteListVideos", "_name": "Gro\u00dfe Show der Naturwunder"}, {"url": "http://www.daserste.de/dasersteapp/app/index~series_serial-grossstadtrevier_types-sendung,sendebeitrag_pageNumber-0_pageSize-100.json", "_type": "dir", "_thumb": "http://www.daserste.de/unterhaltung/serie/grossstadtrevier/fallback-image-158~_ts-60f3ac_v-varxl.jpg", "mode": "libDasErsteListVideos", "_name": "Gro\u00dfstadtrevier"}, {"url": "http://www.daserste.de/dasersteapp/app/index~series_serial-hartAberFair_types-sendung,sendebeitrag_pageNumber-0_pageSize-100.json", "_type": "dir", "_thumb": "http://www.daserste.de/information/talk/hart-aber-fair/hart-aber-faier-fallback-image-100~_ts-c3aab0_v-varxl.jpg", "mode": "libDasErsteListVideos", "_name": "Hart aber fair"}, {"url": "http://www.daserste.de/dasersteapp/app/index~series_serial-hirschhausensQuizDesMenschen_types-sendung,sendebeitrag_pageNumber-0_pageSize-100.json", "_type": "dir", "_thumb": "http://www.daserste.de/unterhaltung/quiz-show/hirschhausens-quiz-des-menschen/eckart-von-hirschhausen-logo-104~_ts-2bf593_v-varxl.jpg", "mode": "libDasErsteListVideos", "_name": "Hirschhausens Quiz des Menschen"}, {"url": "http://www.daserste.de/dasersteapp/app/index~series_serial-hubertundstaller_types-sendung,sendebeitrag_pageNumber-0_pageSize-100.json", "_type": "dir", "_thumb": "http://www.daserste.de/unterhaltung/serie/hubert-und-staller/sendung/bild-fallback-hubertstaller-sendung-100~_ts-350951_v-varxl.jpg", "mode": "libDasErsteListVideos", "_name": "Hubert und Staller"}, {"url": "http://www.daserste.de/dasersteapp/app/index~series_serial-inAllerFreundschaft_types-sendung,sendebeitrag_pageNumber-0_pageSize-100.json", "_type": "dir", "_thumb": "http://www.daserste.de/unterhaltung/serie/in-aller-freundschaft/in-aller-freundschaft-sendereihe-fallback-image-100~_ts-687ff3_v-varxl.jpg", "mode": "libDasErsteListVideos", "_name": "In aller Freundschaft"}, {"url": "http://www.daserste.de/dasersteapp/app/index~series_serial-inAllerFreundschaftDieJungenAerzte_types-sendung,sendebeitrag_pageNumber-0_pageSize-100.json", "_type": "dir", "_thumb": "http://www.daserste.de/unterhaltung/serie/in-aller-freundschaft-die-jungen-aerzte/die-jungen-aerzte-falback-102~_ts-aab154_v-varxl.jpg", "mode": "libDasErsteListVideos", "_name": "In aller Freundschaft \u2013 Die jungen \u00c4rzte"}, {"url": "http://www.daserste.de/dasersteapp/app/index~series_serial-inasNacht_types-sendung,sendebeitrag_pageNumber-0_pageSize-100.json", "_type": "dir", "_thumb": "http://www.daserste.de/unterhaltung/talk/inas-nacht/inas-nacht-fallback-image-100~_ts-18dbbb_v-varxl.jpg", "mode": "libDasErsteListVideos", "_name": "Inas Nacht"}, {"url": "http://www.daserste.de/dasersteapp/app/index~series_serial-karnevalImErsten_types-sendung,sendebeitrag_pageNumber-0_pageSize-100.json", "_type": "dir", "_thumb": "http://www.daserste.de/unterhaltung/boulevard/karneval-im-ersten/karneval-im-ersten-fallbackbild-100~_ts-4dc2f5_v-varxl.jpg", "mode": "libDasErsteListVideos", "_name": "Karneval im Ersten"}, {"url": "http://www.daserste.de/dasersteapp/app/index~series_serial-katharinaLuther_types-sendung,sendebeitrag_pageNumber-0_pageSize-100.json", "_type": "dir", "_thumb": "http://www.daserste.de/unterhaltung/film/katharina-luther/sendereihenbild_katharinaluther-100~_ts-dbfbc0_v-varxl.jpg", "mode": "libDasErsteListVideos", "_name": "Katharina Luther"}, {"url": "http://www.daserste.de/dasersteapp/app/index~series_serial-kinderfilmeUndKinderdokus_types-sendung,sendebeitrag_pageNumber-0_pageSize-100.json", "_type": "dir", "_thumb": "http://www.daserste.de/checkeins-kinder/kinderfilme-kinderdokus/kinderfilme-kinderdokus-master-daserste-100~_ts-caeaaa_v-varxl.jpg", "mode": "libDasErsteListVideos", "_name": "Kinderfilme und Kinderdokus"}, {"url": "http://www.daserste.de/dasersteapp/app/index~series_serial-kommissarDupin_types-sendung,sendebeitrag_pageNumber-0_pageSize-100.json", "_type": "dir", "_thumb": "http://www.daserste.de/unterhaltung/film/kommissar-dupin/kommissar-dupin-sendereihe-fallback-100~_ts-613851_v-varxl.jpg", "mode": "libDasErsteListVideos", "_name": "Kommissar Dupin"}, {"url": "http://www.daserste.de/dasersteapp/app/index~series_serial-kommissarPascha_types-sendung,sendebeitrag_pageNumber-0_pageSize-100.json", "_type": "dir", "_thumb": "http://www.daserste.de/unterhaltung/film/kommissar-pascha/kommissar_pascha_sendereihenbild_stage2-100~_ts-4b5fa0_v-varxl.jpg", "mode": "libDasErsteListVideos", "_name": "Kommissar Pascha"}, {"url": "http://www.daserste.de/dasersteapp/app/index~series_serial-kontraste_types-sendung,sendebeitrag_pageNumber-0_pageSize-100.json", "_type": "dir", "_thumb": "http://www.daserste.de/information/politik-weltgeschehen/kontraste/kontraste-fallback-image-100~_ts-967ca6_v-varxl.jpg", "mode": "libDasErsteListVideos", "_name": "Kontraste"}, {"url": "http://www.daserste.de/dasersteapp/app/index~series_serial-ladiesNight_types-sendung,sendebeitrag_pageNumber-0_pageSize-100.json", "_type": "dir", "_thumb": "http://www.daserste.de/unterhaltung/comedy-satire/ladies-night-fallback-100~_ts-51e925_v-varxl.jpg", "mode": "libDasErsteListVideos", "_name": "Ladies Night"}, {"url": "http://www.daserste.de/dasersteapp/app/index~series_serial-landUndLecker_types-sendung,sendebeitrag_pageNumber-0_pageSize-100.json", "_type": "dir", "_thumb": "http://www.daserste.de/information/reportage-dokumentation/land-und-lecker/land-und-lecker-fallback-image-100~_ts-58216f_v-varxl.jpg", "mode": "libDasErsteListVideos", "_name": "Land und lecker"}, {"url": "http://www.daserste.de/dasersteapp/app/index~series_serial-leckerAufsLand_types-sendung,sendebeitrag_pageNumber-0_pageSize-100.json", "_type": "dir", "_thumb": "http://www.daserste.de/information/reportage-dokumentation/lecker-aufs-land/lecker-aufs-land-fallback-100~_ts-8331e2_v-varxl.jpg", "mode": "libDasErsteListVideos", "_name": "Lecker aufs Land"}, {"url": "http://www.daserste.de/dasersteapp/app/index~series_serial-lindenstrasse_types-sendung,sendebeitrag_pageNumber-0_pageSize-100.json", "_type": "dir", "_thumb": "http://www.daserste.de/unterhaltung/serie/lindenstrasse/fallback-image-154~_ts-520a72_v-varxl.jpg", "mode": "libDasErsteListVideos", "_name": "Lindenstra\u00dfe"}, {"url": "http://www.daserste.de/dasersteapp/app/index~series_serial-maerchenfilmImErsten_types-sendung,sendebeitrag_pageNumber-0_pageSize-100.json", "_type": "dir", "_thumb": "http://www.daserste.de/checkeins-kinder/maerchenfilm/maerchenfilm-im-ersten-fallback-image-100~_ts-63ed49_v-varxl.jpg", "mode": "libDasErsteListVideos", "_name": "M\u00e4rchen"}, {"url": "http://www.daserste.de/dasersteapp/app/index~series_serial-maischberger_types-sendung,sendebeitrag_pageNumber-0_pageSize-100.json", "_type": "dir", "_thumb": "http://www.daserste.de/unterhaltung/talk/maischberger/sendung/maischberger-fallback-100~_ts-e1a18c_v-varxl.jpg", "mode": "libDasErsteListVideos", "_name": "Maischberger"}, {"url": "http://www.daserste.de/dasersteapp/app/index~series_serial-mankellsWallander_types-sendung,sendebeitrag_pageNumber-0_pageSize-100.json", "_type": "dir", "mode": "libDasErsteListVideos", "_name": "Mankells Wallander"}, {"url": "http://www.daserste.de/dasersteapp/app/index~series_serial-markencheck_types-sendung,sendebeitrag_pageNumber-0_pageSize-100.json", "_type": "dir", "_thumb": "http://www.daserste.de/information/ratgeber-service/markencheck/fallback-markencheck-100~_ts-4c37e1_v-varxl.jpg", "mode": "libDasErsteListVideos", "_name": "Markencheck"}, {"url": "http://www.daserste.de/dasersteapp/app/index~series_serial-meisterDesAlltags_types-sendung,sendebeitrag_pageNumber-0_pageSize-100.json", "_type": "dir", "_thumb": "http://www.daserste.de/unterhaltung/quiz-show/meister-des-alltags/meister-des-alltags-logo-100~_ts-b50c1c_v-varxl.jpg", "mode": "libDasErsteListVideos", "_name": "Meister des Alltags"}, {"url": "http://www.daserste.de/dasersteapp/app/index~series_serial-mittagsmagazin_types-sendung,sendebeitrag_pageNumber-0_pageSize-100.json", "_type": "dir", "_thumb": "http://www.daserste.de/information/politik-weltgeschehen/mittagsmagazin/sendungslogo-mittagsmagazin-100~_ts-e28a08_v-varxl.jpg", "mode": "libDasErsteListVideos", "_name": "ARD-Mittagsmagazin"}, {"url": "http://www.daserste.de/dasersteapp/app/index~series_serial-mittenInDeutschlandNsu_types-sendung,sendebeitrag_pageNumber-0_pageSize-100.json", "_type": "dir", "_thumb": "http://www.daserste.de/unterhaltung/film/mitten-in-deutschland-nsu/mitten_in_deutschland_nsu_bild_master-100~_ts-589690_v-varxl.jpg", "mode": "libDasErsteListVideos", "_name": "Mitten in Deutschland: NSU"}, {"url": "http://www.daserste.de/dasersteapp/app/index~series_serial-moerderischesTalPregau_types-sendung,sendebeitrag_pageNumber-0_pageSize-100.json", "_type": "dir", "_thumb": "http://www.daserste.de/unterhaltung/film/moerderisches-tal-pregau/sendereihenbild_pregau-102~_ts-59ff25_v-varxl.jpg", "mode": "libDasErsteListVideos", "_name": "M\u00f6rderisches Tal \u2013 Pregau"}, {"url": "http://www.daserste.de/dasersteapp/app/index~series_serial-monisGrill_types-sendung,sendebeitrag_pageNumber-0_pageSize-100.json", "_type": "dir", "_thumb": "http://www.daserste.de/unterhaltung/serie/monis-grill/monis_grill_master-fallback-bild100~_ts-640401_v-varxl.jpg", "mode": "libDasErsteListVideos", "_name": "Moni's Grill"}, {"url": "http://www.daserste.de/dasersteapp/app/index~series_serial-monitor_types-sendung,sendebeitrag_pageNumber-0_pageSize-100.json", "_type": "dir", "mode": "libDasErsteListVideos", "_name": "Monitor"}, {"url": "http://www.daserste.de/dasersteapp/app/index~series_serial-montagscheckImErsten_types-sendung,sendebeitrag_pageNumber-0_pageSize-100.json", "_type": "dir", "_thumb": "http://www.daserste.de/information/ratgeber-service/montagscheck/montags-check-im-ersten-100~_ts-c60289_v-varxl.jpg", "mode": "libDasErsteListVideos", "_name": "Montags-Check im Ersten"}, {"url": "http://www.daserste.de/dasersteapp/app/index~series_serial-mordenimNorden_types-sendung,sendebeitrag_pageNumber-0_pageSize-100.json", "_type": "dir", "_thumb": "http://www.daserste.de/unterhaltung/serie/morden-im-norden/fallback-image-174~_ts-eb01cb_v-varxl.jpg", "mode": "libDasErsteListVideos", "_name": "Morden im Norden"}, {"url": "http://www.daserste.de/dasersteapp/app/index~series_serial-mordkommissionIstanbul_types-sendung,sendebeitrag_pageNumber-0_pageSize-100.json", "_type": "dir", "_thumb": "http://www.daserste.de/unterhaltung/film/mordkommission-istanbul/mordkommission-istanbul-fallback-image-100~_ts-8c3214_v-varxl.jpg", "mode": "libDasErsteListVideos", "_name": "Mordkommission Istanbul"}, {"url": "http://www.daserste.de/dasersteapp/app/index~series_serial-mordMitAussicht_types-sendung,sendebeitrag_pageNumber-0_pageSize-100.json", "_type": "dir", "_thumb": "http://www.daserste.de/unterhaltung/serie/mord-mit-aussicht/mord-mit-aussicht-fallback-sendung-100~_ts-2dc19b_v-varxl.jpg", "mode": "libDasErsteListVideos", "_name": "Mord mit Aussicht"}, {"url": "http://www.daserste.de/dasersteapp/app/index~series_serial-morgenmagazin_types-sendung,sendebeitrag_pageNumber-0_pageSize-100.json", "_type": "dir", "_thumb": "http://www.daserste.de/information/politik-weltgeschehen/morgenmagazin/fallback-morgenmagazin-100~_ts-119a09_v-varxl.jpg", "mode": "libDasErsteListVideos", "_name": "Morgenmagazin"}, {"url": "http://www.daserste.de/dasersteapp/app/index~series_serial-motzgurkeTv_types-sendung,sendebeitrag_pageNumber-0_pageSize-100.json", "_type": "dir", "_thumb": "http://www.daserste.de/checkeins-kinder/motzgurke-tv/motzgurke-tv-100~_ts-994672_v-varxl.jpg", "mode": "libDasErsteListVideos", "_name": "motzgurke.tv"}, {"url": "http://www.daserste.de/dasersteapp/app/index~series_serial-muenchen_types-sendung,sendebeitrag_pageNumber-0_pageSize-100.json", "_type": "dir", "_thumb": "http://www.daserste.de/unterhaltung/serie/muenchen-7/muenchen-7-fallback-100~_ts-818054_v-varxl.jpg", "mode": "libDasErsteListVideos", "_name": "M\u00fcnchen 7"}, {"url": "http://www.daserste.de/dasersteapp/app/index~series_serial-nachtmagazin_types-sendung,sendebeitrag_pageNumber-0_pageSize-100.json", "_type": "dir", "_thumb": "http://www.daserste.de/information/nachrichten-wetter/nachtmagazin/fallback-image-142~_ts-f472c8_v-varxl.jpg", "mode": "libDasErsteListVideos", "_name": "Nachtmagazin"}, {"url": "http://www.daserste.de/dasersteapp/app/index~series_serial-nashornZebraCo_types-sendung,sendebeitrag_pageNumber-0_pageSize-100.json", "_type": "dir", "_thumb": "http://www.daserste.de/information/zoogeschichten/nashorn/fallback-image-140~_ts-caf3c1_v-varxl.jpg", "mode": "libDasErsteListVideos", "_name": "Nashorn, Zebra & Co."}, {"url": "http://www.daserste.de/dasersteapp/app/index~series_serial-neuneinhalb_types-sendung,sendebeitrag_pageNumber-0_pageSize-100.json", "_type": "dir", "_thumb": "http://www.daserste.de/checkeins-kinder/neuneinhalb/neuneinhalb-fallback-image-100~_ts-2aa902_v-varxl.jpg", "mode": "libDasErsteListVideos", "_name": "neuneinhalb"}, {"url": "http://www.daserste.de/dasersteapp/app/index~series_serial-mittenInDeutschlandNsu_types-sendung,sendebeitrag_pageNumber-0_pageSize-100.json", "_type": "dir", "_thumb": "http://www.daserste.de/unterhaltung/film/mitten-in-deutschland-nsu/mitten_in_deutschland_nsu_bild_master-100~_ts-589690_v-varxl.jpg", "mode": "libDasErsteListVideos", "_name": "NSU - Mitten in Deutschland"}, {"url": "http://www.daserste.de/dasersteapp/app/index~series_serial-nuhrAb18_types-sendung,sendebeitrag_pageNumber-0_pageSize-100.json", "_type": "dir", "_thumb": "http://www.daserste.de/unterhaltung/comedy-satire/nuhr-ab-18/nuhr-ab-18-logo-fallback-sendereihe-100~_ts-b7cccb_v-varxl.jpg", "mode": "libDasErsteListVideos", "_name": "Nuhr ab 18"}, {"url": "http://www.daserste.de/dasersteapp/app/index~series_serial-satireGipfel_types-sendung,sendebeitrag_pageNumber-0_pageSize-100.json", "_type": "dir", "_thumb": "http://www.daserste.de/unterhaltung/comedy-satire/satire-gipfel/nuhr-im-ersten-der-satire-gipfel-fallback-100~_ts-b022aa_v-varxl.jpg", "mode": "libDasErsteListVideos", "_name": "Nuhr im Ersten \u2013 Der Satiregipfel"}, {"url": "http://www.daserste.de/dasersteapp/app/index~series_serial-paarduell_types-sendung,sendebeitrag_pageNumber-0_pageSize-100.json", "_type": "dir", "_thumb": "http://www.daserste.de/unterhaltung/quiz-show/paarduell/paarduell-logo-100~_ts-136176_v-varxl.jpg", "mode": "libDasErsteListVideos", "_name": "Paarduell"}, {"url": "http://www.daserste.de/dasersteapp/app/index~series_serial-panorama_types-sendung,sendebeitrag_pageNumber-0_pageSize-100.json", "_type": "dir", "_thumb": "http://www.daserste.de/information/politik-weltgeschehen/panorama/panorama-fallback-image-100~_ts-4097ee_v-varxl.jpg", "mode": "libDasErsteListVideos", "_name": "Panorama"}, {"url": "http://www.daserste.de/dasersteapp/app/index~series_serial-paulaUndDieWildenTiere_types-sendung,sendebeitrag_pageNumber-0_pageSize-100.json", "_type": "dir", "_thumb": "http://www.daserste.de/checkeins-kinder/paula-und-die-wilden-tiere/paula-und-die-wilden-tiere-fallback-100~_ts-d8b3f1_v-varxl.jpg", "mode": "libDasErsteListVideos", "_name": "Paula und die wilden Tiere"}, {"url": "http://www.daserste.de/dasersteapp/app/index~series_serial-plusminus_types-sendung,sendebeitrag_pageNumber-0_pageSize-100.json", "_type": "dir", "_thumb": "http://www.daserste.de/information/wirtschaft-boerse/plusminus/plusminus-fallback-image-100~_ts-77d5ed_v-varxl.jpg", "mode": "libDasErsteListVideos", "_name": "Plusminus"}, {"url": "http://www.daserste.de/dasersteapp/app/index~series_serial-polizeiruf_types-sendung,sendebeitrag_pageNumber-0_pageSize-100.json", "_type": "dir", "_thumb": "http://www.daserste.de/unterhaltung/krimi/polizeiruf-110/fallback-image-160~_ts-ad9452_v-varxl.jpg", "mode": "libDasErsteListVideos", "_name": "Polizeiruf 110"}, {"url": "http://www.daserste.de/dasersteapp/app/index~series_serial-moerderischesTalPregau_types-sendung,sendebeitrag_pageNumber-0_pageSize-100.json", "_type": "dir", "_thumb": "http://www.daserste.de/unterhaltung/film/moerderisches-tal-pregau/sendereihenbild_pregau-102~_ts-59ff25_v-varxl.jpg", "mode": "libDasErsteListVideos", "_name": "Pregau"}, {"url": "http://www.daserste.de/dasersteapp/app/index~series_serial-presseclub_types-sendung,sendebeitrag_pageNumber-0_pageSize-100.json", "_type": "dir", "_thumb": "http://www.daserste.de/information/talk/presseclub/presseclub-fallback-image-100~_ts-63057c_v-varxl.jpg", "mode": "libDasErsteListVideos", "_name": "Presseclub"}, {"url": "http://www.daserste.de/dasersteapp/app/index~series_serial-quarksCaspers_types-sendung,sendebeitrag_pageNumber-0_pageSize-100.json", "_type": "dir", "_thumb": "http://www.daserste.de/information/wissen-kultur/quarks-caspers/quarks-caspers-fallback-100~_ts-164fc7_v-varxl.jpg", "mode": "libDasErsteListVideos", "_name": "Quarks im Ersten"}, {"url": "http://www.daserste.de/dasersteapp/app/index~series_serial-rateMalWieAltIchBin_types-sendung,sendebeitrag_pageNumber-0_pageSize-100.json", "_type": "dir", "_thumb": "http://www.daserste.de/unterhaltung/quiz-show/rate-mal-wie-alt-ich-bin/fallback-master-rate-mal-wie-alt-ich-bin-100~_ts-78d881_v-varxl.jpg", "mode": "libDasErsteListVideos", "_name": "Rate mal, wie alt ich bin"}, {"url": "http://www.daserste.de/dasersteapp/app/index~series_serial-rennschweinRudiRuessel_types-sendung,sendebeitrag_pageNumber-0_pageSize-100.json", "_type": "dir", "_thumb": "http://www.daserste.de/checkeins-kinder/rennschwein-rudi-ruessel/fallback-image-122~_ts-13a73c_v-varxl.jpg", "mode": "libDasErsteListVideos", "_name": "Rennschwein Rudi R\u00fcssel"}, {"url": "http://www.daserste.de/dasersteapp/app/index~series_serial-rentnercops_types-sendung,sendebeitrag_pageNumber-0_pageSize-100.json", "_type": "dir", "_thumb": "http://www.daserste.de/unterhaltung/serie/rentnercops/specials/Rentercops_sendereihenbild_final-100~_ts-39614d_v-varxl.jpg", "mode": "libDasErsteListVideos", "_name": "Rentnercops"}, {"url": "http://www.daserste.de/dasersteapp/app/index~series_serial-reportageUndDokumentation_types-sendung,sendebeitrag_pageNumber-0_pageSize-100.json", "_type": "dir", "_thumb": "http://www.daserste.de/information/reportage-dokumentation/dokus/doku-fallback-neu-100~_ts-efe944_v-varxl.jpg", "mode": "libDasErsteListVideos", "_name": "Reportage & Dokumentation"}, {"url": "http://www.daserste.de/dasersteapp/app/index~series_serial-reportMainz_types-sendung,sendebeitrag_pageNumber-0_pageSize-100.json", "_type": "dir", "_thumb": "http://www.daserste.de/information/politik-weltgeschehen/report-mainz/report-mainz-fallback-image-100~_ts-f598f8_v-varxl.jpg", "mode": "libDasErsteListVideos", "_name": "Report Mainz"}, {"url": "http://www.daserste.de/dasersteapp/app/index~series_serial-reportMuenchen_types-sendung,sendebeitrag_pageNumber-0_pageSize-100.json", "_type": "dir", "_thumb": "http://www.daserste.de/information/politik-weltgeschehen/report-muenchen/report-muenchen-fallback-2016-100~_ts-0fe5ab_v-varxl.jpg", "mode": "libDasErsteListVideos", "_name": "Report M\u00fcnchen"}, {"url": "http://www.daserste.de/dasersteapp/app/index~series_serial-roteRosen_types-sendung,sendebeitrag_pageNumber-0_pageSize-100.json", "_type": "dir", "_thumb": "http://www.daserste.de/unterhaltung/soaps-telenovelas/rote-rosen/rote-rosen-fallback-image-100~_ts-427668_v-varxl.jpg", "mode": "libDasErsteListVideos", "_name": "Rote Rosen"}, {"url": "http://www.daserste.de/dasersteapp/app/index~series_serial-royalty_types-sendung,sendebeitrag_pageNumber-0_pageSize-100.json", "_type": "dir", "_thumb": "http://www.daserste.de/information/politik-weltgeschehen/royalty/fallback-image-188~_ts-4b5b9d_v-varl.jpg", "mode": "libDasErsteListVideos", "_name": "Royalty"}, {"url": "http://www.daserste.de/dasersteapp/app/index~series_serial-sagDieWahrheit_types-sendung,sendebeitrag_pageNumber-0_pageSize-100.json", "_type": "dir", "_thumb": "http://www.daserste.de/unterhaltung/quiz-show/sag-die-wahrheit/SDW_Sendereihenbild-100~_ts-63d189_v-varxl.jpg", "mode": "libDasErsteListVideos", "_name": "Sag die Wahrheit"}, {"url": "http://www.daserste.de/dasersteapp/app/index~series_serial-satireGipfel_types-sendung,sendebeitrag_pageNumber-0_pageSize-100.json", "_type": "dir", "_thumb": "http://www.daserste.de/unterhaltung/comedy-satire/satire-gipfel/nuhr-im-ersten-der-satire-gipfel-fallback-100~_ts-b022aa_v-varxl.jpg", "mode": "libDasErsteListVideos", "_name": "Nuhr im Ersten"}, {"url": "http://www.daserste.de/dasersteapp/app/index~series_serial-schlossEinstein_types-sendung,sendebeitrag_pageNumber-0_pageSize-100.json", "_type": "dir", "_thumb": "http://www.daserste.de/checkeins-kinder/schloss-einstein/schloss_einstein_master-102~_ts-39cd28_v-varxl.jpg", "mode": "libDasErsteListVideos", "_name": "Schloss Einstein"}, {"url": "http://www.daserste.de/dasersteapp/app/index~series_serial-schmecksplosion_types-sendung,sendebeitrag_pageNumber-0_pageSize-100.json", "_type": "dir", "_thumb": "http://www.daserste.de/checkeins-kinder/schmecksplosion/schmecksplosion_fallback_master-102~_ts-150e83_v-varxl.jpg", "mode": "libDasErsteListVideos", "_name": "Schmecksplosion"}, {"url": "http://www.daserste.de/dasersteapp/app/index~series_serial-dieSendungMitDerMaus_types-sendung,sendebeitrag_pageNumber-0_pageSize-100.json", "_type": "dir", "_thumb": "http://www.daserste.de/checkeins-kinder/sendung-mit-der-maus/die-sendung-mit-der-maus-fallback-image-100~_ts-e433cd_v-varxl.jpg", "mode": "libDasErsteListVideos", "_name": "Sendung mit der Maus"}, {"url": "http://www.daserste.de/dasersteapp/app/index~series_serial-showsImErsten_types-sendung,sendebeitrag_pageNumber-0_pageSize-100.json", "_type": "dir", "_thumb": "http://www.daserste.de/unterhaltung/show/shows-im-ersten/shows-im-ersten-fallback-image-100~_ts-336331_v-varxl.jpg", "mode": "libDasErsteListVideos", "_name": "Shows im Ersten"}, {"url": "http://www.daserste.de/dasersteapp/app/index~series_serial-sommerkinoImErsten_types-sendung,sendebeitrag_pageNumber-0_pageSize-100.json", "_type": "dir", "_thumb": "http://www.daserste.de/unterhaltung/film/sommerkino-im-ersten/logo-sommerkino-100~_ts-01b418_v-varxl.jpg", "mode": "libDasErsteListVideos", "_name": "Sommerkino im Ersten"}, {"url": "http://www.daserste.de/dasersteapp/app/index~series_serial-spielFuerDeinLand_types-sendung,sendebeitrag_pageNumber-0_pageSize-100.json", "_type": "dir", "_thumb": "http://www.daserste.de/unterhaltung/quiz-show/spiel-fuer-dein-land/spiel-fuer-dein-land-102~_ts-5ac8ab_v-varxl.jpg", "mode": "libDasErsteListVideos", "_name": "Spiel f\u00fcr Dein Land"}, {"url": "http://www.daserste.de/dasersteapp/app/index~series_serial-sportschau_types-sendung,sendebeitrag_pageNumber-0_pageSize-100.json", "_type": "dir", "_thumb": "http://www.daserste.de/sport/sportschau/sportschau-logoneu-fallback-100~_ts-4db8af_v-varxl.jpg", "mode": "libDasErsteListVideos", "_name": "Sportschau"}, {"url": "http://www.daserste.de/dasersteapp/app/index~series_serial-sportschau_types-sendung,sendebeitrag_pageNumber-0_pageSize-100.json", "_type": "dir", "_thumb": "http://www.daserste.de/sport/olympia/olympia-2016-fallback-100~_ts-024baf_v-varxl.jpg", "mode": "libDasErsteListVideos", "_name": "Sportschau"}, {"url": "http://www.daserste.de/dasersteapp/app/index~series_serial-dieStadtUndDieMacht_types-sendung,sendebeitrag_pageNumber-0_pageSize-100.json", "_type": "dir", "_thumb": "http://www.daserste.de/unterhaltung/serie/die-stadt-und-die-macht/Die_Stadt_und_die_Macht_fallback-master-100~_ts-fc2a88_v-varxl.jpg", "mode": "libDasErsteListVideos", "_name": "Stadt und die Macht"}, {"url": "http://www.daserste.de/dasersteapp/app/index~series_serial-reportageUndDokumentation_types-sendung,sendebeitrag_pageNumber-0_pageSize-100.json", "_type": "dir", "_thumb": "http://www.daserste.de/information/reportage-dokumentation/dokus/doku-fallback-neu-100~_ts-efe944_v-varxl.jpg", "mode": "libDasErsteListVideos", "_name": "Die Story im Ersten"}, {"url": "http://www.daserste.de/dasersteapp/app/index~series_serial-sturmDerLiebe_types-sendung,sendebeitrag_pageNumber-0_pageSize-100.json", "_type": "dir", "_thumb": "http://www.daserste.de/unterhaltung/soaps-telenovelas/sturm-der-liebe/sendung/sdl-fallback-staffel-11-100~_ts-d045f8_v-varxl.jpg", "mode": "libDasErsteListVideos", "_name": "Sturm der Liebe"}, {"url": "http://www.daserste.de/dasersteapp/app/index~series_serial-tagesschau_types-sendung,sendebeitrag_pageNumber-0_pageSize-100.json", "_type": "dir", "_thumb": "http://www.daserste.de/information/nachrichten-wetter/tagesschau/tagesschau-fallback-100~_ts-585a39_v-varxl.jpg", "mode": "libDasErsteListVideos", "_name": "Tagesschau"}, {"url": "http://www.daserste.de/dasersteapp/app/index~series_serial-tagesthemen_types-sendung,sendebeitrag_pageNumber-0_pageSize-100.json", "_type": "dir", "_thumb": "http://www.daserste.de/information/nachrichten-wetter/tagesthemen/tagesthemen-fallback-image-102~_ts-2694cb_v-varxl.jpg", "mode": "libDasErsteListVideos", "_name": "Tagesthemen"}, {"url": "http://www.daserste.de/dasersteapp/app/index~series_serial-dasTalkGespraech_types-sendung,sendebeitrag_pageNumber-0_pageSize-100.json", "_type": "dir", "_thumb": "http://www.daserste.de/unterhaltung/comedy-satire/das-talkgespraech/specials/logo-fallback-100~_ts-0b766d_v-varxl.jpg", "mode": "libDasErsteListVideos", "_name": "TalkGespr\u00e4ch"}, {"url": "http://www.daserste.de/dasersteapp/app/index~series_serial-tatort_types-sendung,sendebeitrag_pageNumber-0_pageSize-100.json", "_type": "dir", "_thumb": "http://www.daserste.de/unterhaltung/krimi/tatort/fallback-image-110~_ts-9e76c9_v-varxl.jpg", "mode": "libDasErsteListVideos", "_name": "Tatort"}, {"url": "http://www.daserste.de/dasersteapp/app/index~series_serial-terrorIhrUrteil_types-sendung,sendebeitrag_pageNumber-0_pageSize-100.json", "_type": "dir", "_thumb": "http://www.daserste.de/unterhaltung/film/terror-ihr-urteil/terror_fallback_sendereihenbild_master-100~_ts-7b2964_v-varxl.jpg", "mode": "libDasErsteListVideos", "_name": "Terror \u2013 Ihr Urteil"}, {"url": "http://www.daserste.de/dasersteapp/app/index~series_serial-tieraerztinDrMaertens_types-sendung,sendebeitrag_pageNumber-0_pageSize-100.json", "_type": "dir", "_thumb": "http://www.daserste.de/unterhaltung/serie/tieraerztin-dr-mertens/fallback-image-162~_ts-b3419e_v-varl.jpg", "mode": "libDasErsteListVideos", "_name": "Tier\u00e4rztin Dr. Mertens"}, {"url": "http://www.daserste.de/dasersteapp/app/index~series_serial-tiereBisUntersDach_types-sendung,sendebeitrag_pageNumber-0_pageSize-100.json", "_type": "dir", "_thumb": "http://www.daserste.de/checkeins-kinder/tiere-bis-unters-dach/tiere-bis-unters-dach-bereichsdoku-100~_ts-80b8d5_v-varxl.jpg", "mode": "libDasErsteListVideos", "_name": "Tiere bis unters Dach"}, {"url": "http://www.daserste.de/dasersteapp/app/index~series_serial-tierischGut_types-sendung,sendebeitrag_pageNumber-0_pageSize-100.json", "_type": "dir", "_thumb": "http://www.daserste.de/checkeins-kinder/tierisch-gut/tierisch-gut-fallback-image-100~_ts-6eeaee_v-varxl.jpg", "mode": "libDasErsteListVideos", "_name": "tierisch gut!"}, {"url": "http://www.daserste.de/dasersteapp/app/index~series_serial-tigerentenClub_types-sendung,sendebeitrag_pageNumber-0_pageSize-100.json", "_type": "dir", "_thumb": "http://www.daserste.de/checkeins-kinder/tigerentenclub/fallback-image-150~_ts-a0b519_v-varxl.jpg", "mode": "libDasErsteListVideos", "_name": "Tigerenten Club"}, {"url": "http://www.daserste.de/dasersteapp/app/index~series_serial-ttt_types-sendung,sendebeitrag_pageNumber-0_pageSize-100.json", "_type": "dir", "_thumb": "http://www.daserste.de/information/wissen-kultur/ttt/ttt-dieter-moor-fallback-image-100~_ts-d7bcd1_v-varxl.jpg", "mode": "libDasErsteListVideos", "_name": "ttt \u2013 titel, thesen, temperamente"}, {"url": "http://www.daserste.de/dasersteapp/app/index~series_serial-umHimmelsWillen_types-sendung,sendebeitrag_pageNumber-0_pageSize-100.json", "_type": "dir", "_thumb": "http://www.daserste.de/unterhaltung/serie/um-himmels-willen/fallback-bild-image-100~_ts-3c2cb0_v-varxl.jpg", "mode": "libDasErsteListVideos", "_name": "Um Himmels Willen"}, {"url": "http://www.daserste.de/dasersteapp/app/index~series_serial-verruecktNachFluss_types-sendung,sendebeitrag_pageNumber-0_pageSize-100.json", "_type": "dir", "_thumb": "http://www.daserste.de/information/reportage-dokumentation/verrueckt-nach-fluss/sendereihenbild2_verruecktnachfluss-100~_ts-dadcde_v-varxl.jpg", "mode": "libDasErsteListVideos", "_name": "Verr\u00fcckt nach Fluss"}, {"url": "http://www.daserste.de/dasersteapp/app/index~series_serial-verruecktNachMeer_types-sendung,sendebeitrag_pageNumber-0_pageSize-100.json", "_type": "dir", "_thumb": "http://www.daserste.de/information/reportage-dokumentation/verrueckt-nach-meer/fallback-verrueckt-nach-meer-100~_ts-d009e3_v-varxl.jpg", "mode": "libDasErsteListVideos", "_name": "Verr\u00fcckt nach Meer"}, {"url": "http://www.daserste.de/dasersteapp/app/index~series_serial-verstehenSieSpass_types-sendung,sendebeitrag_pageNumber-0_pageSize-100.json", "_type": "dir", "_thumb": "http://www.daserste.de/unterhaltung/show/verstehen-sie-spass/fallback-image-148~_ts-335572_v-varxl.jpg", "mode": "libDasErsteListVideos", "_name": "Verstehen Sie Spa\u00df?"}, {"url": "http://www.daserste.de/dasersteapp/app/index~series_serial-vorstadtweiber_types-sendung,sendebeitrag_pageNumber-0_pageSize-100.json", "_type": "dir", "_thumb": "http://www.daserste.de/unterhaltung/serie/vorstadtweiber/vorstadtweiber-fallbackimage-102~_ts-ebc304_v-varxl.jpg", "mode": "libDasErsteListVideos", "_name": "Vorstadtweiber"}, {"url": "http://www.daserste.de/dasersteapp/app/index~series_serial-waPoBodensee_types-sendung,sendebeitrag_pageNumber-0_pageSize-100.json", "_type": "dir", "_thumb": "http://www.daserste.de/unterhaltung/serie/wapo-bodensee/sendung/2017-1-100~_ts-80cdb9_v-varxl.jpg", "mode": "libDasErsteListVideos", "_name": "WaPo Bodensee"}, {"url": "http://www.daserste.de/dasersteapp/app/index~series_serial-weissensee_types-sendung,sendebeitrag_pageNumber-0_pageSize-100.json", "_type": "dir", "_thumb": "http://www.daserste.de/unterhaltung/serie/weissensee/sendereihenbild_weissensee-neue-staffel100~_ts-580083_v-varxl.jpg", "mode": "libDasErsteListVideos", "_name": "Weissensee"}, {"url": "http://www.daserste.de/dasersteapp/app/index~series_serial-weltspiegel_types-sendung,sendebeitrag_pageNumber-0_pageSize-100.json", "_type": "dir", "_thumb": "http://www.daserste.de/information/politik-weltgeschehen/weltspiegel/weltspiegel-fallback-image-100~_ts-e55709_v-varxl.jpg", "mode": "libDasErsteListVideos", "_name": "Weltspiegel"}, {"url": "http://www.daserste.de/dasersteapp/app/index~series_serial-werWei\u00dfDennSowas_types-sendung,sendebeitrag_pageNumber-0_pageSize-100.json", "_type": "dir", "_thumb": "http://www.daserste.de/unterhaltung/quiz-show/wer-weiss-denn-sowas/wer-weiss-denn-sowas-logo-100~_ts-e8cd15_v-varxl.jpg", "mode": "libDasErsteListVideos", "_name": "Wer wei\u00df denn sowas?"}, {"url": "http://www.daserste.de/dasersteapp/app/index~series_serial-wetterimersten_types-sendung,sendebeitrag_pageNumber-0_pageSize-100.json", "_type": "dir", "_thumb": "http://www.daserste.de/information/nachrichten-wetter/wetter/wetter-vor-acht-fallback-image-100~_ts-8e0793_v-varxl.jpg", "mode": "libDasErsteListVideos", "_name": "Wetter vor acht"}, {"url": "http://www.daserste.de/dasersteapp/app/index~series_serial-wieErzieheIchMeineEltern_types-sendung,sendebeitrag_pageNumber-0_pageSize-100.json", "_type": "dir", "_thumb": "http://www.daserste.de/checkeins-kinder/wie-erziehe-ich-meine-eltern/fallback-staffel-3-102~_ts-4150e9_v-varxl.jpg", "mode": "libDasErsteListVideos", "_name": "Wie erziehe ich meine Eltern"}, {"url": "http://www.daserste.de/dasersteapp/app/index~series_serial-wissenMachtAh_types-sendung,sendebeitrag_pageNumber-0_pageSize-100.json", "_type": "dir", "_thumb": "http://www.daserste.de/checkeins-kinder/wissen-macht-ah/wissen-macht-ah-fallback-image-100~_ts-41c5a3_v-varxl.jpg", "mode": "libDasErsteListVideos", "_name": "Wissen macht Ah!"}, {"url": "http://www.daserste.de/dasersteapp/app/index~series_serial-wissenVorAchtMensch_types-sendung,sendebeitrag_pageNumber-0_pageSize-100.json", "_type": "dir", "_thumb": "http://www.daserste.de/information/wissen-kultur/wissen-vor-acht-mensch/wv8-mensch-sendereihenbild-100~_ts-f9d015_v-varxl.jpg", "mode": "libDasErsteListVideos", "_name": "Wissen vor acht \u2013 Mensch"}, {"url": "http://www.daserste.de/dasersteapp/app/index~series_serial-wissenVorAchtNatur_types-sendung,sendebeitrag_pageNumber-0_pageSize-100.json", "_type": "dir", "_thumb": "http://www.daserste.de/information/wissen-kultur/wissen-vor-acht-natur/wissen-vor-acht-natur-fallback-100~_ts-b08538_v-varxl.jpg", "mode": "libDasErsteListVideos", "_name": "Wissen vor acht \u2013 Natur"}, {"url": "http://www.daserste.de/dasersteapp/app/index~series_serial-wissenVorAchtWerkstatt_types-sendung,sendebeitrag_pageNumber-0_pageSize-100.json", "_type": "dir", "_thumb": "http://www.daserste.de/information/wissen-kultur/wissen-vor-acht-werkstatt/image-fallback-106~_ts-22dd08_v-varxl.jpg", "mode": "libDasErsteListVideos", "_name": "Wissen vor acht \u2013 Werkstatt"}, {"url": "http://www.daserste.de/dasersteapp/app/index~series_serial-wissenVorAchtZukunft_types-sendung,sendebeitrag_pageNumber-0_pageSize-100.json", "_type": "dir", "_thumb": "http://www.daserste.de/information/wissen-kultur/wissen-vor-acht-zukunft/image-fallback-104~_ts-a78cf5_v-varxl.jpg", "mode": "libDasErsteListVideos", "_name": "Wissen vor acht \u2013 Zukunft"}, {"url": "http://www.daserste.de/dasersteapp/app/index~series_serial-wolfsland_types-sendung,sendebeitrag_pageNumber-0_pageSize-100.json", "_type": "dir", "_thumb": "http://www.daserste.de/unterhaltung/film/wolfsland/wolfsland_sendereihenbild_master-100~_ts-92771c_v-varxl.jpg", "mode": "libDasErsteListVideos", "_name": "Wolfsland"}, {"url": "http://www.daserste.de/dasersteapp/app/index~series_serial-wortZumSonntag_types-sendung,sendebeitrag_pageNumber-0_pageSize-100.json", "_type": "dir", "_thumb": "http://www.daserste.de/information/wissen-kultur/wort-zum-sonntag/fallback-image-wort-100~_ts-c45307_v-varxl.jpg", "mode": "libDasErsteListVideos", "_name": "Das Wort zum Sonntag"}, {"url": "http://www.daserste.de/dasersteapp/app/index~series_serial-wwiewissen_types-sendung,sendebeitrag_pageNumber-0_pageSize-100.json", "_type": "dir", "_thumb": "http://www.daserste.de/information/wissen-kultur/w-wie-wissen/w-wie-wissen-fallback-image-100~_ts-7c51ff_v-varxl.jpg", "mode": "libDasErsteListVideos", "_name": "W wie Wissen"}, {"url": "http://www.daserste.de/dasersteapp/app/index~series_serial-zoobabies_types-sendung,sendebeitrag_pageNumber-0_pageSize-100.json", "_type": "dir", "_thumb": "http://www.daserste.de/checkeins-kinder/zoobabies/zoobabies-fallback-100~_ts-9930d6_v-varxl.jpg", "mode": "libDasErsteListVideos", "_name": "Zoobabies"}], "cachetime": "TODO cachetime", "scriptname": "libDasErste", "scriptpath": "script.module.libdaserste", "ttl": "TODO ttl", "channel": "DASERSTE"}