{"list": [{"_type": "dir", "url": "https://api.zdf.de/search/documents/zdf/gesellschaft/aktenzeichen-xy-ungeloest?hasVideo=true&q=*&types=page-video&paths=%2Fzdf%2Fgesellschaft%2Faktenzeichen-xy-ungeloest&limit=100&allEditorialTags=true", "_name": "Aktenzeichen XY... ungel\u00f6st", "mode": "libZdfListPage", "_plot": "\"Aktenzeichen XY... ungel\u00f6st\" geh\u00f6rt zu den beliebtesten TV-Formaten im deutschsprachigen Europa und ist im Programm des ZDF zu einem Markenzeichen geworden. Die Sendung unterst\u00fctzt seit Erstausstrahlung im Oktober 1967 die Verbrechensbek\u00e4mpfung.", "_thumb": "https://www.zdf.de/assets/aktenzeichen-xy-sendungsteaser-100~384xauto?cb=1477579015317"}, {"_type": "dir", "url": "https://api.zdf.de/search/documents/zdf/sport/das-aktuelle-sportstudio?hasVideo=true&q=*&types=page-video&paths=%2Fzdf%2Fsport%2Fdas-aktuelle-sportstudio&limit=100&allEditorialTags=true", "_name": "das aktuelle sportstudio", "mode": "libZdfListPage", "_plot": "Mit dem Bundesliga-Abendspiel, weiteren Berichten, Interviews und Analysen zum Spieltag sowie den Highlights aus der Welt des Sports.", "_thumb": "https://www.zdf.de/assets/sendungsteaser-das-aktuelle-sportstudio-100~384xauto?cb=1477583466878"}, {"_type": "dir", "url": "https://api.zdf.de/search/documents/zdf/serien/der-alte?hasVideo=true&q=*&types=page-video&paths=%2Fzdf%2Fserien%2Fder-alte&limit=100&allEditorialTags=true", "_name": "Der Alte", "mode": "libZdfListPage", "_plot": "Der Freitagskrimi mit Jan-Gregor Kremp als Hauptkommissar Richard Voss.", "_thumb": "https://www.zdf.de/assets/sendungsteaser-der-alte-100~384xauto?cb=1477579291508"}, {"_type": "dir", "url": "https://api.zdf.de/search/documents/zdf/comedy/die-anstalt?hasVideo=true&q=*&types=page-video&paths=%2Fzdf%2Fcomedy%2Fdie-anstalt&limit=100&allEditorialTags=true", "_name": "Die Anstalt - Politsatire mit Max Uthoff und Claus von Wagner", "mode": "libZdfListPage", "_plot": "Wortgewandt, unkonventionell und mit viel satirischer Sch\u00e4rfe: Max Uthoff und Claus von Wagner kl\u00e4ren \u00fcber die Themen auf, die die Nation bewegen. ", "_thumb": "https://www.zdf.de/assets/die-anstalt-sendungteaser-100~384xauto?cb=1477638771946"}, {"_type": "dir", "url": "https://api.zdf.de/search/documents/zdf/kultur/aspekte?hasVideo=true&q=*&types=page-video&paths=%2Fzdf%2Fkultur%2Faspekte&limit=100&allEditorialTags=true", "_name": "aspekte", "mode": "libZdfListPage", "_plot": "aspekte hat Kultur! Die Kultursendung im ZDF immer freitags ab 23 Uhr - moderiert von Katty Sali\u00e9 und Jo Sch\u00fcck.", "_thumb": "https://www.zdf.de/assets/aspekte-sendungsteaser-100~384xauto?cb=1477583365303"}, {"_type": "dir", "url": "https://api.zdf.de/search/documents/zdf/politik/augstein-und-blome?hasVideo=true&q=*&types=page-video&paths=%2Fzdf%2Fpolitik%2Faugstein-und-blome&limit=100&allEditorialTags=true", "_name": "Augstein und Blome", "mode": "libZdfListPage", "_plot": "Nikolaus Blome und Jakob Augstein diskutieren das Thema der Woche.", "_thumb": "https://www.zdf.de/assets/augstein-und-blome-sendungsteaser-100~384xauto?cb=1477638427443"}, {"_type": "dir", "url": "https://api.zdf.de/search/documents/zdf/politik/auslandsjournal?hasVideo=true&q=*&types=page-video&paths=%2Fzdf%2Fpolitik%2Fauslandsjournal&limit=100&allEditorialTags=true", "_name": "auslandsjournal", "mode": "libZdfListPage", "_plot": "Das \"auslandsjournal\" - Reportagen, Hintergr\u00fcnde, au\u00dfergew\u00f6hnliche Menschen und bunte Geschichten. Die ZDF-Korrespondenten erkl\u00e4ren die Welt.", "_thumb": "https://www.zdf.de/assets/auslandsjournal-sendungsteaser-100~384xauto?cb=1476876002341"}, {"_type": "dir", "url": "https://api.zdf.de/search/documents/zdf/show/bares-fuer-rares?hasVideo=true&q=*&types=page-video&paths=%2Fzdf%2Fshow%2Fbares-fuer-rares&limit=100&allEditorialTags=true", "_name": "Bares f\u00fcr Rares - die Tr\u00f6del-Show mit Horst Lichter", "mode": "libZdfListPage", "_plot": "Ob alter Krimskrams oder edle Rarit\u00e4t: In Horst Lichters Tr\u00f6del-Show kann jeder seltene Fundst\u00fccke aus Keller oder Garage sch\u00e4tzen lassen.", "_thumb": "https://www.zdf.de/assets/bares-fuer-rares-sendungsteaser-100~384xauto?cb=1477908029072"}, {"_type": "dir", "url": "https://api.zdf.de/search/documents/zdf/filme/der-gleiche-himmel?hasVideo=true&q=*&types=page-video&paths=%2Fzdf%2Ffilme%2Fder-gleiche-himmel&limit=100&allEditorialTags=true", "_name": "Der gleiche Himmel", "mode": "libZdfListPage", "_plot": "Der prominent besetzte ZDF-Dreiteiler \u00fcber einen Romeo-Agenten aus Ost-Berlin zeichnet das Portrait einer Gesellschaft inmitten des Kalten Kriegs 1974 in Berlin.", "_thumb": "https://www.zdf.de/assets/sendungsteaser-der-gleiche-himmel-100~384xauto?cb=1489411791728"}, {"_type": "dir", "url": "https://api.zdf.de/search/documents/zdf/politik/berlin-direkt?hasVideo=true&q=*&types=page-video&paths=%2Fzdf%2Fpolitik%2Fberlin-direkt&limit=100&allEditorialTags=true", "_name": "Berlin direkt", "mode": "libZdfListPage", "_plot": "Berlin direkt - das politische Magazin aus der Hauptstadt", "_thumb": "https://www.zdf.de/assets/berlin-direkt-sendungsteaser-100~384xauto?cb=1476880392481"}, {"_type": "dir", "url": "https://api.zdf.de/search/documents/zdf/serien/bettys-diagnose?hasVideo=true&q=*&types=page-video&paths=%2Fzdf%2Fserien%2Fbettys-diagnose&limit=100&allEditorialTags=true", "_name": "Bettys Diagnose", "mode": "libZdfListPage", "_plot": "Die ZDF-Klinikserie mit Herz und Humor!", "_thumb": "https://www.zdf.de/assets/sendungsteaser-bettys-diagnose-100~384xauto?cb=1477579199138"}, {"_type": "dir", "url": "https://api.zdf.de/search/documents/zdf/serien/blockbustaz-zdfneo?hasVideo=true&q=*&types=page-video&paths=%2Fzdf%2Fserien%2Fblockbustaz-zdfneo&limit=100&allEditorialTags=true", "_name": "BLOCKBUSTAZ", "mode": "libZdfListPage", "_plot": "BLOCKBUSTAZ", "_thumb": "https://www.zdf.de/assets/blockbustaz-sendungsteaser-100~384xauto?cb=1477638617221"}, {"_type": "dir", "url": "https://api.zdf.de/search/documents/zdf/show/clever-abgestaubt?hasVideo=true&q=*&types=page-video&paths=%2Fzdf%2Fshow%2Fclever-abgestaubt&limit=100&allEditorialTags=true", "_name": "Clever abgestaubt", "mode": "libZdfListPage", "_plot": "Quiz-Show trifft auf Antiquit\u00e4ten: \"Clever abgestaubt\" hei\u00dft das neue Format mit Steven G\u00e4tjen, das werkt\u00e4glich in ZDFneo zu sehen ist.", "_thumb": "https://www.zdf.de/assets/sendungsteaser-clever-abgestaubt-100~384xauto?cb=1490109007053"}, {"_type": "dir", "url": "https://api.zdf.de/search/documents/zdf/serien/die-chefin?hasVideo=true&q=*&types=page-video&paths=%2Fzdf%2Fserien%2Fdie-chefin&limit=100&allEditorialTags=true", "_name": "Die Chefin", "mode": "libZdfListPage", "_plot": "Katharina B\u00f6hm ist Vera Lanz, Hauptkommissarin in der M\u00fcnchner Mordkommission.", "_thumb": "https://www.zdf.de/assets/die-chefin-sendungsteaser-100~384xauto?cb=1477638869139"}, {"_type": "dir", "url": "https://api.zdf.de/search/documents/zdf/show/willkommen-bei-carmen-nebel?hasVideo=true&q=*&types=page-video&paths=%2Fzdf%2Fshow%2Fwillkommen-bei-carmen-nebel&limit=100&allEditorialTags=true", "_name": "Willkommen bei Carmen Nebel", "mode": "libZdfListPage", "_plot": "Carmen Nebel pr\u00e4sentiert im ZDF die gro\u00dfe Show \"Willkommen bei Carmen Nebel\" mit Stars, Musik und \u00dcberraschungen.", "_thumb": "https://www.zdf.de/assets/sendungsteaser-willkommen-bei-carmen-nebell-100~384xauto?cb=1477576792842"}, {"_type": "dir", "url": "https://api.zdf.de/search/documents/zdf/sport/das-aktuelle-sportstudio?hasVideo=true&q=*&types=page-video&paths=%2Fzdf%2Fsport%2Fdas-aktuelle-sportstudio&limit=100&allEditorialTags=true", "_name": "das aktuelle sportstudio", "mode": "libZdfListPage", "_plot": "Mit dem Bundesliga-Abendspiel, weiteren Berichten, Interviews und Analysen zum Spieltag sowie den Highlights aus der Welt des Sports.", "_thumb": "https://www.zdf.de/assets/sendungsteaser-das-aktuelle-sportstudio-100~384xauto?cb=1477583466878"}, {"_type": "dir", "url": "https://api.zdf.de/search/documents/zdf/filme/das-kleine-fernsehspiel?hasVideo=true&q=*&types=page-video&paths=%2Fzdf%2Ffilme%2Fdas-kleine-fernsehspiel&limit=100&allEditorialTags=true", "_name": "Das kleine Fernsehspiel", "mode": "libZdfListPage", "_plot": "Sehen Sie hier die Sendungen des Kleinen Fernsehspiels und erfahren Sie mehr \u00fcber die Arbeit der Nachwuchsredaktion des ZDF.", "_thumb": "https://www.zdf.de/assets/sendungsteaser-das-kleine-fernsehspiel-100~384xauto?cb=1477557529251"}, {"_type": "dir", "url": "https://api.zdf.de/search/documents/zdf/kultur/das-literarische-quartett?hasVideo=true&q=*&types=page-video&paths=%2Fzdf%2Fkultur%2Fdas-literarische-quartett&limit=100&allEditorialTags=true", "_name": "Das Literarische Quartett", "mode": "libZdfListPage", "_plot": "Das Literarische Quartett ist ein Diskurs, auf einem sprachlich und gedanklich exquisiten Niveau, vor einem kundigen Publikum aus interessierten Kulturb\u00fcrgern und leidenschaftlichen Buchmenschen,", "_thumb": "https://www.zdf.de/assets/das-literarische-quartett-sendungsteaser-100~384xauto?cb=1477579481483"}, {"_type": "dir", "url": "https://api.zdf.de/search/documents/zdf/show/das-spiel-beginnt?hasVideo=true&q=*&types=page-video&paths=%2Fzdf%2Fshow%2Fdas-spiel-beginnt&limit=100&allEditorialTags=true", "_name": "Das Spiel beginnt!", "mode": "libZdfListPage", "_plot": "Die gro\u00dfe Show von 3 bis 99  - pr\u00e4sentiert von Johannes B. Kerner", "_thumb": "https://www.zdf.de/assets/sendungsteaser-das-spiel-beginnt-100~384xauto?cb=1477220901224"}, {"_type": "dir", "url": "https://api.zdf.de/search/documents/zdf/filme/das-traumschiff?hasVideo=true&q=*&types=page-video&paths=%2Fzdf%2Ffilme%2Fdas-traumschiff&limit=100&allEditorialTags=true", "_name": "Das Traumschiff", "mode": "libZdfListPage", "_plot": "Seit Jahrzehnten nimmt das Traumschiff die Zuschauer mit auf Reisen in ferne L\u00e4nder und an exotische Pl\u00e4tze... \"Leinen los!\"", "_thumb": "https://www.zdf.de/assets/sendungsteaser-das-traumschiff-100~384xauto?cb=1477579551961"}, {"_type": "dir", "url": "https://api.zdf.de/search/documents/zdf/serien/der-alte?hasVideo=true&q=*&types=page-video&paths=%2Fzdf%2Fserien%2Fder-alte&limit=100&allEditorialTags=true", "_name": "Der Alte", "mode": "libZdfListPage", "_plot": "Der Freitagskrimi mit Jan-Gregor Kremp als Hauptkommissar Richard Voss.", "_thumb": "https://www.zdf.de/assets/sendungsteaser-der-alte-100~384xauto?cb=1477579291508"}, {"_type": "dir", "url": "https://api.zdf.de/search/documents/zdf/filme/der-fernsehfilm-der-woche?hasVideo=true&q=*&types=page-video&paths=%2Fzdf%2Ffilme%2Fder-fernsehfilm-der-woche&limit=100&allEditorialTags=true", "_name": "Fernsehfilm der Woche", "mode": "libZdfListPage", "_plot": "Der Fernsehfilm der Woche bietet Einzelfilme verschiedenen Genres mit hochkar\u00e4tiger Besetzung und spannenden, dem Zeitgeist entsprechenden Themen.", "_thumb": "https://www.zdf.de/assets/fernsehfilm-der-woche-sendungsteaser-100~384xauto?cb=1477639570786"}, {"_type": "dir", "url": "https://api.zdf.de/search/documents/zdf/dokumentation/der-haustier-check?hasVideo=true&q=*&types=page-video&paths=%2Fzdf%2Fdokumentation%2Fder-haustier-check&limit=100&allEditorialTags=true", "_name": "Der Haustier-Check", "mode": "libZdfListPage", "_plot": "Die Tierexpertin Kate Kitchenham begleitet Familien und Singles, Berufst\u00e4tige und Rentner auf ihrem Weg zum neuen tierischen Mitbewohner. ", "_thumb": "https://www.zdf.de/assets/sendungsteaser-der-haustier-check-100~384xauto?cb=1477639372375"}, {"_type": "dir", "url": "https://api.zdf.de/search/documents/zdf/filme/der-kommissar-und-das-meer?hasVideo=true&q=*&types=page-video&paths=%2Fzdf%2Ffilme%2Fder-kommissar-und-das-meer&limit=100&allEditorialTags=true", "_name": "Der Kommissar und das Meer", "mode": "libZdfListPage", "_plot": "Deutsch-schwedische Krimireihe mit Walter Sittler, der als Kommissar Robert Anders auf der schwedischen Insel Gotland Kriminalf\u00e4lle l\u00f6st. ", "_thumb": "https://www.zdf.de/assets/der-kommissar-und-das-meer-sendungsteaser-100~384xauto?cb=1477638678840"}, {"_type": "dir", "url": "https://api.zdf.de/search/documents/zdf/serien/der-kriminalist?hasVideo=true&q=*&types=page-video&paths=%2Fzdf%2Fserien%2Fder-kriminalist&limit=100&allEditorialTags=true", "_name": "Der Kriminalist", "mode": "libZdfListPage", "_plot": "Christian Berkel ermittelt als Bruno Schumann in \"Der Kriminalist\".", "_thumb": "https://www.zdf.de/assets/sendungsteaser-der-kriminalist-100~384xauto?cb=1477648101929"}, {"_type": "dir", "url": "https://api.zdf.de/search/documents/zdf/show/der-quiz-champion?hasVideo=true&q=*&types=page-video&paths=%2Fzdf%2Fshow%2Fder-quiz-champion&limit=100&allEditorialTags=true", "_name": "Der Quiz-Champion", "mode": "libZdfListPage", "_plot": "Der Quiz-Champion ist das h\u00e4rteste Quiz Deutschlands.", "_thumb": "https://www.zdf.de/assets/der-quiz-champion-sendungsteaser-100~384xauto?cb=1477638721958"}, {"_type": "dir", "url": "https://api.zdf.de/search/documents/zdf/serien/der-staatsanwalt?hasVideo=true&q=*&types=page-video&paths=%2Fzdf%2Fserien%2Fder-staatsanwalt&limit=100&allEditorialTags=true", "_name": "Der Staatsanwalt", "mode": "libZdfListPage", "_plot": "Rainer Hunold, Simon Eckert und Fiona Coors verk\u00f6rpern das unschlagbare Team der Serie \"Der Staatsanwalt\".", "_thumb": "https://www.zdf.de/assets/der-staatsanwalt-sendungsteaser-100~384xauto?cb=1477648521788"}, {"_type": "dir", "url": "https://api.zdf.de/search/documents/zdf/comedy/die-anstalt?hasVideo=true&q=*&types=page-video&paths=%2Fzdf%2Fcomedy%2Fdie-anstalt&limit=100&allEditorialTags=true", "_name": "Die Anstalt - Politsatire mit Max Uthoff und Claus von Wagner", "mode": "libZdfListPage", "_plot": "Wortgewandt, unkonventionell und mit viel satirischer Sch\u00e4rfe: Max Uthoff und Claus von Wagner kl\u00e4ren \u00fcber die Themen auf, die die Nation bewegen. ", "_thumb": "https://www.zdf.de/assets/die-anstalt-sendungteaser-100~384xauto?cb=1477638771946"}, {"_type": "dir", "url": "https://api.zdf.de/search/documents/zdf/serien/die-chefin?hasVideo=true&q=*&types=page-video&paths=%2Fzdf%2Fserien%2Fdie-chefin&limit=100&allEditorialTags=true", "_name": "Die Chefin", "mode": "libZdfListPage", "_plot": "Katharina B\u00f6hm ist Vera Lanz, Hauptkommissarin in der M\u00fcnchner Mordkommission.", "_thumb": "https://www.zdf.de/assets/die-chefin-sendungsteaser-100~384xauto?cb=1477638869139"}, {"_type": "dir", "url": "https://api.zdf.de/search/documents/zdf/politik/die-diskussion?hasVideo=true&q=*&types=page-video&paths=%2Fzdf%2Fpolitik%2Fdie-diskussion&limit=100&allEditorialTags=true", "_name": "Die Diskussion", "mode": "libZdfListPage", "_plot": "Presseclub, Fr\u00fchschoppen und andere Talk-Runden", "_thumb": "https://www.zdf.de/assets/die-diskussion-sendungsteaser-100~384xauto?cb=1477638912174"}, {"_type": "dir", "url": "https://api.zdf.de/search/documents/zdf/show/die-goldene-kamera?hasVideo=true&q=*&types=page-video&paths=%2Fzdf%2Fshow%2Fdie-goldene-kamera&limit=100&allEditorialTags=true", "_name": "Die Goldene Kamera", "mode": "libZdfListPage", "_plot": "Die Goldene Kamera", "_thumb": "https://www.zdf.de/assets/sendungsteaser-die-goldene-kamera-100~384xauto?cb=1480935544267"}, {"_type": "dir", "url": "https://api.zdf.de/search/documents/zdf/show/die-kuechenschlacht?hasVideo=true&q=*&types=page-video&paths=%2Fzdf%2Fshow%2Fdie-kuechenschlacht&limit=100&allEditorialTags=true", "_name": "Die K\u00fcchenschlacht", "mode": "libZdfListPage", "_plot": "Jede Woche treten sechs Hobbyk\u00f6che mit ihren Lieblingsrezepten in der K\u00fcchenschlacht gegeneinander an. Ein Juror entscheidet jeden Tag, wer seinen Herd r\u00e4umen muss und wer einen Gang zulegen darf. ", "_thumb": "https://www.zdf.de/assets/die-kuechenschlacht-sendungsteaser-100~384xauto?cb=1477638972099"}, {"_type": "dir", "url": "https://api.zdf.de/search/documents/zdf/serien/die-rosenheim-cops?hasVideo=true&q=*&types=page-video&paths=%2Fzdf%2Fserien%2Fdie-rosenheim-cops&limit=100&allEditorialTags=true", "_name": "Die Rosenheim-Cops", "mode": "libZdfListPage", "_plot": "Jeden Dienstag ermitteln die Rosenheim-Cops in Mordf\u00e4llen - auf ihre ganz unnachahmliche und kuriose Art.", "_thumb": "https://www.zdf.de/assets/sendungsteaser-die-rosenheim-cops-100~384xauto?cb=1477654157604"}, {"_type": "dir", "url": "https://api.zdf.de/search/documents/zdf/serien/die-spezialisten-im-namen-der-opfer?hasVideo=true&q=*&types=page-video&paths=%2Fzdf%2Fserien%2Fdie-spezialisten-im-namen-der-opfer&limit=100&allEditorialTags=true", "_name": "Die Spezialisten - Im Namen der Opfer", "mode": "libZdfListPage", "_plot": "Ein Spezialteam des LKA Berlin rollt ungel\u00f6ste Kriminalf\u00e4lle aus der Vergangenheit auf.", "_thumb": "https://www.zdf.de/assets/sendungsteaser-die-spezialisten-100~384xauto?cb=1477654473403"}, {"_type": "dir", "url": "https://api.zdf.de/search/documents/zdf/gesellschaft/dietrich-groenemeyer-leben-ist-mehr?hasVideo=true&q=*&types=page-video&paths=%2Fzdf%2Fgesellschaft%2Fdietrich-groenemeyer-leben-ist-mehr&limit=100&allEditorialTags=true", "_name": "Dietrich Gr\u00f6nemeyer \u2013 Leben ist mehr!", "mode": "libZdfListPage", "_plot": "Arzt und Moderator Dietrich Gr\u00f6nemeyer trifft an Feiertagen Menschen in Umbruchsituationen.", "_thumb": "https://www.zdf.de/assets/dietrich-groenemeyer-sendungsteaser-100~384xauto?cb=1477639060842"}, {"_type": "dir", "url": "https://api.zdf.de/search/documents/zdf/serien/dr-klein?hasVideo=true&q=*&types=page-video&paths=%2Fzdf%2Fserien%2Fdr-klein&limit=100&allEditorialTags=true", "_name": "Dr. Klein", "mode": "libZdfListPage", "_plot": "Jeden Freitag begegnet die kleinw\u00fcchsige Kinder\u00e4rztin Dr. Klein ihren Patienten auf Augenh\u00f6he - und stellt sich den Herausforderungen in ihrer turbulenten Familie.", "_thumb": "https://www.zdf.de/assets/sendungsteaser-doktor-klein-100~384xauto?cb=1477654822625"}, {"_type": "dir", "url": "https://api.zdf.de/search/documents/zdf/nachrichten/drehscheibe?hasVideo=true&q=*&types=page-video&paths=%2Fzdf%2Fnachrichten%2Fdrehscheibe&limit=100&allEditorialTags=true", "_name": "drehscheibe", "mode": "libZdfListPage", "_plot": "Der aktuelle Blick aufs Land mit dem Thema des Tages", "_thumb": "https://www.zdf.de/assets/drehscheibe-sendungsteaser-100~384xauto?cb=1477639898193"}, {"_type": "dir", "url": "https://api.zdf.de/search/documents/zdf/comedy/eichwald-mdb?hasVideo=true&q=*&types=page-video&paths=%2Fzdf%2Fcomedy%2Feichwald-mdb&limit=100&allEditorialTags=true", "_name": "Eichwald, MdB", "mode": "libZdfListPage", "_plot": "Im Zentrum der vierteiligen Polit-Satire steht Berufspolitiker Hajo Eichwald (Bernhard Sch\u00fctz), der l\u00e4ngst irgendwo zwischen Lokal- und Bundespolitik seinen Antrieb f\u00fcr politisches Engagement verloren hat.", "_thumb": "https://www.zdf.de/assets/eichwald-sendungsteaser-100~384xauto?cb=1477639211548"}, {"_type": "dir", "url": "https://api.zdf.de/search/documents/zdf/gesellschaft/ein-guter-grund-zu-feiern?hasVideo=true&q=*&types=page-video&paths=%2Fzdf%2Fgesellschaft%2Fein-guter-grund-zu-feiern&limit=100&allEditorialTags=true", "_name": "Ein guter Grund zu feiern", "mode": "libZdfListPage", "_plot": "Spurensuche an christlichen Feiertagen: Andreas Korn m\u00f6chte wissen, was genau an Dreik\u00f6nig, Mari\u00e4 Himmelfahrt, Allerheiligen und Fronleichnam gefeiert wird.", "_thumb": "https://www.zdf.de/assets/ein-guter-grund-zu-feiern-sendungsteaser-100~384xauto?cb=1477639294132"}, {"_type": "dir", "url": "https://api.zdf.de/search/documents/zdf/show/ein-herz-fuer-kinder?hasVideo=true&q=*&types=page-video&paths=%2Fzdf%2Fshow%2Fein-herz-fuer-kinder&limit=100&allEditorialTags=true", "_name": "Ein Herz f\u00fcr Kinder", "mode": "libZdfListPage", "_plot": "Ein Herz f\u00fcr Kinder", "_thumb": "https://www.zdf.de/assets/sendungsteaser-ein-herz-fuer-kinder-100~384xauto?cb=1481284161844"}, {"_type": "dir", "url": "https://api.zdf.de/search/documents/zdf/filme/ein-starkes-team?hasVideo=true&q=*&types=page-video&paths=%2Fzdf%2Ffilme%2Fein-starkes-team&limit=100&allEditorialTags=true", "_name": "Ein starkes Team", "mode": "libZdfListPage", "_plot": "Ein starkes Team ist eine ZDF-Krimiserie mit Florian Martens und Stefanie Stappenbeck in den Hauptrollen", "_thumb": "https://www.zdf.de/assets/ein-starkes-team-sendungsteaser-100~384xauto?cb=1477639350909"}, {"_type": "dir", "url": "https://api.zdf.de/search/documents/zdf/serien/familie-braun?hasVideo=true&q=*&types=page-video&paths=%2Fzdf%2Fserien%2Ffamilie-braun&limit=100&allEditorialTags=true", "_name": "Familie Braun", "mode": "libZdfListPage", "_plot": "Webserie, die frech und mit viel Humor mit dem Thema Rechtsradikalismus umgeht.", "_thumb": "https://www.zdf.de/assets/sendungsteaser-familie-braun-100~384xauto?cb=1477655803098"}, {"_type": "dir", "url": "https://api.zdf.de/search/documents/zdf/filme/der-fernsehfilm-der-woche?hasVideo=true&q=*&types=page-video&paths=%2Fzdf%2Ffilme%2Fder-fernsehfilm-der-woche&limit=100&allEditorialTags=true", "_name": "Fernsehfilm der Woche", "mode": "libZdfListPage", "_plot": "Der Fernsehfilm der Woche bietet Einzelfilme verschiedenen Genres mit hochkar\u00e4tiger Besetzung und spannenden, dem Zeitgeist entsprechenden Themen.", "_thumb": "https://www.zdf.de/assets/fernsehfilm-der-woche-sendungsteaser-100~384xauto?cb=1477639570786"}, {"_type": "dir", "url": "https://api.zdf.de/search/documents/zdf/show/zdf-fernsehgarten?hasVideo=true&q=*&types=page-video&paths=%2Fzdf%2Fshow%2Fzdf-fernsehgarten&limit=100&allEditorialTags=true", "_name": "ZDF-Fernsehgarten", "mode": "libZdfListPage", "_plot": "Der \"ZDF-Fernsehgarten\" startet in die Sommersaison 2017. Andrea Kiewel pr\u00e4sentiert eine Mischung aus Show, Musik, Artistik, Service und Attraktionen.", "_thumb": "https://www.zdf.de/assets/sendungsteaser-fernsehgarten-pur-100~384xauto?cb=1493811362580"}, {"_type": "dir", "url": "https://api.zdf.de/search/documents/zdf/kultur/forum-am-freitag?hasVideo=true&q=*&types=page-video&paths=%2Fzdf%2Fkultur%2Fforum-am-freitag&limit=100&allEditorialTags=true", "_name": "Forum am Freitag", "mode": "libZdfListPage", "_plot": "Das \"Forum am Freitag\" gibt Muslimen die M\u00f6glichkeit, ihre spezielle Sicht des Zusammenlebens in Deutschland in das gesellschaftliche Gespr\u00e4ch einzubringen. Ob Theologe oder Lehrer, Filmemacher oder Gesch\u00e4ftsfrau, Vertreter muslimischer Verb\u00e4nde oder nicht organisiert, alle berichten von dem, was sie bewegt. Das \"Forum am Freitag\" spiegelt die Vielfalt muslimischen Lebens in Deutschland wider.", "_thumb": "https://www.zdf.de/assets/faf-sendungsteaser-100~384xauto?cb=1477639469228"}, {"_type": "dir", "url": "https://api.zdf.de/search/documents/zdf/wissen/frag-den-lesch?hasVideo=true&q=*&types=page-video&paths=%2Fzdf%2Fwissen%2Ffrag-den-lesch&limit=100&allEditorialTags=true", "_name": "Frag den Lesch", "mode": "libZdfListPage", "_plot": "In \"Frag den Lesch\" beantwortet der Physiker Harald Lesch die gro\u00dfen und kleinen Fragen der Physik - von den kleinesten Teilchen und Atomen bis zu den gro\u00dfen Zusammenh\u00e4ngen im Universum.", "_thumb": "https://www.zdf.de/assets/frag-den-lesch-sendungsteaser-100~384xauto?cb=1479386622362"}, {"_type": "dir", "url": "https://api.zdf.de/search/documents/zdf/filme/friesland?hasVideo=true&q=*&types=page-video&paths=%2Fzdf%2Ffilme%2Ffriesland&limit=100&allEditorialTags=true", "_name": "Friesland", "mode": "libZdfListPage", "_plot": "Friesland ist eine Krimireihe im Rahmen des ZDF-Samstagskrimis", "_thumb": "https://www.zdf.de/assets/friesland-sendungsteaser-100~384xauto?cb=1477639726528"}, {"_type": "dir", "url": "https://api.zdf.de/search/documents/zdf/politik/frontal-21?hasVideo=true&q=*&types=page-video&paths=%2Fzdf%2Fpolitik%2Ffrontal-21&limit=100&allEditorialTags=true", "_name": "Frontal 21", "mode": "libZdfListPage", "_plot": "Kritisch, investigativ und unerschrocken - das  ZDF-Politmagazin bietet Reportagen, Analysen und Hintergr\u00fcnde zu den aktuellen Themen aus Politik, Wirtschaft und Gesellschaft. Frontal 21 ist unabh\u00e4ngig und keinem verpflichtet. Denn f\u00fcr das Magazin z\u00e4hlen Meinungsvielfalt, klare Standpunkte und der kritische Blick im Interesse der Zuschauer. Die Reporter decken Missst\u00e4nde auf und liefern Fakten, die andere lieber verbergen wollen.", "_thumb": "https://www.zdf.de/assets/frontal21-sendungsteaser-100~384xauto?cb=1476881612954"}, {"_type": "dir", "url": "https://api.zdf.de/search/documents/zdf/sender/funk?hasVideo=true&q=*&types=page-video&paths=%2Fzdf%2Fsender%2Ffunk&limit=100&allEditorialTags=true", "_name": "funk", "mode": "libZdfListPage", "_plot": "Alles \u00fcber das junge Angebot von ARD und ZDF", "_thumb": "https://www.zdf.de/assets/sendungsteaser-funk-100~384xauto?cb=1484816067250"}, {"_type": "dir", "url": "https://api.zdf.de/search/documents/zdf/show/gaetjens-grosses-kino?hasVideo=true&q=*&types=page-video&paths=%2Fzdf%2Fshow%2Fgaetjens-grosses-kino&limit=100&allEditorialTags=true", "_name": "G\u00e4tjens gro\u00dfes Kino", "mode": "libZdfListPage", "_plot": "Das Kinomagazin mit Steven G\u00e4tjen - Steven G\u00e4tjen pr\u00e4sentiert monatlich aktuelle Filmstarts, spannende Blicke hinter die Kulissen und exklusive Interviews mit den gro\u00dfen Stars.", "_thumb": "https://www.zdf.de/assets/gaetjens-grosses-kino-sendungsteaser-100~384xauto?cb=1477640054045"}, {"_type": "dir", "url": "https://api.zdf.de/search/documents/zdf/gesellschaft/generation-what?hasVideo=true&q=*&types=page-video&paths=%2Fzdf%2Fgesellschaft%2Fgeneration-what&limit=100&allEditorialTags=true", "_name": "Generation What?", "mode": "libZdfListPage", "_plot": "Generation What?", "_thumb": "https://www.zdf.de/assets/generation-what-sendungsteaser-100~384xauto?cb=1477640433225"}, {"_type": "dir", "url": "https://api.zdf.de/search/documents/zdf/filme/der-gleiche-himmel?hasVideo=true&q=*&types=page-video&paths=%2Fzdf%2Ffilme%2Fder-gleiche-himmel&limit=100&allEditorialTags=true", "_name": "Der gleiche Himmel", "mode": "libZdfListPage", "_plot": "Der prominent besetzte ZDF-Dreiteiler \u00fcber einen Romeo-Agenten aus Ost-Berlin zeichnet das Portrait einer Gesellschaft inmitten des Kalten Kriegs 1974 in Berlin.", "_thumb": "https://www.zdf.de/assets/sendungsteaser-der-gleiche-himmel-100~384xauto?cb=1489411791728"}, {"_type": "dir", "url": "https://api.zdf.de/search/documents/zdf/kultur/gods-cloud?hasVideo=true&q=*&types=page-video&paths=%2Fzdf%2Fkultur%2Fgods-cloud&limit=100&allEditorialTags=true", "_name": "God's Cloud", "mode": "libZdfListPage", "_plot": "\u201eGod's Cloud\u201c begibt sich auf eine journalistische Suche nach den Erfahrungen, die Menschen mit Gott gemacht haben. Quellen werden gepr\u00fcft, Orte aufgesucht und Experten befragt. Es geht um ein Wissen, das Geschichte \u00fcber drei Jahrtausende gepr\u00e4gt hat und heute in Vergessenheit zu geraten droht.", "_thumb": "https://www.zdf.de/assets/gods-cloud-sendungsteaser-100~384xauto?cb=1477640565382"}, {"_type": "dir", "url": "https://api.zdf.de/search/documents/zdf/show/die-goldene-kamera?hasVideo=true&q=*&types=page-video&paths=%2Fzdf%2Fshow%2Fdie-goldene-kamera&limit=100&allEditorialTags=true", "_name": "Die Goldene Kamera", "mode": "libZdfListPage", "_plot": "Die Goldene Kamera", "_thumb": "https://www.zdf.de/assets/sendungsteaser-die-goldene-kamera-100~384xauto?cb=1480935544267"}, {"_type": "dir", "url": "https://api.zdf.de/search/documents/zdf/show/goldene-kamera-digital-award?hasVideo=true&q=*&types=page-video&paths=%2Fzdf%2Fshow%2Fgoldene-kamera-digital-award&limit=100&allEditorialTags=true", "_name": "Die Goldene Kamera Digital", "mode": "libZdfListPage", "_plot": "Die Goldene Kamera zeichnet jetzt erstmalig das Beste im Netz aus! Innovativ, informativ, lustig und viral \u2013 in sechs Kategorien werden besondere Formate und bemerkenswerte Beitr\u00e4ge, die in den letzten Monaten national das Web dominiert und begeistert haben, von der Funke Mediengruppe vergoldet. ", "_thumb": "https://www.zdf.de/assets/sendungsteaser-die-goldene-kamera-digital-100~384xauto?cb=1484231496364"}, {"_type": "dir", "url": "https://api.zdf.de/search/documents/zdf/gesellschaft/gottesdienste?hasVideo=true&q=*&types=page-video&paths=%2Fzdf%2Fgesellschaft%2Fgottesdienste&limit=100&allEditorialTags=true", "_name": "Gottesdienste", "mode": "libZdfListPage", "_plot": "Das ZDF \u00fcbertr\u00e4gt Gottesdienste aus evangelischen und katholischen Kirchen. ", "_thumb": "https://www.zdf.de/assets/gottesdienst-sendungsteaser-100~384xauto?cb=1477640491405"}, {"_type": "dir", "url": "https://api.zdf.de/search/documents/zdf/filme/gotthard?hasVideo=true&q=*&types=page-video&paths=%2Fzdf%2Ffilme%2Fgotthard&limit=100&allEditorialTags=true", "_name": "Gotthard 1 + 2 ", "mode": "libZdfListPage", "_plot": "Der Adventszweiteiler im ZDF \u00fcber den Bau des Gotthardtunnels im 19. Jahrhundert erz\u00e4hlt die Geschichte der Menschen, deren Schicksale durch den Bau erheblich beeintr\u00e4chtigt wurden.", "_thumb": "https://www.zdf.de/assets/sendungsteaser-gotthard-100~384xauto?cb=1479213378733"}, {"_type": "dir", "url": "https://api.zdf.de/search/documents/zdf/filme/gsi-spezialeinheit-goeteborg?hasVideo=true&q=*&types=page-video&paths=%2Fzdf%2Ffilme%2Fgsi-spezialeinheit-goeteborg&limit=100&allEditorialTags=true", "_name": "Johan Falk \u2013 GSI G\u00f6teborg", "mode": "libZdfListPage", "_plot": "Johan Falk \u2013 GSI G\u00f6teborg", "_thumb": "https://www.zdf.de/assets/sendungsteaser-gsi-spezialeinheit-goeteburg-100~384xauto?cb=1485961590211"}, {"_type": "dir", "url": "https://api.zdf.de/search/documents/zdf/nachrichten/hallo-deutschland?hasVideo=true&q=*&types=page-video&paths=%2Fzdf%2Fnachrichten%2Fhallo-deutschland&limit=100&allEditorialTags=true", "_name": "hallo deutschland", "mode": "libZdfListPage", "_plot": "\"hallo deutschland\" - so begr\u00fc\u00dfen die beiden Moderatorinnen Sandra Maria Gronewald und Lissy Ishag im w\u00f6chentlichen Wechsel ihr Publikum. Bewegende Geschichten, emotionale Augenblicke, Alltagstests und harte Fakten: Immer montags bis freitags um 17.10 Uhr und samstags um 18.35 Uhr.", "_thumb": "https://www.zdf.de/assets/hallo-deutschland-logo-102~384xauto?cb=1479315635497"}, {"_type": "dir", "url": "https://api.zdf.de/search/documents/zdf/dokumentation/der-haustier-check?hasVideo=true&q=*&types=page-video&paths=%2Fzdf%2Fdokumentation%2Fder-haustier-check&limit=100&allEditorialTags=true", "_name": "Der Haustier-Check", "mode": "libZdfListPage", "_plot": "Die Tierexpertin Kate Kitchenham begleitet Familien und Singles, Berufst\u00e4tige und Rentner auf ihrem Weg zum neuen tierischen Mitbewohner. ", "_thumb": "https://www.zdf.de/assets/sendungsteaser-der-haustier-check-100~384xauto?cb=1477639372375"}, {"_type": "dir", "url": "https://api.zdf.de/search/documents/zdf/serien/heldt?hasVideo=true&q=*&types=page-video&paths=%2Fzdf%2Fserien%2Fheldt&limit=100&allEditorialTags=true", "_name": "Heldt", "mode": "libZdfListPage", "_plot": "Kommissar Nikolas Heldt ist zur\u00fcck im Revier! Ein halbes Jahr nach seinem \u00fcberst\u00fcrzten Abflug nach Mallorca taucht der eigenwillige Ermittler \u00fcberraschend im Bochumer Pr\u00e4sidium auf und will seinen Job zur\u00fcck ...", "_thumb": "https://www.zdf.de/assets/sendungsteaser-heldt-100~384xauto?cb=1477918630112"}, {"_type": "dir", "url": "https://api.zdf.de/search/documents/zdf/filme/helen-dorn?hasVideo=true&q=*&types=page-video&paths=%2Fzdf%2Ffilme%2Fhelen-dorn&limit=100&allEditorialTags=true", "_name": "Helen Dorn", "mode": "libZdfListPage", "_plot": "Helen Dorn ist eine Krimireihe im Rahmen der ZDF-Samstagskrimis.", "_thumb": "https://www.zdf.de/assets/helen-dorn-sendungsteaser-100~384xauto?cb=1479304875471"}, {"_type": "dir", "url": "https://api.zdf.de/search/documents/zdf/serien/herzensbrecher?hasVideo=true&q=*&types=page-video&paths=%2Fzdf%2Fserien%2Fherzensbrecher&limit=100&allEditorialTags=true", "_name": "Herzensbrecher - Vater von vier S\u00f6hnen", "mode": "libZdfListPage", "_plot": "Herzensbrecher: die ZDF-Vorabendserie um die Patchwork-Familie von Pfarrer Andreas Tabarius und seinen vier Kindern", "_thumb": "https://www.zdf.de/assets/sendungsteaser-herzensbrecher-100~384xauto?cb=1479385034039"}, {"_type": "dir", "url": "https://api.zdf.de/search/documents/zdf/filme/herzkino?hasVideo=true&q=*&types=page-video&paths=%2Fzdf%2Ffilme%2Fherzkino&limit=100&allEditorialTags=true", "_name": "Herzkino", "mode": "libZdfListPage", "_plot": "Herzkino erz\u00e4hlt von purer Lebensfreude wie vom Schmerz unerwarteter Schicksalsschl\u00e4ge. Ob als Kom\u00f6die, als Melodram oder als Liebesfilm.", "_thumb": "https://www.zdf.de/assets/herzkino-sendungsteaser-100~384xauto?cb=1477640667845"}, {"_type": "dir", "url": "https://api.zdf.de/search/documents/zdf/nachrichten/heute-sendungen?hasVideo=true&q=*&types=page-video&paths=%2Fzdf%2Fnachrichten%2Fheute-sendungen&limit=100&allEditorialTags=true", "_name": "heute", "mode": "libZdfListPage", "_plot": "Aktuelle Informationen und Hintergr\u00fcnde zum Tagesgeschehen - t\u00e4glich um 19 Uhr im ZDF.", "_thumb": "https://www.zdf.de/assets/sendungsteaser-heute-100~384xauto?cb=1478877375663"}, {"_type": "dir", "url": "https://api.zdf.de/search/documents/zdf/nachrichten/heute-in-deutschland?hasVideo=true&q=*&types=page-video&paths=%2Fzdf%2Fnachrichten%2Fheute-in-deutschland&limit=100&allEditorialTags=true", "_name": "heute in Deutschland ", "mode": "libZdfListPage", "_plot": "Das aktuelle Magazin mit Nachrichten und Hintergr\u00fcnden aus den Regionen. Was bewegt die Menschen? Wor\u00fcber wird geredet? Bei heute in Deutschland erfahren Sie alles Wichtige vom Tag.", "_thumb": "https://www.zdf.de/assets/sendungsteaser-heute-in-deutschland-100~384xauto?cb=1477641036880"}, {"_type": "dir", "url": "https://api.zdf.de/search/documents/zdf/nachrichten/heute-in-europa?hasVideo=true&q=*&types=page-video&paths=%2Fzdf%2Fnachrichten%2Fheute-in-europa&limit=100&allEditorialTags=true", "_name": "heute - in Europa", "mode": "libZdfListPage", "_plot": "heute - in Europa", "_thumb": "https://www.zdf.de/assets/sendungsteaser-heute-in-europa-100~384xauto?cb=1477641276037"}, {"_type": "dir", "url": "https://api.zdf.de/search/documents/zdf/nachrichten/heute-journal?hasVideo=true&q=*&types=page-video&paths=%2Fzdf%2Fnachrichten%2Fheute-journal&limit=100&allEditorialTags=true", "_name": "heute journal", "mode": "libZdfListPage", "_plot": "Sie wollen sich am Ende eines langen Tages noch einmal kompakt und umfassend informieren? Sie wollen h\u00f6chste journalistische Qualit\u00e4t: Politische Berichte, scharfsinnige Analysen, verst\u00e4ndliche Erkl\u00e4rungen, farbige Reportagen, Interviews, in denen Klartext geredet wird? Sie wollen Marietta Slomka und Claus Kleber sehen, die besten TV-Nachrichten-Moderatoren in Deutschland? Dann sind Sie hier richtig.", "_thumb": "https://www.zdf.de/assets/sendungsteaser-heute-journal-100~384xauto?cb=1486136675621"}, {"_type": "dir", "url": "https://api.zdf.de/search/documents/zdf/nachrichten/heute-plus?hasVideo=true&q=*&types=page-video&paths=%2Fzdf%2Fnachrichten%2Fheute-plus&limit=100&allEditorialTags=true", "_name": "heute +", "mode": "libZdfListPage", "_plot": "Die jungen ZDF-Nachrichten", "_thumb": "https://www.zdf.de/assets/sendungsteaser-heute-plus-100~384xauto?cb=1477643828415"}, {"_type": "dir", "url": "https://api.zdf.de/search/documents/zdf/comedy/heute-show?hasVideo=true&q=*&types=page-video&paths=%2Fzdf%2Fcomedy%2Fheute-show&limit=100&allEditorialTags=true", "_name": "heute-show", "mode": "libZdfListPage", "_plot": "Die \"heute-show\" stellt die Welt der TV-Nachrichten auf den Kopf. Satirisch, witzig, bissig kommentiert Oliver Welke die aktuellen Fernsehbilder aus Politik und Nachrichtensendungen.", "_thumb": "https://www.zdf.de/assets/sendungsteaser-heute-show-100~384xauto?cb=1477639669923"}, {"_type": "dir", "url": "https://api.zdf.de/search/documents/zdf/dokumentation/zdf-history?hasVideo=true&q=*&types=page-video&paths=%2Fzdf%2Fdokumentation%2Fzdf-history&limit=100&allEditorialTags=true", "_name": "ZDF History", "mode": "libZdfListPage", "_plot": "Zeitgeschichte hautnah erleben: von Politik und Kutur bis hin zur Gesellschaftsgeschichte", "_thumb": "https://www.zdf.de/assets/sendungsteaser-history-100~384xauto?cb=1477639041334"}, {"_type": "dir", "url": "https://api.zdf.de/search/documents/zdf/comedy/im-knast?hasVideo=true&q=*&types=page-video&paths=%2Fzdf%2Fcomedy%2Fim-knast&limit=100&allEditorialTags=true", "_name": "Im Knast", "mode": "libZdfListPage", "_plot": "Im Knast", "_thumb": "https://www.zdf.de/assets/im-knast-sendungsteaser-100~384xauto?cb=1477640707180"}, {"_type": "dir", "url": "https://api.zdf.de/search/documents/zdf/filme/inspector-barnaby?hasVideo=true&q=*&types=page-video&paths=%2Fzdf%2Ffilme%2Finspector-barnaby&limit=100&allEditorialTags=true", "_name": "Inspector Barnaby", "mode": "libZdfListPage", "_plot": "Inspector Barnaby", "_thumb": "https://www.zdf.de/assets/inspector-barnaby-sendungsteaser-100~384xauto?cb=1477640754833"}, {"_type": "dir", "url": "https://api.zdf.de/search/documents/zdf/serien/jack-taylor?hasVideo=true&q=*&types=page-video&paths=%2Fzdf%2Fserien%2Fjack-taylor&limit=100&allEditorialTags=true", "_name": "Jack Taylor", "mode": "libZdfListPage", "_plot": "Iain Glen ist wieder da - als Jack Taylor, irisches Raubein mit sensibler Seele!", "_thumb": "https://www.zdf.de/assets/sendungsteaser-jack-taylor-100~384xauto?cb=1488378223474"}, {"_type": "dir", "url": "https://api.zdf.de/search/documents/zdf/dokumentation/jahrhundertprojekt-museumsinsel?hasVideo=true&q=*&types=page-video&paths=%2Fzdf%2Fdokumentation%2Fjahrhundertprojekt-museumsinsel&limit=100&allEditorialTags=true", "_name": "Jahrhundertprojekt Museumsinsel", "mode": "libZdfListPage", "_plot": "Das ZDF und sein Partnersender 3sat begleiten die Arbeiten zur Erhaltung und Sanierung der weltber\u00fchmten Berliner Museumsinsel.", "_thumb": "https://www.zdf.de/assets/sendungsteaser-jahrhundertprojekt-museumsinsel-100~384xauto?cb=1479736913420"}, {"_type": "dir", "url": "https://api.zdf.de/search/documents/zdf/filme/gsi-spezialeinheit-goeteborg?hasVideo=true&q=*&types=page-video&paths=%2Fzdf%2Ffilme%2Fgsi-spezialeinheit-goeteborg&limit=100&allEditorialTags=true", "_name": "Johan Falk \u2013 GSI G\u00f6teborg", "mode": "libZdfListPage", "_plot": "Johan Falk \u2013 GSI G\u00f6teborg", "_thumb": "https://www.zdf.de/assets/sendungsteaser-gsi-spezialeinheit-goeteburg-100~384xauto?cb=1485961590211"}, {"_type": "dir", "url": "https://api.zdf.de/search/documents/zdf/show/kaputt-und-zugenaeht?hasVideo=true&q=*&types=page-video&paths=%2Fzdf%2Fshow%2Fkaputt-und-zugenaeht&limit=100&allEditorialTags=true", "_name": "kaputt und ... zugen\u00e4ht!", "mode": "libZdfListPage", "_plot": "kaputt und ... zugen\u00e4ht!", "_thumb": "https://www.zdf.de/assets/kaputt-und-zugenaeht-sendungsteaser-100~1920x1080?cb=1490887223409"}, {"_type": "dir", "url": "https://api.zdf.de/search/documents/zdf/show/kerners-koeche?hasVideo=true&q=*&types=page-video&paths=%2Fzdf%2Fshow%2Fkerners-koeche&limit=100&allEditorialTags=true", "_name": "Kerners K\u00f6che", "mode": "libZdfListPage", "_plot": "Johannes B. Kerner versammelt wieder Woche f\u00fcr Woche vier der besten K\u00f6che bei sich im Studio. W\u00f6chentlich samstags um 16.15 Uhr kochen sie im ZDF jeweils ein Gericht eines vierg\u00e4ngigen Men\u00fcs.", "_thumb": "https://www.zdf.de/assets/sendungsteaser-kerners-koeche-100~384xauto?cb=1490014654085"}, {"_type": "dir", "url": "https://api.zdf.de/search/documents/zdf/dokumentation/kessler-ist?hasVideo=true&q=*&types=page-video&paths=%2Fzdf%2Fdokumentation%2Fkessler-ist&limit=100&allEditorialTags=true", "_name": "Kessler ist", "mode": "libZdfListPage", "_plot": "Michael Kessler schl\u00fcpft in die Haut prominenter Zeitgenossen", "_thumb": "https://www.zdf.de/assets/kessler-ist-logo-sendungsteaser-100~384xauto?cb=1478269016499"}, {"_type": "dir", "url": "https://api.zdf.de/search/documents/zdf/kinder?hasVideo=true&q=*&types=page-video&paths=%2Fzdf%2Fkinder&limit=100&allEditorialTags=true", "_name": "Kindersendungen", "mode": "libZdfListPage", "_plot": "Die Kindersendungen des ZDF finden Sie auf zdftivi.de und in der tivi-Mediathek", "_thumb": "https://www.zdf.de/assets/sendungsteaser-tivi-logo-100~384xauto?cb=1477644432420"}, {"_type": "dir", "url": "https://api.zdf.de/search/documents/zdf/filme/das-kleine-fernsehspiel?hasVideo=true&q=*&types=page-video&paths=%2Fzdf%2Ffilme%2Fdas-kleine-fernsehspiel&limit=100&allEditorialTags=true", "_name": "Das kleine Fernsehspiel", "mode": "libZdfListPage", "_plot": "Sehen Sie hier die Sendungen des Kleinen Fernsehspiels und erfahren Sie mehr \u00fcber die Arbeit der Nachwuchsredaktion des ZDF.", "_thumb": "https://www.zdf.de/assets/sendungsteaser-das-kleine-fernsehspiel-100~384xauto?cb=1477557529251"}, {"_type": "dir", "url": "https://api.zdf.de/search/documents/zdf/show/koch-im-ohr?hasVideo=true&q=*&types=page-video&paths=%2Fzdf%2Fshow%2Fkoch-im-ohr&limit=100&allEditorialTags=true", "_name": "Koch im Ohr", "mode": "libZdfListPage", "_plot": "Jeweils zwei Spitzenk\u00f6che stellen sich einem ungew\u00f6hnlichen Duell: \u00dcber einen Knopf im Ohr dirigieren sie Laien, die auf ihre Anweisung Gerichte zubereiten.", "_thumb": "https://www.zdf.de/assets/koch-im-ohr-sendungsteaser-100~384xauto?cb=1479392472008"}, {"_type": "dir", "url": "https://api.zdf.de/search/documents/zdf/filme/kommissarin-heller?hasVideo=true&q=*&types=page-video&paths=%2Fzdf%2Ffilme%2Fkommissarin-heller&limit=100&allEditorialTags=true", "_name": "Kommissarin Heller", "mode": "libZdfListPage", "_plot": "Lisa Wagener geht als eigenwillige Nachwuchs-Kommissarin Winnie Heller in Wiesbaden auf Verbrecherjagd.", "_thumb": "https://www.zdf.de/assets/kommissarin-heller-sendungsteaser-100~384xauto?cb=1479383613516"}, {"_type": "dir", "url": "https://api.zdf.de/search/documents/zdf/filme/kommissarin-lucas?hasVideo=true&q=*&types=page-video&paths=%2Fzdf%2Ffilme%2Fkommissarin-lucas&limit=100&allEditorialTags=true", "_name": "Kommissarin Lucas", "mode": "libZdfListPage", "_plot": "Komissarin Ellen Lucas (Ulrike Kriener) ermittelt in Regensburg  und Umgebung.", "_thumb": "https://www.zdf.de/assets/kommissarin-lucas-sendungsteaser-100~384xauto?cb=1477640888280"}, {"_type": "dir", "url": "https://api.zdf.de/search/documents/zdf/filme/der-kommissar-und-das-meer?hasVideo=true&q=*&types=page-video&paths=%2Fzdf%2Ffilme%2Fder-kommissar-und-das-meer&limit=100&allEditorialTags=true", "_name": "Der Kommissar und das Meer", "mode": "libZdfListPage", "_plot": "Deutsch-schwedische Krimireihe mit Walter Sittler, der als Kommissar Robert Anders auf der schwedischen Insel Gotland Kriminalf\u00e4lle l\u00f6st. ", "_thumb": "https://www.zdf.de/assets/der-kommissar-und-das-meer-sendungsteaser-100~384xauto?cb=1477638678840"}, {"_type": "dir", "url": "https://api.zdf.de/search/documents/zdf/serien/der-kriminalist?hasVideo=true&q=*&types=page-video&paths=%2Fzdf%2Fserien%2Fder-kriminalist&limit=100&allEditorialTags=true", "_name": "Der Kriminalist", "mode": "libZdfListPage", "_plot": "Christian Berkel ermittelt als Bruno Schumann in \"Der Kriminalist\".", "_thumb": "https://www.zdf.de/assets/sendungsteaser-der-kriminalist-100~384xauto?cb=1477648101929"}, {"_type": "dir", "url": "https://api.zdf.de/search/documents/zdf/show/die-kuechenschlacht?hasVideo=true&q=*&types=page-video&paths=%2Fzdf%2Fshow%2Fdie-kuechenschlacht&limit=100&allEditorialTags=true", "_name": "Die K\u00fcchenschlacht", "mode": "libZdfListPage", "_plot": "Jede Woche treten sechs Hobbyk\u00f6che mit ihren Lieblingsrezepten in der K\u00fcchenschlacht gegeneinander an. Ein Juror entscheidet jeden Tag, wer seinen Herd r\u00e4umen muss und wer einen Gang zulegen darf. ", "_thumb": "https://www.zdf.de/assets/die-kuechenschlacht-sendungsteaser-100~384xauto?cb=1477638972099"}, {"_type": "dir", "url": "https://api.zdf.de/search/documents/zdf/kultur/kulturzeit?hasVideo=true&q=*&types=page-video&paths=%2Fzdf%2Fkultur%2Fkulturzeit&limit=100&allEditorialTags=true", "_name": "Kulturzeit", "mode": "libZdfListPage", "_plot": "\"kulturzeit\" ist das Fernsehfeuilleton der 3sat-Partner ARD, ZDF, ORF und SF und berichtet aus Deutschland, \u00d6sterreich und der Schweiz \u00fcber das kulturelle Leben in seiner gesamten Bandbreite.", "_thumb": "https://www.zdf.de/assets/kulturzeit-sendungsteaser-100~384xauto?cb=1477641002767"}, {"_type": "dir", "url": "https://api.zdf.de/search/documents/zdf/kultur/kuttner-plus-zwei?hasVideo=true&q=*&types=page-video&paths=%2Fzdf%2Fkultur%2Fkuttner-plus-zwei&limit=100&allEditorialTags=true", "_name": "Kuttner plus Zwei", "mode": "libZdfListPage", "_plot": "Kuttner plus Zwei: Sarah Kuttner trifft in ihrer Berliner Altbauwohnung zwei prominente G\u00e4ste zum lockeren Plausch.", "_thumb": "https://www.zdf.de/assets/kuttner-plus-zwei-sendungsteaser-100~384xauto?cb=1490963917044"}, {"_type": "dir", "url": "https://api.zdf.de/search/documents/zdf/show/laferlichterlecker?hasVideo=true&q=*&types=page-video&paths=%2Fzdf%2Fshow%2Flaferlichterlecker&limit=100&allEditorialTags=true", "_name": "Lafer!Lichter!Lecker!", "mode": "libZdfListPage", "_plot": "Lafer!Lichter!Lecker!", "_thumb": "https://www.zdf.de/assets/lafer-lichter-lecker-logo-100~384xauto?cb=1476451865283"}, {"_type": "dir", "url": "https://api.zdf.de/search/documents/zdf/politik/laenderspiegel?hasVideo=true&q=*&types=page-video&paths=%2Fzdf%2Fpolitik%2Flaenderspiegel&limit=100&allEditorialTags=true", "_name": "L\u00e4nderspiegel: Zeitkritisches B\u00fcrgerfernsehen", "mode": "libZdfListPage", "_plot": "Der L\u00e4nderspiegel im ZDF - ein moderner Klassiker. Was brennt den Menschen unter den N\u00e4geln? Was ist dran an den aktuellen Reformdebatten? Was wird das Thema der Woche? Der L\u00e4nderspiegel \u2013 immer Samstags um 17.05 Uhr, ist ein zeitkritisches Wochenmagazin. Kein R\u00fcckblick, sondern ein Ausrufezeichen am Ende der Woche und ein Blick nach vorn \u2013 vielf\u00e4ltig, informativ und immer aktuell.\r\n\r\n", "_thumb": "https://www.zdf.de/assets/laenderspiegel-sendungsteaser-100~384xauto?cb=1477583724790"}, {"_type": "dir", "url": "https://api.zdf.de/search/documents/zdf/filme/landgericht?hasVideo=true&q=*&types=page-video&paths=%2Fzdf%2Ffilme%2Flandgericht&limit=100&allEditorialTags=true", "_name": "Landgericht", "mode": "libZdfListPage", "_plot": "Die Verfilmung des preisgekr\u00f6nten Romans \"Landgericht\" von Ursula Krechel erz\u00e4hlt die wahre Geschichte einer j\u00fcdisch-christlichen Familie, die Verfolgung und Exil in der Nazizeit \u00fcberlebt hat und nach Kriegsende in Westdeutschland einen Neuanfang wagt. ", "_thumb": "https://www.zdf.de/assets/landgericht-sendungsteaser-100~384xauto?cb=1484149582463"}, {"_type": "dir", "url": "https://api.zdf.de/search/documents/zdf/serien/lena-lorenz?hasVideo=true&q=*&types=page-video&paths=%2Fzdf%2Fserien%2Flena-lorenz&limit=100&allEditorialTags=true", "_name": "Lena Lorenz", "mode": "libZdfListPage", "_plot": "Hebamme Lena (Patricia Aulitzky) hat die Nase voll vom hektischen Leben in Berlin, packt spontan ihre Koffer und f\u00e4hrt zum elterlichen Hof in Bayern.", "_thumb": "https://www.zdf.de/assets/lena-lorenz-sendungsteaser-100~384xauto?cb=1477657132630"}, {"_type": "dir", "url": "https://api.zdf.de/search/documents/zdf/wissen/leschs-kosmos?hasVideo=true&q=*&types=page-video&paths=%2Fzdf%2Fwissen%2Fleschs-kosmos&limit=100&allEditorialTags=true", "_name": "Leschs Kosmos", "mode": "libZdfListPage", "_plot": "Leschs Kosmos, das Wissenschaftsmagazin pr\u00e4sentiert von Professor Harald Lesch. ", "_thumb": "https://www.zdf.de/assets/sendungsteaser-leschs-kosmos-100~384xauto?cb=1477583916075"}, {"_type": "dir", "url": "https://api.zdf.de/search/documents/zdf/serien/letzte-spur-berlin?hasVideo=true&q=*&types=page-video&paths=%2Fzdf%2Fserien%2Fletzte-spur-berlin&limit=100&allEditorialTags=true", "_name": "Letzte Spur Berlin", "mode": "libZdfListPage", "_plot": "Das Schicksal spurlos Verschwundener fordern das Team der Berliner Vermisstenstelle des LKA, Kriminalkommissar Oliver Radek (Hans-Werner Meyer) und seine Kollegen Mina Amiri (Jasmin Tabatabai), Marc Lohmann (Bert Tischendorf) und Lucy Elbe (Josephin Busch), auch diesmal heraus.", "_thumb": "https://www.zdf.de/assets/sendungsteaser-letzte-spur-berlin-100~384xauto?cb=1477657279395"}, {"_type": "dir", "url": "https://api.zdf.de/search/documents/zdf/nachrichten/leute-heute?hasVideo=true&q=*&types=page-video&paths=%2Fzdf%2Fnachrichten%2Fleute-heute&limit=100&allEditorialTags=true", "_name": "Leute heute", "mode": "libZdfListPage", "_plot": "Das ZDF-Prominentenmagazin von Montag bis Freitag", "_thumb": "https://www.zdf.de/assets/sendungsteaser-leute-heute-100~384xauto?cb=1477644149466"}, {"_type": "dir", "url": "https://api.zdf.de/search/documents/zdf/serien/lewis?hasVideo=true&q=*&types=page-video&paths=%2Fzdf%2Fserien%2Flewis&limit=100&allEditorialTags=true", "_name": "Lewis", "mode": "libZdfListPage", "_plot": "Lewis", "_thumb": "https://www.zdf.de/assets/sendungsteaser-lewis-100~384xauto?cb=1477657735340"}, {"_type": "dir", "url": "https://api.zdf.de/search/documents/zdf/kultur/das-literarische-quartett?hasVideo=true&q=*&types=page-video&paths=%2Fzdf%2Fkultur%2Fdas-literarische-quartett&limit=100&allEditorialTags=true", "_name": "Das Literarische Quartett", "mode": "libZdfListPage", "_plot": "Das Literarische Quartett ist ein Diskurs, auf einem sprachlich und gedanklich exquisiten Niveau, vor einem kundigen Publikum aus interessierten Kulturb\u00fcrgern und leidenschaftlichen Buchmenschen,", "_thumb": "https://www.zdf.de/assets/das-literarische-quartett-sendungsteaser-100~384xauto?cb=1477579481483"}, {"_type": "dir", "url": "https://api.zdf.de/search/documents/zdf/nachrichten/logo?hasVideo=true&q=*&types=page-video&paths=%2Fzdf%2Fnachrichten%2Flogo&limit=100&allEditorialTags=true", "_name": "logo!", "mode": "libZdfListPage", "_plot": "Bei logo!, den Kindernachrichten des ZDF, erfahren Kinder, was in der Welt passiert.", "_thumb": "https://www.zdf.de/assets/sendungsteaser-tivi-logo-100~384xauto?cb=1477644432420"}, {"_type": "dir", "url": "https://api.zdf.de/search/documents/zdf/kultur/mainzer-stadtschreiber?hasVideo=true&q=*&types=page-video&paths=%2Fzdf%2Fkultur%2Fmainzer-stadtschreiber&limit=100&allEditorialTags=true", "_name": "Mainzer Stadtschreiber", "mode": "libZdfListPage", "_plot": "Der Mainzer Stadtschreiber-Literaturpreis, der vom ZDF, 3sat und der Stadt Mainz seit 1985 vergeben wird, bietet seinen Preistr\u00e4gern die einzigartige M\u00f6glichkeit, als Filmemacher eine Dokumentation nach eigener Themenwahl zu produzieren. ", "_thumb": "https://www.zdf.de/assets/sendungsteaser-mainzer-stadtschreiber-100~384xauto?cb=1481299111130"}, {"_type": "dir", "url": "https://api.zdf.de/search/documents/zdf/verbraucher/makro?hasVideo=true&q=*&types=page-video&paths=%2Fzdf%2Fverbraucher%2Fmakro&limit=100&allEditorialTags=true", "_name": "makro", "mode": "libZdfListPage", "_plot": "Wirtschaft in 3sat hat einen Namen: makro. Jeden Freitagabend bieten wir Orientierung im globalen Wirtschaftsdschungel - als aktuelles Live-Magazin oder vertiefende Wirtschaftsdokumentation.", "_thumb": "https://www.zdf.de/assets/makro-sendungsteaser-100~384xauto?cb=1477643941039"}, {"_type": "dir", "url": "https://api.zdf.de/search/documents/zdf/comedy/mann-sieber?hasVideo=true&q=*&types=page-video&paths=%2Fzdf%2Fcomedy%2Fmann-sieber&limit=100&allEditorialTags=true", "_name": "Mann, Sieber!", "mode": "libZdfListPage", "_plot": "Tobias Mann und Christoph Sieber pr\u00e4sentieren politische Late Night im ZDF. Zwei Blickwinkel auf eine Wirklichkeit, ein kabarettistischer Schlagabtausch. Schnell, geistreich, witzig.", "_thumb": "https://www.zdf.de/assets/mann-sieber-sendungsteaser-100~384xauto?cb=1477641150314"}, {"_type": "dir", "url": "https://api.zdf.de/search/documents/zdf/filme/marie-brand-und?hasVideo=true&q=*&types=page-video&paths=%2Fzdf%2Ffilme%2Fmarie-brand-und&limit=100&allEditorialTags=true", "_name": "Marie Brand", "mode": "libZdfListPage", "_plot": "Samstagskrimireihe um die hochbegabte Hauptkommissarin Marie Brand (Mariele Millowitsch) von der K\u00f6lner Mordkommission.", "_thumb": "https://www.zdf.de/assets/sendungsteaser-marie-brand-100~384xauto?cb=1478270950494"}, {"_type": "dir", "url": "https://api.zdf.de/search/documents/zdf/filme/matula?hasVideo=true&q=*&types=page-video&paths=%2Fzdf%2Ffilme%2Fmatula&limit=100&allEditorialTags=true", "_name": "Matula", "mode": "libZdfListPage", "_plot": "Josef Matula ermittelt wieder: Der legend\u00e4re Privatdetektiv l\u00f6st intuitiv, raffiniert, raubeinig, aber auch einf\u00fchlsam neue F\u00e4lle.", "_thumb": "https://www.zdf.de/assets/matula-sendungsteaser-100~384xauto?cb=1488266497576"}, {"_type": "dir", "url": "https://api.zdf.de/search/documents/zdf/gesellschaft/markus-lanz?hasVideo=true&q=*&types=page-video&paths=%2Fzdf%2Fgesellschaft%2Fmarkus-lanz&limit=100&allEditorialTags=true", "_name": "Markus Lanz", "mode": "libZdfListPage", "_plot": "Markus Lanz spricht in seiner Talkshow mit seinen G\u00e4sten \u00fcber aktuelle und gesellschaftlich relevante Themen - unterhaltend und journalistisch hintergr\u00fcndig.", "_thumb": "https://www.zdf.de/assets/markus-lanz-sendungsteaser-100~384xauto?cb=1488448461800"}, {"_type": "dir", "url": "https://api.zdf.de/search/documents/zdf/politik/maybrit-illner?hasVideo=true&q=*&types=page-video&paths=%2Fzdf%2Fpolitik%2Fmaybrit-illner&limit=100&allEditorialTags=true", "_name": "maybrit illner", "mode": "libZdfListPage", "_plot": "Der Polit-Talk im ZDF mit Moderatorin Maybrit Illner: Hier gibt es alle Informationen zur aktuellen Sendung.", "_thumb": "https://www.zdf.de/assets/sendungsteaser-maybrit-illner-100~384xauto?cb=1486378656987"}, {"_type": "dir", "url": "https://api.zdf.de/search/documents/zdf/gesellschaft/menschen-das-magazin?hasVideo=true&q=*&types=page-video&paths=%2Fzdf%2Fgesellschaft%2Fmenschen-das-magazin&limit=100&allEditorialTags=true", "_name": "Menschen - das Magazin", "mode": "libZdfListPage", "_plot": "\"Menschen - das Magazin\" stellt den Alltag von Menschen in den Mittelpunkt, die sonst eher am Rande der Gesellschaft leben.", "_thumb": "https://www.zdf.de/assets/menschen-das-magazin-sendungsteaser-100~384xauto?cb=1477641423970"}, {"_type": "dir", "url": "https://api.zdf.de/search/documents/zdf/show/mich-taeuscht-keiner?hasVideo=true&q=*&types=page-video&paths=%2Fzdf%2Fshow%2Fmich-taeuscht-keiner&limit=100&allEditorialTags=true", "_name": "Mich t\u00e4uscht keiner!", "mode": "libZdfListPage", "_plot": "Die Wissens-Show mit Dirk Steffens", "_thumb": "https://www.zdf.de/assets/sendungsteaser-mich-taeuscht-keiner-100~384xauto?cb=1489505559360"}, {"_type": "dir", "url": "https://api.zdf.de/search/documents/zdf/nachrichten/zdf-mittagsmagazin?hasVideo=true&q=*&types=page-video&paths=%2Fzdf%2Fnachrichten%2Fzdf-mittagsmagazin&limit=100&allEditorialTags=true", "_name": "ZDF-Mittagsmagazin", "mode": "libZdfListPage", "_plot": "Politik und Verbraucherthemen", "_thumb": "https://www.zdf.de/assets/sendungsteaser-mima-100~384xauto?cb=1480584543094"}, {"_type": "dir", "url": "https://api.zdf.de/search/documents/zdf/gesellschaft/ml-mona-lisa?hasVideo=true&q=*&types=page-video&paths=%2Fzdf%2Fgesellschaft%2Fml-mona-lisa&limit=100&allEditorialTags=true", "_name": "ML mona lisa", "mode": "libZdfListPage", "_plot": "ML mona lisa", "_thumb": "https://www.zdf.de/assets/sendungsteaser-mona-lisa-100~384xauto?cb=1477647600513"}, {"_type": "dir", "url": "https://api.zdf.de/search/documents/zdf/filme/montagskino?hasVideo=true&q=*&types=page-video&paths=%2Fzdf%2Ffilme%2Fmontagskino&limit=100&allEditorialTags=true", "_name": "Montagskino", "mode": "libZdfListPage", "_plot": "Top-Spielfilmunterhaltung im ZDF mit bekannten Blockbustern, spannenden Krimis und cineastischen Entdeckungen.", "_thumb": "https://www.zdf.de/assets/montagskino-sendungsteaser-100~384xauto?cb=1477643681343"}, {"_type": "dir", "url": "https://api.zdf.de/search/documents/zdf/nachrichten/zdf-morgenmagazin?hasVideo=true&q=*&types=page-video&paths=%2Fzdf%2Fnachrichten%2Fzdf-morgenmagazin&limit=100&allEditorialTags=true", "_name": "ZDF-Morgenmagazin", "mode": "libZdfListPage", "_plot": "Nachrichten, Politik und Buntes zu fr\u00fcher Stunde ", "_thumb": "https://www.zdf.de/assets/sendungsteaser-moma-100~384xauto?cb=1477584043114"}, {"_type": "dir", "url": "https://api.zdf.de/search/documents/zdf/filme/muenchen-mord?hasVideo=true&q=*&types=page-video&paths=%2Fzdf%2Ffilme%2Fmuenchen-mord&limit=100&allEditorialTags=true", "_name": "M\u00fcnchen Mord", "mode": "libZdfListPage", "_plot": "M\u00fcnchen Mord", "_thumb": "https://www.zdf.de/assets/muenchen-mord-sendungsteaser-100~384xauto?cb=1477641591470"}, {"_type": "dir", "url": "https://api.zdf.de/search/documents/zdf/kultur/musik-und-theater?hasVideo=true&q=*&types=page-video&paths=%2Fzdf%2Fkultur%2Fmusik-und-theater&limit=100&allEditorialTags=true", "_name": "Musik und Theater", "mode": "libZdfListPage", "_plot": "Alle Sendungen im \u00dcberblick", "_thumb": "https://www.zdf.de/assets/musik-im-zdf-sendungsteaser-100~384xauto?cb=1493276961082"}, {"_type": "dir", "url": "https://api.zdf.de/search/documents/zdf/wissen/nano?hasVideo=true&q=*&types=page-video&paths=%2Fzdf%2Fwissen%2Fnano&limit=100&allEditorialTags=true", "_name": "nano", "mode": "libZdfListPage", "_plot": "\"nano\" will den Dingen auf den Grund gehen und jeden Tag Wissenschaft verst\u00e4ndlich machen.", "_thumb": "https://www.zdf.de/assets/nano-sendungsteaser-100~384xauto?cb=1477641481714"}, {"_type": "dir", "url": "https://api.zdf.de/search/documents/zdf/comedy/neo-magazin-mit-jan-boehmermann?hasVideo=true&q=*&types=page-video&paths=%2Fzdf%2Fcomedy%2Fneo-magazin-mit-jan-boehmermann&limit=100&allEditorialTags=true", "_name": "NEO MAGAZIN Royale", "mode": "libZdfListPage", "_plot": "NEO MAGAZIN Royale mit Jan B\u00f6hmermann", "_thumb": "https://www.zdf.de/assets/neo-magazin-royale-sendungsteaser-100~384xauto?cb=1477641270293"}, {"_type": "dir", "url": "https://api.zdf.de/search/documents/zdf/kultur/neu-im-kino?hasVideo=true&q=*&types=page-video&paths=%2Fzdf%2Fkultur%2Fneu-im-kino&limit=100&allEditorialTags=true", "_name": "Neu im Kino", "mode": "libZdfListPage", "_plot": "Ob Blockbuster, Autorenkino oder ein Geheimtipp, den man leicht \u00fcbersehen k\u00f6nnte: Neu im Kino gibt einen Vorgeschmack auf das, was am folgenden Donnerstag auf den Leinw\u00e4nden l\u00e4uft.", "_thumb": "https://www.zdf.de/assets/neu-im-kino-sendungsteaser-100~384xauto?cb=1477644441024"}, {"_type": "dir", "url": "https://api.zdf.de/search/documents/zdf/serien/nordlicht-moerder-ohne-reue?hasVideo=true&q=*&types=page-video&paths=%2Fzdf%2Fserien%2Fnordlicht-moerder-ohne-reue&limit=100&allEditorialTags=true", "_name": "Nordlicht - M\u00f6rder ohne Reue", "mode": "libZdfListPage", "_plot": "Katrine Ries Jensen wurde mit 27 Jahren gerade zur stellvertretenden Leiterin der Mordkommission ernannt. Gemeinsam mit ihren Kollegen muss sie schon bald ihre F\u00e4higkeiten unter Beweis stellen. Nach einer Idee von Elsebeth Egholm und Stefan Jaworski", "_thumb": "https://www.zdf.de/assets/nordlicht-sendungsteaser-100~384xauto?cb=1485337173129"}, {"_type": "dir", "url": "https://api.zdf.de/search/documents/zdf/serien/notruf-hafenkante?hasVideo=true&q=*&types=page-video&paths=%2Fzdf%2Fserien%2Fnotruf-hafenkante&limit=100&allEditorialTags=true", "_name": "Notruf Hafenkante", "mode": "libZdfListPage", "_plot": "Die Polizisten des PK 21 und ihre Kollegen aus dem Elbkrankenhaus haben jeden Tag alle H\u00e4nde voll damit zu tun, das Verbrechen zu bek\u00e4mpfen und Menschen zu helfen!", "_thumb": "https://www.zdf.de/assets/-team-100~384xauto?cb=1484647452266"}, {"_type": "dir", "url": "https://api.zdf.de/search/documents/zdf/filme/ostfrieslandkrimis?hasVideo=true&q=*&types=page-video&paths=%2Fzdf%2Ffilme%2Fostfrieslandkrimis&limit=100&allEditorialTags=true", "_name": "Ostfrieslandkrimis", "mode": "libZdfListPage", "_plot": "Der neue Samstagskrimi im ZDF mit Chistiane Paul.", "_thumb": "https://www.zdf.de/assets/sendungsteaser-ostfrieslandkrimis-100~384xauto?cb=1490795365630"}, {"_type": "dir", "url": "https://api.zdf.de/search/documents/zdf/gesellschaft/peter-hahne?hasVideo=true&q=*&types=page-video&paths=%2Fzdf%2Fgesellschaft%2Fpeter-hahne&limit=100&allEditorialTags=true", "_name": "Peter Hahne", "mode": "libZdfListPage", "_plot": "Zwei G\u00e4ste mit unterschiedlichen Sichtweisen sprechen mit Peter Hahne \u00fcber ein Thema, das aktuell kontrovers diskutiert wird.", "_thumb": "https://www.zdf.de/assets/sendungsteaser-peter-hahne-100~384xauto?cb=1477647381788"}, {"_type": "dir", "url": "https://api.zdf.de/search/documents/zdf/politik/phoenix-runde?hasVideo=true&q=*&types=page-video&paths=%2Fzdf%2Fpolitik%2Fphoenix-runde&limit=100&allEditorialTags=true", "_name": "Phoenix-Runde", "mode": "libZdfListPage", "_plot": "Das Forum f\u00fcr die aktuelle politische Debatte in Deutschland", "_thumb": "https://www.zdf.de/assets/phoenix-runde-sendungsteaser-100~384xauto?cb=1477644479645"}, {"_type": "dir", "url": "https://api.zdf.de/search/documents/zdf/dokumentation/planet-e?hasVideo=true&q=*&types=page-video&paths=%2Fzdf%2Fdokumentation%2Fplanet-e&limit=100&allEditorialTags=true", "_name": "planet e.", "mode": "libZdfListPage", "_plot": "Die Umweltdokumentationsreihe im ZDF\r\n\r\n\r\n\r\n\r\n\r\n\r\n\r\n\r\n\r\n\r\n", "_thumb": "https://www.zdf.de/assets/sendungsteaser-planet-e-100~384xauto?cb=1477640864896"}, {"_type": "dir", "url": "https://api.zdf.de/search/documents/zdf/politik/politbarometer?hasVideo=true&q=*&types=page-video&paths=%2Fzdf%2Fpolitik%2Fpolitbarometer&limit=100&allEditorialTags=true", "_name": "Politbarometer", "mode": "libZdfListPage", "_plot": "Bericht \u00fcber die Stimmung im Land.  Die Umfragen werden von der Mannheimer Forschungsgruppe Wahlen durchgef\u00fchrt. ", "_thumb": "https://www.zdf.de/assets/sendungsteaser-politbarometer-100~384xauto?cb=1477638743707"}, {"_type": "dir", "url": "https://api.zdf.de/search/documents/zdf/gesellschaft/precht?hasVideo=true&q=*&types=page-video&paths=%2Fzdf%2Fgesellschaft%2Fprecht&limit=100&allEditorialTags=true", "_name": "Precht", "mode": "libZdfListPage", "_plot": "Gespr\u00e4chsreihe mit Richard David Precht", "_thumb": "https://www.zdf.de/assets/sendungsteaser-precht-100~384xauto?cb=1477645652800"}, {"_type": "dir", "url": "https://api.zdf.de/search/documents/zdf/serien/professor-t?hasVideo=true&q=*&types=page-video&paths=%2Fzdf%2Fserien%2Fprofessor-t&limit=100&allEditorialTags=true", "_name": "Professor T.", "mode": "libZdfListPage", "_plot": "Matthias Matschke spielt die Titelfigur in der deutschen Adaption der gleichnamigen belgischen Krimiserie: einen gleicherma\u00dfen bewunderten wie gef\u00fcrchteten psychologischen Kriminologen an der Uni K\u00f6ln.", "_thumb": "https://www.zdf.de/assets/prof-t-sendungsteaser-100~384xauto?cb=1485952715391"}, {"_type": "dir", "url": "https://api.zdf.de/search/documents/zdf/show/der-quiz-champion?hasVideo=true&q=*&types=page-video&paths=%2Fzdf%2Fshow%2Fder-quiz-champion&limit=100&allEditorialTags=true", "_name": "Der Quiz-Champion", "mode": "libZdfListPage", "_plot": "Der Quiz-Champion ist das h\u00e4rteste Quiz Deutschlands.", "_thumb": "https://www.zdf.de/assets/der-quiz-champion-sendungsteaser-100~384xauto?cb=1477638721958"}, {"_type": "dir", "url": "https://api.zdf.de/search/documents/zdf/serien/die-rosenheim-cops?hasVideo=true&q=*&types=page-video&paths=%2Fzdf%2Fserien%2Fdie-rosenheim-cops&limit=100&allEditorialTags=true", "_name": "Die Rosenheim-Cops", "mode": "libZdfListPage", "_plot": "Jeden Dienstag ermitteln die Rosenheim-Cops in Mordf\u00e4llen - auf ihre ganz unnachahmliche und kuriose Art.", "_thumb": "https://www.zdf.de/assets/sendungsteaser-die-rosenheim-cops-100~384xauto?cb=1477654157604"}, {"_type": "dir", "url": "https://api.zdf.de/search/documents/zdf/dokumentation/zdf-reportage?hasVideo=true&q=*&types=page-video&paths=%2Fzdf%2Fdokumentation%2Fzdf-reportage&limit=100&allEditorialTags=true", "_name": "ZDF.reportage", "mode": "libZdfListPage", "_plot": "lebensnah, spannend, \r\naktuell, unterhaltsam", "_thumb": "https://www.zdf.de/assets/reportage-ohnezdf-1980x-100~384xauto?cb=1477638835080"}, {"_type": "dir", "url": "https://api.zdf.de/search/documents/zdf/gesellschaft/zdf-royal?hasVideo=true&q=*&types=page-video&paths=%2Fzdf%2Fgesellschaft%2Fzdf-royal&limit=100&allEditorialTags=true", "_name": "ZDF Royal", "mode": "libZdfListPage", "_plot": "Geburtstage, Hochzeiten, Taufen oder Skandale - ZDF Royal berichtet \u00fcber den europ\u00e4ischen Hochadel.", "_thumb": "https://www.zdf.de/assets/sendungsteaser-royal-100~384xauto?cb=1477646725943"}, {"_type": "dir", "url": "https://api.zdf.de/search/documents/zdf/show/santiano?hasVideo=true&q=*&types=page-video&paths=%2Fzdf%2Fshow%2Fsantiano&limit=100&allEditorialTags=true", "_name": "Santiano", "mode": "libZdfListPage", "_plot": "Deutschlands beliebteste Folk-Pop-Band im ZDF", "_thumb": "https://www.zdf.de/assets/sendungsteaser-santiano-100~384xauto?cb=1488544042478"}, {"_type": "dir", "url": "https://api.zdf.de/search/documents/zdf/show/schulz-und-boehmermann-zdfneo?hasVideo=true&q=*&types=page-video&paths=%2Fzdf%2Fshow%2Fschulz-und-boehmermann-zdfneo&limit=100&allEditorialTags=true", "_name": "Schulz und Boehmermann - ZDFneo", "mode": "libZdfListPage", "_plot": "Schulz und Boehmermann - ZDFneo", "_thumb": "https://www.zdf.de/assets/sendungsteaser-sundb-100~384xauto?cb=1477644695685"}, {"_type": "dir", "url": "https://api.zdf.de/search/documents/zdf/wissen/scobel?hasVideo=true&q=*&types=page-video&paths=%2Fzdf%2Fwissen%2Fscobel&limit=100&allEditorialTags=true", "_name": "scobel", "mode": "libZdfListPage", "_plot": "\"scobel\" will vielf\u00e4ltigen Themen ihren Raum, ihr Format geben. Inhaltlich meist interdisziplin\u00e4r und formal aus unterschiedlichen Perspektiven werden Themen abgeklopft und Meinungen hinterfragt.", "_thumb": "https://www.zdf.de/assets/sendungsteaser-scobel-100~384xauto?cb=1476455309115"}, {"_type": "dir", "url": "https://api.zdf.de/search/documents/zdf/serien/sebastian-bergman-spuren-des-todes?hasVideo=true&q=*&types=page-video&paths=%2Fzdf%2Fserien%2Fsebastian-bergman-spuren-des-todes&limit=100&allEditorialTags=true", "_name": "Sebastian Bergman - Spuren des Todes", "mode": "libZdfListPage", "_plot": "Rolf Lassg\u00e5rd spielt den ehemaligen Polizei-Psychologen Sebastian Bergman, einen gebrochenen Mann, der beim Tsunami 2004 Frau und Tochter verloren hat.", "_thumb": "https://www.zdf.de/assets/sendungsteaser-sebastian-bergman-102~384xauto?cb=1490965058512"}, {"_type": "dir", "url": "https://api.zdf.de/search/documents/zdf/comedy/sketch-history?hasVideo=true&q=*&types=page-video&paths=%2Fzdf%2Fcomedy%2Fsketch-history&limit=100&allEditorialTags=true", "_name": "Sketch-History", "mode": "libZdfListPage", "_plot": "Sketch-History", "_thumb": "https://www.zdf.de/assets/sketch-history-sendungsteaser-100~384xauto?cb=1477641362623"}, {"_type": "dir", "url": "https://api.zdf.de/search/documents/zdf/serien/soko-kitzbuehel?hasVideo=true&q=*&types=page-video&paths=%2Fzdf%2Fserien%2Fsoko-kitzbuehel&limit=100&allEditorialTags=true", "_name": "SOKO Kitzb\u00fchel", "mode": "libZdfListPage", "_plot": "Infos rund um die Sendung \"SOKO Kitzb\u00fchel\": die aktuelle Folge im 7-Tage-Abruf, Hintergrund- und Darsteller-Info ...", "_thumb": "https://www.zdf.de/assets/sendungsteaser-soko-kitzbuehel-100~384xauto?cb=1477582682666"}, {"_type": "dir", "url": "https://api.zdf.de/search/documents/zdf/serien/soko-koeln?hasVideo=true&q=*&types=page-video&paths=%2Fzdf%2Fserien%2Fsoko-koeln&limit=100&allEditorialTags=true", "_name": "SOKO K\u00f6ln", "mode": "libZdfListPage", "_plot": "Immer dienstags um 18.00 Uhr geht das K\u00f6lner Team auf Verbrecherjagd.", "_thumb": "https://www.zdf.de/assets/sendungsteaser-soko-koeln-100~384xauto?cb=1477660080105"}, {"_type": "dir", "url": "https://api.zdf.de/search/documents/zdf/serien/soko-leipzig?hasVideo=true&q=*&types=page-video&paths=%2Fzdf%2Fserien%2Fsoko-leipzig&limit=100&allEditorialTags=true", "_name": "SOKO Leipzig", "mode": "libZdfListPage", "_plot": "Immer freitags kl\u00e4rt das Team der  \"SOKO Leipzig\" spannende F\u00e4lle in der s\u00e4chsischen Metropole auf.", "_thumb": "https://www.zdf.de/assets/sendungsteaser-soko-leipzig-100~384xauto?cb=1477582205776"}, {"_type": "dir", "url": "https://api.zdf.de/search/documents/zdf/serien/soko-muenchen?hasVideo=true&q=*&types=page-video&paths=%2Fzdf%2Fserien%2Fsoko-muenchen&limit=100&allEditorialTags=true", "_name": "SOKO M\u00fcnchen", "mode": "libZdfListPage", "_plot": "Montags um 18.00 Uhr emittelt die M\u00fcnchener SOKO in der bayerischen Landeshauptstadt. ", "_thumb": "https://www.zdf.de/assets/sendungstypical-soko-muenchen-100~384xauto?cb=1477581945288"}, {"_type": "dir", "url": "https://api.zdf.de/search/documents/zdf/serien/soko-stuttgart?hasVideo=true&q=*&types=page-video&paths=%2Fzdf%2Fserien%2Fsoko-stuttgart&limit=100&allEditorialTags=true", "_name": "SOKO Stuttgart", "mode": "libZdfListPage", "_plot": "Donnerstags um 18.00 Uhr wird in der schw\u00e4bischen Metropole ermittelt.", "_thumb": "https://www.zdf.de/assets/sendungsteaser-soko-stuttgart-100~384xauto?cb=1477580854951"}, {"_type": "dir", "url": "https://api.zdf.de/search/documents/zdf/serien/soko-wien?hasVideo=true&q=*&types=page-video&paths=%2Fzdf%2Fserien%2Fsoko-wien&limit=100&allEditorialTags=true", "_name": "SOKO Wien", "mode": "libZdfListPage", "_plot": "Freitags um 18.00 Uhr jagt das Wiener Team Verbrecher auf und an der Donau. ", "_thumb": "https://www.zdf.de/assets/sendungsteaser-soko-wien-100~384xauto?cb=1477580556679"}, {"_type": "dir", "url": "https://api.zdf.de/search/documents/zdf/serien/soko-wismar?hasVideo=true&q=*&types=page-video&paths=%2Fzdf%2Fserien%2Fsoko-wismar&limit=100&allEditorialTags=true", "_name": "SOKO Wismar", "mode": "libZdfListPage", "_plot": "Mittwochs um 18.00 Uhr geht es den Kriminellen in Wismar an den Kragen.", "_thumb": "https://www.zdf.de/assets/sendungsteaser-soko-wismar-100~384xauto?cb=1477580236388"}, {"_type": "dir", "url": "https://api.zdf.de/search/documents/zdf/gesellschaft/sonntags?hasVideo=true&q=*&types=page-video&paths=%2Fzdf%2Fgesellschaft%2Fsonntags&limit=100&allEditorialTags=true", "_name": "sonntags", "mode": "libZdfListPage", "_plot": "TV f\u00fcrs Leben zeigt Menschen und ihre Geschichten. Ob Themen zu Familie, Religion oder Kultur \u2013 sonntags will Mut machen, Orientierung geben und anregen.", "_thumb": "https://www.zdf.de/assets/sendungsteaser-sonntags-100~384xauto?cb=1477646506622"}, {"_type": "dir", "url": "https://api.zdf.de/search/documents/zdf/serien/die-spezialisten-im-namen-der-opfer?hasVideo=true&q=*&types=page-video&paths=%2Fzdf%2Fserien%2Fdie-spezialisten-im-namen-der-opfer&limit=100&allEditorialTags=true", "_name": "Die Spezialisten - Im Namen der Opfer", "mode": "libZdfListPage", "_plot": "Ein Spezialteam des LKA Berlin rollt ungel\u00f6ste Kriminalf\u00e4lle aus der Vergangenheit auf.", "_thumb": "https://www.zdf.de/assets/sendungsteaser-die-spezialisten-100~384xauto?cb=1477654473403"}, {"_type": "dir", "url": "https://api.zdf.de/search/documents/zdf/show/das-spiel-beginnt?hasVideo=true&q=*&types=page-video&paths=%2Fzdf%2Fshow%2Fdas-spiel-beginnt&limit=100&allEditorialTags=true", "_name": "Das Spiel beginnt!", "mode": "libZdfListPage", "_plot": "Die gro\u00dfe Show von 3 bis 99  - pr\u00e4sentiert von Johannes B. Kerner", "_thumb": "https://www.zdf.de/assets/sendungsteaser-das-spiel-beginnt-100~384xauto?cb=1477220901224"}, {"_type": "dir", "url": "https://api.zdf.de/search/documents/zdf/nachrichten/zdfspezial?hasVideo=true&q=*&types=page-video&paths=%2Fzdf%2Fnachrichten%2Fzdfspezial&limit=100&allEditorialTags=true", "_name": "ZDF spezial", "mode": "libZdfListPage", "_plot": "ZDF spezial", "_thumb": "https://www.zdf.de/assets/sendungsteaser-zdf-spezial-100~384xauto?cb=1477294993515"}, {"_type": "dir", "url": "https://api.zdf.de/search/documents/zdf/sport/zdf-sportreportage?hasVideo=true&q=*&types=page-video&paths=%2Fzdf%2Fsport%2Fzdf-sportreportage&limit=100&allEditorialTags=true", "_name": "SPORTreportage", "mode": "libZdfListPage", "_plot": "Mit aktuellem Sport, Hintergr\u00fcnden, dem Blick auf den aktuellen Bundesliga-Spieltag und \"Sport aus aller Welt\".", "_thumb": "https://www.zdf.de/assets/sendungsteaser-sport-reportage-100~384xauto?cb=1481276908410"}, {"_type": "dir", "url": "https://api.zdf.de/search/documents/zdf/politik/standpunkte?hasVideo=true&q=*&types=page-video&paths=%2Fzdf%2Fpolitik%2Fstandpunkte&limit=100&allEditorialTags=true", "_name": "Standpunkte - Berichte von Parteitagen", "mode": "libZdfListPage", "_plot": "Den Puls einer Partei kann man nirgendwo besser f\u00fchlen als auf ihrem Parteitag. \"Standpunkte\" zeigt, welcher Kurs gesetzt, welche Karrieren gemacht und welche Konflikte ausgetragen werden. Vorsitzende stellen sich ihrer Basis, Vorstellungen werden kontrovers diskutiert, Ideen in Programme gegossen. Die Berichte vom Parteitag bieten den Blick hinter die Kulissen, die Einordnung der Ereignisse und das Gespr\u00e4ch mit den Verantwortlichen.\r\n", "_thumb": "https://www.zdf.de/assets/sendungsteaser-standpunkte-102~384xauto?cb=1477638488211"}, {"_type": "dir", "url": "https://api.zdf.de/search/documents/zdf/filme/stralsund?hasVideo=true&q=*&types=page-video&paths=%2Fzdf%2Ffilme%2Fstralsund&limit=100&allEditorialTags=true", "_name": "Stralsund", "mode": "libZdfListPage", "_plot": "Die junge und energische Polizeikommissarin Nina Petersen (Katharina Wackernagel) und ihr Team ermitteln in der historischen Hansestadt an der Ostsee. ", "_thumb": "https://www.zdf.de/assets/stralsund-sendungsteaser-100~384xauto?cb=1477644827443"}, {"_type": "dir", "url": "https://api.zdf.de/search/documents/zdf/filme/taunuskrimi?hasVideo=true&q=*&types=page-video&paths=%2Fzdf%2Ffilme%2Ftaunuskrimi&limit=100&allEditorialTags=true", "_name": "Taunuskrimi", "mode": "libZdfListPage", "_plot": "Durch die F\u00e4lle f\u00fchrt ein unkonventionelles Ermittlerduo, bestehend aus Kommissar Oliver von Bodenstein (Tim Bergmann) und seiner Kollegin Pia Kirchhoff (Felicitas Woll) von der Kripo Hofheim. Mit feinem Gesp\u00fcr und Menschenkenntnis n\u00e4hern sie sich Verd\u00e4chtigen, Motiven und nicht selten menschlichen Abgr\u00fcnden an.", "_thumb": "https://www.zdf.de/assets/sendungsteaser-taunuskrimis-100~384xauto?cb=1481288576489"}, {"_type": "dir", "url": "https://api.zdf.de/search/documents/zdf/serien/tempel?hasVideo=true&q=*&types=page-video&paths=%2Fzdf%2Fserien%2Ftempel&limit=100&allEditorialTags=true", "_name": "Tempel", "mode": "libZdfListPage", "_plot": "In der sechsteiligen Dramaserie k\u00e4mpft Mark Tempel f\u00fcr seine Familie und seinen Kiez.", "_thumb": "https://www.zdf.de/assets/tempel-sendungsteaser-100~384xauto?cb=1479377801785"}, {"_type": "dir", "url": "https://api.zdf.de/search/documents/zdf/serien/the-night-manager?hasVideo=true&q=*&types=page-video&paths=%2Fzdf%2Fserien%2Fthe-night-manager&limit=100&allEditorialTags=true", "_name": "The Night Manager", "mode": "libZdfListPage", "_plot": "Jonathan Pine ist Nachtmanager in einem Luxushotel in Kairo. Eines Tages fallen ihm brisante Dokumente in die H\u00e4nde, die sein Leben auf den Kopf stellen.", "_thumb": "https://www.zdf.de/assets/sendungsteaser-the-night-manager-100~384xauto?cb=1482242139937"}, {"_type": "dir", "url": "https://api.zdf.de/search/documents/zdf/dokumentation/terra-x?hasVideo=true&q=*&types=page-video&paths=%2Fzdf%2Fdokumentation%2Fterra-x&limit=100&allEditorialTags=true", "_name": "Terra X", "mode": "libZdfListPage", "_plot": "Verschollene Kulturen, r\u00e4tselhafte Mythen, Spannendes aus Geschichte, Natur, dem Weltraum und Arch\u00e4ologie, Abenteuer von Entdeckern und Pionieren: Terra X, die gro\u00dfe Dokureihe, sonntags um 19.30 Uhr im ZDF und jederzeit in der ZDF-Mediathek.", "_thumb": "https://www.zdf.de/assets/sendungsteaser-terra-x-100~384xauto?cb=1477639109662"}, {"_type": "dir", "url": "https://api.zdf.de/search/documents/zdf/wissen/terra-xpress?hasVideo=true&q=*&types=page-video&paths=%2Fzdf%2Fwissen%2Fterra-xpress&limit=100&allEditorialTags=true", "_name": "Terra Xpress", "mode": "libZdfListPage", "_plot": "Lena Ganschow geht in \"Terra Xpress\" alltagspraktischen Themen, R\u00e4tseln und auch \u00c4rger auf den Grund.", "_thumb": "https://www.zdf.de/assets/sendungsteaser-terra-xpress-100~384xauto?cb=1477639424108"}, {"_type": "dir", "url": "https://api.zdf.de/search/documents/zdf/serien/trapped-gefangen-in-island?hasVideo=true&q=*&types=page-video&paths=%2Fzdf%2Fserien%2Ftrapped-gefangen-in-island&limit=100&allEditorialTags=true", "_name": "Trapped - Gefangen in Island", "mode": "libZdfListPage", "_plot": "Ein verschlafenes Fischerdorf an der K\u00fcste Islands. Die Einwohner und allen voran Polizist Andri werden mit mysteri\u00f6sen Morden konfrontiert, w\u00e4hrend sich ein Schneesturm zusammenbraut.", "_thumb": "https://www.zdf.de/assets/trapped-sendungsteaser-100~384xauto?cb=1484839531571"}, {"_type": "dir", "url": "https://api.zdf.de/search/documents/zdf/filme/das-traumschiff?hasVideo=true&q=*&types=page-video&paths=%2Fzdf%2Ffilme%2Fdas-traumschiff&limit=100&allEditorialTags=true", "_name": "Das Traumschiff", "mode": "libZdfListPage", "_plot": "Seit Jahrzehnten nimmt das Traumschiff die Zuschauer mit auf Reisen in ferne L\u00e4nder und an exotische Pl\u00e4tze... \"Leinen los!\"", "_thumb": "https://www.zdf.de/assets/sendungsteaser-das-traumschiff-100~384xauto?cb=1477579551961"}, {"_type": "dir", "url": "https://api.zdf.de/search/documents/zdf/filme/unter-verdacht?hasVideo=true&q=*&types=page-video&paths=%2Fzdf%2Ffilme%2Funter-verdacht&limit=100&allEditorialTags=true", "_name": "Unter Verdacht", "mode": "libZdfListPage", "_plot": "Die promovierte Kriminalr\u00e4tin Dr. Eva Maria Prohacek (Senta Berger) und ihr Team ermitteln in M\u00fcnchen. ", "_thumb": "https://www.zdf.de/assets/sendungsteaser-unter-verdacht-100~384xauto?cb=1478270651514"}, {"_type": "dir", "url": "https://api.zdf.de/search/documents/zdf/verbraucher/volle-kanne?hasVideo=true&q=*&types=page-video&paths=%2Fzdf%2Fverbraucher%2Fvolle-kanne&limit=100&allEditorialTags=true", "_name": "Volle Kanne", "mode": "libZdfListPage", "_plot": "Prominente G\u00e4ste, Rezepte sowie Wohntipps, Garten- und Gesundheitsinfos", "_thumb": "https://www.zdf.de/assets/volle-kanne-sendungsteaser-100~384xauto?cb=1477645389160"}, {"_type": "dir", "url": "https://api.zdf.de/search/documents/zdf/politik/wahlen?hasVideo=true&q=*&types=page-video&paths=%2Fzdf%2Fpolitik%2Fwahlen&limit=100&allEditorialTags=true", "_name": "Wahlen im ZDF", "mode": "libZdfListPage", "_plot": "Wahlen im ZDF", "_thumb": "https://wahltool.zdf.de/$(WAHL-ID)/teaser/$(layout)-$(id).jpg"}, {"_type": "dir", "url": "https://api.zdf.de/search/documents/zdf/politik/was-nun?hasVideo=true&q=*&types=page-video&paths=%2Fzdf%2Fpolitik%2Fwas-nun&limit=100&allEditorialTags=true", "_name": "Was nun, ...?", "mode": "libZdfListPage", "_plot": "Was nun, ...?", "_thumb": "https://www.zdf.de/assets/sendungsteaser-was-nun-100~384xauto?cb=1480430914416"}, {"_type": "dir", "url": "https://api.zdf.de/search/documents/zdf/show/willkommen-bei-carmen-nebel?hasVideo=true&q=*&types=page-video&paths=%2Fzdf%2Fshow%2Fwillkommen-bei-carmen-nebel&limit=100&allEditorialTags=true", "_name": "Willkommen bei Carmen Nebel", "mode": "libZdfListPage", "_plot": "Carmen Nebel pr\u00e4sentiert im ZDF die gro\u00dfe Show \"Willkommen bei Carmen Nebel\" mit Stars, Musik und \u00dcberraschungen.", "_thumb": "https://www.zdf.de/assets/sendungsteaser-willkommen-bei-carmen-nebell-100~384xauto?cb=1477576792842"}, {"_type": "dir", "url": "https://api.zdf.de/search/documents/zdf/filme/wilsberg?hasVideo=true&q=*&types=page-video&paths=%2Fzdf%2Ffilme%2Fwilsberg&limit=100&allEditorialTags=true", "_name": "Wilsberg", "mode": "libZdfListPage", "_plot": "Der ZDF-Samstagskrimi Wilsberg begeistert seit \u00fcber 20 Jahren seine Fans. ", "_thumb": "https://www.zdf.de/assets/sendungsteaser-wilsberg-100~384xauto?cb=1476976715181"}, {"_type": "dir", "url": "https://api.zdf.de/search/documents/zdf/verbraucher/wiso?hasVideo=true&q=*&types=page-video&paths=%2Fzdf%2Fverbraucher%2Fwiso&limit=100&allEditorialTags=true", "_name": "WISO", "mode": "libZdfListPage", "_plot": "Das Wirtschafts- und Verbrauchermagazin im ZDF", "_thumb": "https://www.zdf.de/assets/wiso-sendungsteaser-100~384xauto?cb=1476872115680"}, {"_type": "dir", "url": "https://api.zdf.de/search/documents/zdf/show/zdf-fernsehgarten?hasVideo=true&q=*&types=page-video&paths=%2Fzdf%2Fshow%2Fzdf-fernsehgarten&limit=100&allEditorialTags=true", "_name": "ZDF-Fernsehgarten", "mode": "libZdfListPage", "_plot": "Der \"ZDF-Fernsehgarten\" startet in die Sommersaison 2017. Andrea Kiewel pr\u00e4sentiert eine Mischung aus Show, Musik, Artistik, Service und Attraktionen.", "_thumb": "https://www.zdf.de/assets/sendungsteaser-fernsehgarten-pur-100~384xauto?cb=1493811362580"}, {"_type": "dir", "url": "https://api.zdf.de/search/documents/zdf/dokumentation/zdf-history?hasVideo=true&q=*&types=page-video&paths=%2Fzdf%2Fdokumentation%2Fzdf-history&limit=100&allEditorialTags=true", "_name": "ZDF History", "mode": "libZdfListPage", "_plot": "Zeitgeschichte hautnah erleben: von Politik und Kutur bis hin zur Gesellschaftsgeschichte", "_thumb": "https://www.zdf.de/assets/sendungsteaser-history-100~384xauto?cb=1477639041334"}, {"_type": "dir", "url": "https://api.zdf.de/search/documents/zdf/show/die-zdf-kultnacht?hasVideo=true&q=*&types=page-video&paths=%2Fzdf%2Fshow%2Fdie-zdf-kultnacht&limit=100&allEditorialTags=true", "_name": "Die ZDF-Kultnacht", "mode": "libZdfListPage", "_plot": "Die ZDF-Kultnacht", "_thumb": "https://www.zdf.de/assets/zdf-kultnacht-sendungsteaser-100~384xauto?cb=1479722405155"}, {"_type": "dir", "url": "https://api.zdf.de/search/documents/zdf/nachrichten/zdf-mittagsmagazin?hasVideo=true&q=*&types=page-video&paths=%2Fzdf%2Fnachrichten%2Fzdf-mittagsmagazin&limit=100&allEditorialTags=true", "_name": "ZDF-Mittagsmagazin", "mode": "libZdfListPage", "_plot": "Politik und Verbraucherthemen", "_thumb": "https://www.zdf.de/assets/sendungsteaser-mima-100~384xauto?cb=1480584543094"}, {"_type": "dir", "url": "https://api.zdf.de/search/documents/zdf/nachrichten/zdf-morgenmagazin?hasVideo=true&q=*&types=page-video&paths=%2Fzdf%2Fnachrichten%2Fzdf-morgenmagazin&limit=100&allEditorialTags=true", "_name": "ZDF-Morgenmagazin", "mode": "libZdfListPage", "_plot": "Nachrichten, Politik und Buntes zu fr\u00fcher Stunde ", "_thumb": "https://www.zdf.de/assets/sendungsteaser-moma-100~384xauto?cb=1477584043114"}, {"_type": "dir", "url": "https://api.zdf.de/search/documents/zdf/dokumentation/zdf-reportage?hasVideo=true&q=*&types=page-video&paths=%2Fzdf%2Fdokumentation%2Fzdf-reportage&limit=100&allEditorialTags=true", "_name": "ZDF.reportage", "mode": "libZdfListPage", "_plot": "lebensnah, spannend, \r\naktuell, unterhaltsam", "_thumb": "https://www.zdf.de/assets/reportage-ohnezdf-1980x-100~384xauto?cb=1477638835080"}, {"_type": "dir", "url": "https://api.zdf.de/search/documents/zdf/sport/zdf-sportreportage?hasVideo=true&q=*&types=page-video&paths=%2Fzdf%2Fsport%2Fzdf-sportreportage&limit=100&allEditorialTags=true", "_name": "SPORTreportage", "mode": "libZdfListPage", "_plot": "Mit aktuellem Sport, Hintergr\u00fcnden, dem Blick auf den aktuellen Bundesliga-Spieltag und \"Sport aus aller Welt\".", "_thumb": "https://www.zdf.de/assets/sendungsteaser-sport-reportage-100~384xauto?cb=1481276908410"}, {"_type": "dir", "url": "https://api.zdf.de/search/documents/zdf/gesellschaft/zdf-royal?hasVideo=true&q=*&types=page-video&paths=%2Fzdf%2Fgesellschaft%2Fzdf-royal&limit=100&allEditorialTags=true", "_name": "ZDF Royal", "mode": "libZdfListPage", "_plot": "Geburtstage, Hochzeiten, Taufen oder Skandale - ZDF Royal berichtet \u00fcber den europ\u00e4ischen Hochadel.", "_thumb": "https://www.zdf.de/assets/sendungsteaser-royal-100~384xauto?cb=1477646725943"}, {"_type": "dir", "url": "https://api.zdf.de/search/documents/zdf/nachrichten/zdfspezial?hasVideo=true&q=*&types=page-video&paths=%2Fzdf%2Fnachrichten%2Fzdfspezial&limit=100&allEditorialTags=true", "_name": "ZDF spezial", "mode": "libZdfListPage", "_plot": "ZDF spezial", "_thumb": "https://www.zdf.de/assets/sendungsteaser-zdf-spezial-100~384xauto?cb=1477294993515"}, {"_type": "dir", "url": "https://api.zdf.de/search/documents/zdf/dokumentation/zdfzeit?hasVideo=true&q=*&types=page-video&paths=%2Fzdf%2Fdokumentation%2Fzdfzeit&limit=100&allEditorialTags=true", "_name": "ZDFzeit", "mode": "libZdfListPage", "_plot": "Die neusten Dokus von ZDFzeit", "_thumb": "https://www.zdf.de/assets/sendungsteaser-zdf-zeit-100~384xauto?cb=1477638801105"}, {"_type": "dir", "url": "https://api.zdf.de/search/documents/zdf/dokumentation/zdfzoom?hasVideo=true&q=*&types=page-video&paths=%2Fzdf%2Fdokumentation%2Fzdfzoom&limit=100&allEditorialTags=true", "_name": "ZDFzoom", "mode": "libZdfListPage", "_plot": "ZDFzoom - investigativ, spannend, hintergr\u00fcndig", "_thumb": "https://www.zdf.de/assets/sendungsteaser-zdfzoom-100~384xauto?cb=1477638773802"}, {"_type": "dir", "url": "https://api.zdf.de/search/documents/zdf/dokumentation/37-grad?hasVideo=true&q=*&types=page-video&paths=%2Fzdf%2Fdokumentation%2F37-grad&limit=100&allEditorialTags=true", "_name": "37 Grad", "mode": "libZdfListPage", "_plot": "37 Grad erz\u00e4hlt Geschichten einzelner Menschen, die in gewisser Weise von uns allen erz\u00e4hlen: eine Auseinandersetzung mit aktuellen, existenziellen Fragen.  ", "_thumb": "https://www.zdf.de/assets/37-grad-sendungsteaser-100~384xauto?cb=1477578947362"}, {"_type": "dir", "url": "https://api.zdf.de/search/documents/zdf/show/4-geben-alles?hasVideo=true&q=*&types=page-video&paths=%2Fzdf%2Fshow%2F4-geben-alles&limit=100&allEditorialTags=true", "_name": "4 geben alles!", "mode": "libZdfListPage", "_plot": "Hier geht es f\u00fcr Familien ums Ganze: Im Rahmen der neuen Spielshow \"4 geben alles!\" d\u00fcrfen sie sich mit anderen Familien messen und k\u00f6nnen am Ende 100.000 Euro gewinnen. Die Show mit Steven G\u00e4tjen ist erstmals im ZDF, ORF und SRF zu sehen.", "_thumb": "https://www.zdf.de/assets/vier-geben-alles-sendungsteaser-100~384xauto?cb=1477644733134"}], "cachetime": "TODO cachetime", "scriptname": "libZdf", "scriptpath": "script.module.libzdf", "ttl": "TODO ttl", "channel": "ZDF"}