{"list": [{"_entries": 4, "_type": "shows", "url": "http://www.ardmediathek.de/appdata/servlet/tv/Sendung?documentId=17399976&json", "_name": "30 Favoriten", "mode": "libArdListVideos", "_channel": "rbb Fernsehen", "_thumb": "http://www.ardmediathek.de/appdata/servlet/image/00/29/95/04/78/-450212603/16x9/1920"}, {"_entries": 81, "_type": "shows", "url": "http://www.ardmediathek.de/appdata/servlet/tv/Sendung?documentId=967542&json", "_name": "3nach9", "mode": "libArdListVideos", "_channel": "Radio Bremen TV", "_thumb": "http://www.ardmediathek.de/appdata/servlet/image/00/21/68/87/08/2121327408/16x9/1920"}, {"_entries": 267, "_type": "shows", "url": "http://www.ardmediathek.de/appdata/servlet/tv/Sendung?documentId=3822076&json", "_name": "Abendschau", "mode": "libArdListVideos", "_channel": "rbb Fernsehen", "_thumb": "http://www.ardmediathek.de/appdata/servlet/image/00/29/95/06/24/-695547360/16x9/1920"}, {"_entries": 1, "_type": "shows", "url": "http://www.ardmediathek.de/appdata/servlet/tv/Sendung?documentId=41967306&json", "_name": "Abenteuer...", "mode": "libArdListVideos", "_channel": "rbb Fernsehen", "_thumb": "http://www.ardmediathek.de/appdata/servlet/image/00/41/96/73/10/1272460141/16x9/1920"}, {"_entries": 9, "_type": "shows", "url": "http://www.ardmediathek.de/appdata/servlet/tv/Sendung?documentId=23414126&json", "_name": "Auf Leben und Tod", "mode": "libArdListVideos", "_channel": "rbb Fernsehen", "_thumb": "http://www.ardmediathek.de/appdata/servlet/image/00/29/95/12/98/-450212603/16x9/1920"}, {"_entries": 4, "_type": "shows", "url": "http://www.ardmediathek.de/appdata/servlet/tv/Sendung?documentId=27670304&json", "_name": "Auf wendischen Spuren", "mode": "libArdListVideos", "_channel": "rbb Fernsehen", "_thumb": "http://www.ardmediathek.de/appdata/servlet/image/00/29/95/14/18/-1774185891/16x9/1920"}, {"_entries": 8, "_type": "shows", "url": "http://www.ardmediathek.de/appdata/servlet/tv/Sendung?documentId=9602930&json", "_name": "Bauer sucht Kultur", "mode": "libArdListVideos", "_channel": "rbb Fernsehen", "_thumb": "http://www.ardmediathek.de/appdata/servlet/image/00/29/95/06/32/-450212603/16x9/1920"}, {"_entries": 53, "_type": "shows", "url": "http://www.ardmediathek.de/appdata/servlet/tv/Sendung?documentId=6392536&json", "_name": "Berlinale-Studio", "mode": "libArdListVideos", "_channel": "rbb Fernsehen", "_thumb": "http://www.ardmediathek.de/appdata/servlet/image/00/29/95/09/04/-695547360/16x9/1920"}, {"_entries": 446, "_type": "shows", "url": "http://www.ardmediathek.de/appdata/servlet/tv/Sendung?documentId=3822126&json", "_name": "Brandenburg aktuell", "mode": "libArdListVideos", "_channel": "rbb Fernsehen", "_thumb": "http://www.ardmediathek.de/appdata/servlet/image/00/29/95/06/40/-450212603/16x9/1920"}, {"_entries": 3, "_type": "shows", "url": "http://www.ardmediathek.de/appdata/servlet/tv/Sendung?documentId=11685336&json", "_name": "B\u00fccher und Moor", "mode": "libArdListVideos", "_channel": "rbb Fernsehen", "_thumb": "http://www.ardmediathek.de/appdata/servlet/image/00/29/95/08/56/-450212603/16x9/1920"}, {"_entries": 3237, "_type": "shows", "url": "http://www.ardmediathek.de/appdata/servlet/tv/Sendung?documentId=967552&json", "_name": "buten un binnen Regionalmagazin", "mode": "libArdListVideos", "_channel": "Radio Bremen TV", "_thumb": "http://www.ardmediathek.de/appdata/servlet/image/00/21/68/87/10/2121327408/16x9/1920"}, {"_entries": 603, "_type": "shows", "url": "http://www.ardmediathek.de/appdata/servlet/tv/Sendung?documentId=6494936&json", "_name": "buten un binnen Sportblitz", "mode": "libArdListVideos", "_channel": "Radio Bremen TV", "_thumb": "http://www.ardmediathek.de/appdata/servlet/image/00/21/68/87/12/2121327408/16x9/1920"}, {"_entries": 6, "_type": "shows", "url": "http://www.ardmediathek.de/appdata/servlet/tv/Sendung?documentId=6690994&json", "_name": "buten un binnen um 6", "mode": "libArdListVideos", "_channel": "Radio Bremen TV", "_thumb": "http://www.ardmediathek.de/appdata/servlet/image/00/21/68/87/14/2121327408/16x9/1920"}, {"_entries": 305, "_type": "shows", "url": "http://www.ardmediathek.de/appdata/servlet/tv/Sendung?documentId=16978272&json", "_name": "buten un binnen Wetter", "mode": "libArdListVideos", "_channel": "Radio Bremen TV", "_thumb": "http://www.ardmediathek.de/appdata/servlet/image/00/21/68/87/16/2121327408/16x9/1920"}, {"_entries": 41, "_type": "shows", "url": "http://www.ardmediathek.de/appdata/servlet/tv/Sendung?documentId=36524254&json", "_name": "Comedy @ ONE", "mode": "libArdListVideos", "_channel": "ONE", "_thumb": "http://www.ardmediathek.de/appdata/servlet/image/00/36/52/42/60/-1210210794/16x9/1920"}, {"_entries": 2, "_type": "shows", "url": "http://www.ardmediathek.de/appdata/servlet/tv/Sendung?documentId=12439650&json", "_name": "DASDING.tv", "mode": "libArdListVideos", "_channel": "EinsPlus", "_thumb": "http://www.ardmediathek.de/appdata/servlet/image/00/18/99/16/44/-1774185891/16x9/1920"}, {"_entries": 48, "_type": "shows", "url": "http://www.ardmediathek.de/appdata/servlet/tv/Sendung?documentId=16269336&json", "_name": "Die rbb Reporter", "mode": "libArdListVideos", "_channel": "rbb Fernsehen", "_thumb": "http://www.ardmediathek.de/appdata/servlet/image/00/29/95/04/62/-450212603/16x9/1920"}, {"_entries": 189, "_type": "shows", "url": "http://www.ardmediathek.de/appdata/servlet/tv/Sendung?documentId=23022010&json", "_name": "Die Videoblogs der ARD-Korrespondenten", "mode": "libArdListVideos", "_channel": "tagesschau24", "_thumb": "http://www.ardmediathek.de/appdata/servlet/image/00/23/16/52/94/681969036/16x9/1920"}, {"_entries": 158, "_type": "shows", "url": "http://www.ardmediathek.de/appdata/servlet/tv/Sendung?documentId=13980890&json", "_name": "Doku @ ONE", "mode": "libArdListVideos", "_channel": "ONE", "_thumb": "http://www.ardmediathek.de/appdata/servlet/image/00/23/93/86/22/639952943/16x9/1920"}, {"_entries": 60, "_type": "shows", "url": "http://www.ardmediathek.de/appdata/servlet/tv/Sendung?documentId=3822114&json", "_name": "Dokumentation und Reportage", "mode": "libArdListVideos", "_channel": "rbb Fernsehen", "_thumb": "http://www.ardmediathek.de/appdata/servlet/image/00/29/95/06/48/-450212603/16x9/1920"}, {"_entries": 5, "_type": "shows", "url": "http://www.ardmediathek.de/appdata/servlet/tv/Sendung?documentId=35281268&json", "_name": "Ein Sommer an der Spree", "mode": "libArdListVideos", "_channel": "rbb Fernsehen", "_thumb": "http://www.ardmediathek.de/appdata/servlet/image/00/35/28/12/78/-450212603/16x9/1920"}, {"_entries": 12, "_type": "shows", "url": "http://www.ardmediathek.de/appdata/servlet/tv/Sendung?documentId=22222970&json", "_name": "Ein Sommer in Brandenburg", "mode": "libArdListVideos", "_channel": "rbb Fernsehen", "_thumb": "http://www.ardmediathek.de/appdata/servlet/image/00/29/95/12/44/-450212603/16x9/1920"}, {"_entries": 97, "_type": "shows", "url": "http://www.ardmediathek.de/appdata/servlet/tv/Sendung?documentId=27258646&json", "_name": "Film &amp; Serie @ ONE", "mode": "libArdListVideos", "_channel": "ONE", "_thumb": "http://www.ardmediathek.de/appdata/servlet/image/00/27/25/86/54/1589987307/16x9/1920"}, {"_entries": 80, "_type": "shows", "url": "http://www.ardmediathek.de/appdata/servlet/tv/Sendung?documentId=10009780&json", "_name": "Film im rbb", "mode": "libArdListVideos", "_channel": "rbb Fernsehen", "_thumb": "http://www.ardmediathek.de/appdata/servlet/image/00/29/95/04/92/-450212603/16x9/1920"}, {"_entries": 21, "_type": "shows", "url": "http://www.ardmediathek.de/appdata/servlet/tv/Sendung?documentId=19248874&json", "_name": "Freisprecher", "mode": "libArdListVideos", "_channel": "EinsPlus", "_thumb": "http://www.ardmediathek.de/appdata/servlet/image/00/19/91/00/34/-1774185891/16x9/1920"}, {"_entries": 1, "_type": "shows", "url": "http://www.ardmediathek.de/appdata/servlet/tv/Sendung?documentId=9603072&json", "_name": "Geheimnisvolle Orte", "mode": "libArdListVideos", "_channel": "rbb Fernsehen", "_thumb": "http://www.ardmediathek.de/appdata/servlet/image/00/29/95/06/56/-450212603/16x9/1920"}, {"_entries": 4, "_type": "shows", "url": "http://www.ardmediathek.de/appdata/servlet/tv/Sendung?documentId=39652666&json", "_name": "Gutes Wedding, schlechtes Wedding", "mode": "libArdListVideos", "_channel": "rbb Fernsehen", "_thumb": "http://www.ardmediathek.de/appdata/servlet/image/00/39/65/26/70/-450212603/16x9/1920"}, {"_entries": 55, "_type": "shows", "url": "http://www.ardmediathek.de/appdata/servlet/tv/Sendung?documentId=3913636&json", "_name": "HEIMATJOURNAL", "mode": "libArdListVideos", "_channel": "rbb Fernsehen", "_thumb": "http://www.ardmediathek.de/appdata/servlet/image/00/39/01/55/20/2121327408/16x9/1920"}, {"_entries": 164, "_type": "shows", "url": "http://www.ardmediathek.de/appdata/servlet/tv/Sendung?documentId=9951424&json", "_name": "Heute im Parlament", "mode": "libArdListVideos", "_channel": "rbb Fernsehen", "_thumb": "http://www.ardmediathek.de/appdata/servlet/image/00/29/95/06/72/-450212603/16x9/1920"}, {"_entries": 103, "_type": "shows", "url": "http://www.ardmediathek.de/appdata/servlet/tv/Sendung?documentId=3907830&json", "_name": "Himmel und Erde", "mode": "libArdListVideos", "_channel": "rbb Fernsehen", "_thumb": "http://www.ardmediathek.de/appdata/servlet/image/00/29/95/06/80/1854872488/16x9/1920"}, {"_entries": 14, "_type": "shows", "url": "http://www.ardmediathek.de/appdata/servlet/tv/Sendung?documentId=7382518&json", "_name": "Kesslers Expedition", "mode": "libArdListVideos", "_channel": "rbb Fernsehen", "_thumb": "http://www.ardmediathek.de/appdata/servlet/image/00/29/95/07/02/-450212603/16x9/1920"}, {"_entries": 56, "_type": "shows", "url": "http://www.ardmediathek.de/appdata/servlet/tv/Sendung?documentId=3913652&json", "_name": "KLARTEXT", "mode": "libArdListVideos", "_channel": "rbb Fernsehen", "_thumb": "http://www.ardmediathek.de/appdata/servlet/image/00/29/95/07/10/-283773716/16x9/1920"}, {"_entries": 4, "_type": "shows", "url": "http://www.ardmediathek.de/appdata/servlet/tv/Sendung?documentId=16335704&json", "_name": "K\u00f6che und Moor", "mode": "libArdListVideos", "_channel": "rbb Fernsehen", "_thumb": "http://www.ardmediathek.de/appdata/servlet/image/00/29/95/04/54/-450212603/16x9/1920"}, {"_entries": 103, "_type": "shows", "url": "http://www.ardmediathek.de/appdata/servlet/tv/Sendung?documentId=16361776&json", "_name": "Kowalski &amp; Schmidt", "mode": "libArdListVideos", "_channel": "rbb Fernsehen", "_thumb": "http://www.ardmediathek.de/appdata/servlet/image/00/29/95/07/26/-450212603/16x9/1920"}, {"_entries": 76, "_type": "shows", "url": "http://www.ardmediathek.de/appdata/servlet/tv/Sendung?documentId=16272574&json", "_name": "kurz vor 5", "mode": "libArdListVideos", "_channel": "rbb Fernsehen", "_thumb": "http://www.ardmediathek.de/appdata/servlet/image/00/29/95/04/32/-853977496/16x9/1920"}, {"_entries": 16, "_type": "shows", "url": "http://www.ardmediathek.de/appdata/servlet/tv/Sendung?documentId=36304226&json", "_name": "Lindenstra\u00dfe", "mode": "libArdListVideos", "_channel": "ONE", "_thumb": "http://www.ardmediathek.de/appdata/servlet/image/00/36/30/42/32/-1210210794/16x9/1920"}, {"_entries": 64, "_type": "shows", "url": "http://www.ardmediathek.de/appdata/servlet/tv/Sendung?documentId=3914776&json", "_name": "Luzyca", "mode": "libArdListVideos", "_channel": "rbb Fernsehen", "_thumb": "http://www.ardmediathek.de/appdata/servlet/image/00/29/95/07/34/-695547360/16x9/1920"}, {"_entries": 3, "_type": "shows", "url": "http://www.ardmediathek.de/appdata/servlet/tv/Sendung?documentId=24922776&json", "_name": "M\u00e4rchen im rbb", "mode": "libArdListVideos", "_channel": "rbb Fernsehen", "_thumb": "http://www.ardmediathek.de/appdata/servlet/image/00/29/95/14/10/-450212603/16x9/1920"}, {"_entries": 17, "_type": "shows", "url": "http://www.ardmediathek.de/appdata/servlet/tv/Sendung?documentId=36304238&json", "_name": "Musik @ ONE", "mode": "libArdListVideos", "_channel": "ONE", "_thumb": "http://www.ardmediathek.de/appdata/servlet/image/00/36/30/42/44/1774900429/16x9/1920"}, {"_entries": 1, "_type": "shows", "url": "http://www.ardmediathek.de/appdata/servlet/tv/Sendung?documentId=15304566&json", "_name": "My Hometown", "mode": "libArdListVideos", "_channel": "EinsPlus", "_thumb": "http://www.ardmediathek.de/appdata/servlet/image/00/18/99/18/24/-1774185891/16x9/1920"}, {"_entries": 27, "_type": "shows", "url": "http://www.ardmediathek.de/appdata/servlet/tv/Sendung?documentId=21076392&json", "_name": "NightWash", "mode": "libArdListVideos", "_channel": "ONE", "_thumb": "http://www.ardmediathek.de/appdata/servlet/image/00/13/95/21/36/1908118055/16x9/1920"}, {"_entries": 24, "_type": "shows", "url": "http://www.ardmediathek.de/appdata/servlet/tv/Sendung?documentId=3540670&json", "_name": "ONE", "mode": "libArdListVideos", "_channel": "ONE", "_thumb": "http://www.ardmediathek.de/appdata/servlet/image/00/37/91/25/20/2121327408/16x9/1920"}, {"_entries": 1, "_type": "shows", "url": "http://www.ardmediathek.de/appdata/servlet/tv/Sendung?documentId=3914784&json", "_name": "OZON unterwegs", "mode": "libArdListVideos", "_channel": "rbb Fernsehen", "_thumb": "http://www.ardmediathek.de/appdata/servlet/image/00/29/95/07/50/-450212603/16x9/1920"}, {"_entries": 130, "_type": "shows", "url": "http://www.ardmediathek.de/appdata/servlet/tv/Sendung?documentId=10027190&json", "_name": "Panda, Gorilla &amp; Co.", "mode": "libArdListVideos", "_channel": "rbb Fernsehen", "_thumb": "http://www.ardmediathek.de/appdata/servlet/image/00/29/95/09/26/-450212603/16x9/1920"}, {"_entries": 110, "_type": "shows", "url": "http://www.ardmediathek.de/appdata/servlet/tv/Sendung?documentId=3907840&json", "_name": "rbb AKTUELL", "mode": "libArdListVideos", "_channel": "rbb Fernsehen", "_thumb": "http://www.ardmediathek.de/appdata/servlet/image/00/29/95/07/74/-695547360/16x9/1920"}, {"_entries": 64, "_type": "shows", "url": "http://www.ardmediathek.de/appdata/servlet/tv/Sendung?documentId=8256334&json", "_name": "rbb Fernsehen - weitere Sendungen", "mode": "libArdListVideos", "_channel": "rbb Fernsehen", "_thumb": "http://www.ardmediathek.de/appdata/servlet/image/00/29/95/07/82/-695547360/16x9/1920"}, {"_entries": 130, "_type": "shows", "url": "http://www.ardmediathek.de/appdata/servlet/tv/Sendung?documentId=3913628&json", "_name": "rbb Gartenzeit", "mode": "libArdListVideos", "_channel": "rbb Fernsehen", "_thumb": "http://www.ardmediathek.de/appdata/servlet/image/00/29/95/07/94/-450212603/16x9/1920"}, {"_entries": 151, "_type": "shows", "url": "http://www.ardmediathek.de/appdata/servlet/tv/Sendung?documentId=6331656&json", "_name": "rbb PRAXIS", "mode": "libArdListVideos", "_channel": "rbb Fernsehen", "_thumb": "http://www.ardmediathek.de/appdata/servlet/image/00/29/95/08/02/-450212603/16x9/1920"}, {"_entries": 3, "_type": "shows", "url": "http://www.ardmediathek.de/appdata/servlet/tv/Sendung?documentId=4112492&json", "_name": "rbb SPEZIAL", "mode": "libArdListVideos", "_channel": "rbb Fernsehen", "_thumb": "http://www.ardmediathek.de/appdata/servlet/image/00/29/95/08/10/-695547360/16x9/1920"}, {"_entries": 6, "_type": "shows", "url": "http://www.ardmediathek.de/appdata/servlet/tv/Sendung?documentId=9597422&json", "_name": "rbb SPORTPLATZ", "mode": "libArdListVideos", "_channel": "rbb Fernsehen", "_thumb": "http://www.ardmediathek.de/appdata/servlet/image/00/29/95/08/26/-450212603/16x9/1920"}, {"_entries": 17, "_type": "shows", "url": "http://www.ardmediathek.de/appdata/servlet/tv/Sendung?documentId=9597140&json", "_name": "rbb UM6", "mode": "libArdListVideos", "_channel": "rbb Fernsehen", "_thumb": "http://www.ardmediathek.de/appdata/servlet/image/00/18/96/71/68/1742486439/16x9/1920"}, {"_entries": 11, "_type": "shows", "url": "http://www.ardmediathek.de/appdata/servlet/tv/Sendung?documentId=37500804&json", "_name": "rbb wissen", "mode": "libArdListVideos", "_channel": "rbb Fernsehen", "_thumb": "http://www.ardmediathek.de/appdata/servlet/image/00/37/50/08/14/-450212603/16x9/1920"}, {"_entries": 2, "_type": "shows", "url": "http://www.ardmediathek.de/appdata/servlet/tv/Sendung?documentId=6503982&json", "_name": "Sandmann", "mode": "libArdListVideos", "_channel": "rbb Fernsehen", "_thumb": "http://www.ardmediathek.de/appdata/servlet/image/00/29/95/08/72/-450212603/16x9/1920"}, {"_entries": 25, "_type": "shows", "url": "http://www.ardmediathek.de/appdata/servlet/tv/Sendung?documentId=36304250&json", "_name": "Shuffle", "mode": "libArdListVideos", "_channel": "ONE", "_thumb": "http://www.ardmediathek.de/appdata/servlet/image/00/36/30/42/54/1265177509/16x9/1920"}, {"_entries": 4, "_type": "shows", "url": "http://www.ardmediathek.de/appdata/servlet/tv/Sendung?documentId=21318358&json", "_name": "Stadt, Rad, Hund", "mode": "libArdListVideos", "_channel": "rbb Fernsehen", "_thumb": "http://www.ardmediathek.de/appdata/servlet/image/00/29/95/06/08/-450212603/16x9/1920"}, {"_entries": 231, "_type": "shows", "url": "http://www.ardmediathek.de/appdata/servlet/tv/Sendung?documentId=3914800&json", "_name": "Stilbruch", "mode": "libArdListVideos", "_channel": "rbb Fernsehen", "_thumb": "http://www.ardmediathek.de/appdata/servlet/image/00/41/16/51/96/-450212603/16x9/1920"}, {"_entries": 2, "_type": "shows", "url": "http://www.ardmediathek.de/appdata/servlet/tv/Sendung?documentId=42596636&json", "_name": "SUPER.MARKT", "mode": "libArdListVideos", "_channel": "rbb Fernsehen", "_thumb": "http://www.ardmediathek.de/appdata/servlet/image/00/42/59/66/40/497678000/16x9/1920"}, {"_entries": 143, "_type": "shows", "url": "http://www.ardmediathek.de/appdata/servlet/tv/Sendung?documentId=6753968&json", "_name": "tagesschau24", "mode": "libArdListVideos", "_channel": "tagesschau24", "_thumb": "http://www.ardmediathek.de/appdata/servlet/image/00/10/35/65/20/-1774185891/16x9/1920"}, {"_entries": 136, "_type": "shows", "url": "http://www.ardmediathek.de/appdata/servlet/tv/Sendung?documentId=5250638&json", "_name": "T\u00e4ter - Opfer - Polizei", "mode": "libArdListVideos", "_channel": "rbb Fernsehen", "_thumb": "http://www.ardmediathek.de/appdata/servlet/image/00/36/64/35/88/-450212603/16x9/1920"}, {"_entries": 36, "_type": "shows", "url": "http://www.ardmediathek.de/appdata/servlet/tv/Sendung?documentId=3822098&json", "_name": "THADEUSZ", "mode": "libArdListVideos", "_channel": "rbb Fernsehen", "_thumb": "http://www.ardmediathek.de/appdata/servlet/image/00/37/04/88/58/-450212603/16x9/1920"}, {"_entries": 15, "_type": "shows", "url": "http://www.ardmediathek.de/appdata/servlet/tv/Sendung?documentId=14046988&json", "_name": "THADEUSZ und die Beobachter", "mode": "libArdListVideos", "_channel": "rbb Fernsehen", "_thumb": "http://www.ardmediathek.de/appdata/servlet/image/00/32/10/08/84/-1774185891/16x9/1920"}, {"_entries": 112, "_type": "shows", "url": "http://www.ardmediathek.de/appdata/servlet/tv/Sendung?documentId=3914808&json", "_name": "Theodor", "mode": "libArdListVideos", "_channel": "rbb Fernsehen", "_thumb": "http://www.ardmediathek.de/appdata/servlet/image/00/29/95/08/64/-450212603/16x9/1920"}, {"_entries": 6, "_type": "shows", "url": "http://www.ardmediathek.de/appdata/servlet/tv/Sendung?documentId=10432182&json", "_name": "tier zuliebe", "mode": "libArdListVideos", "_channel": "rbb Fernsehen", "_thumb": "http://www.ardmediathek.de/appdata/servlet/image/00/29/95/04/40/-695547360/16x9/1920"}, {"_entries": 1, "_type": "shows", "url": "http://www.ardmediathek.de/appdata/servlet/tv/Sendung?documentId=15254962&json", "_name": "UMZUG!", "mode": "libArdListVideos", "_channel": "ONE", "_thumb": "http://www.ardmediathek.de/appdata/servlet/image/00/23/93/86/54/-2037053285/16x9/1920"}, {"_entries": 8, "_type": "shows", "url": "http://www.ardmediathek.de/appdata/servlet/tv/Sendung?documentId=13158776&json", "_name": "Volle Packung Umzug", "mode": "libArdListVideos", "_channel": "rbb Fernsehen", "_thumb": "http://www.ardmediathek.de/appdata/servlet/image/00/13/15/87/82/896849984/16x9/1920"}, {"_entries": 12, "_type": "shows", "url": "http://www.ardmediathek.de/appdata/servlet/tv/Sendung?documentId=9273664&json", "_name": "Warschauer Notizen", "mode": "libArdListVideos", "_channel": "rbb Fernsehen", "_thumb": "http://www.ardmediathek.de/appdata/servlet/image/00/29/95/08/80/-450212603/16x9/1920"}, {"_entries": 65, "_type": "shows", "url": "http://www.ardmediathek.de/appdata/servlet/tv/Sendung?documentId=3914816&json", "_name": "was!", "mode": "libArdListVideos", "_channel": "rbb Fernsehen", "_thumb": "http://www.ardmediathek.de/appdata/servlet/image/00/29/95/08/88/-450212603/16x9/1920"}, {"_entries": 722, "_type": "shows", "url": "http://www.ardmediathek.de/appdata/servlet/tv/Sendung?documentId=3822084&json", "_name": "zibb", "mode": "libArdListVideos", "_channel": "rbb Fernsehen", "_thumb": "http://www.ardmediathek.de/appdata/servlet/image/00/29/95/08/96/-695547360/16x9/1920"}], "cachetime": "TODO cachetime", "scriptname": "libArd", "scriptpath": "script.module.libard", "ttl": "TODO ttl", "channel": "ARD"}