<?xml version="1.0" encoding="UTF-8" standalone="yes"?>
<addon id="script.module.libArd" 
	     name="libArd" 
	     version="0.1.4" 
	     provider-name="membrane">
  <requires>
    <import addon="xbmc.python" version="2.1.0" />
  </requires>
    <extension point="xbmc.python.pluginsource" library="default.py">
        <provides>executable</provides>
    </extension>
  <extension point="xbmc.python.module" library="lib" />
  <extension point="xbmc.addon.metadata">
    <platform>all</platform>
    <summary lang="en">libArd</summary>
    <description lang="en">libArd</description>
  </extension>
</addon>
