<?xml version="1.0" encoding="UTF-8"?>
<addon id="plugin.video.unithek" name="Unithek" version="0.2.0" provider-name="membrane">
    <requires>
        <import addon="xbmc.python" version="2.1.0"/>
		<import addon="script.module.libArd" version="0.1.0"/>
		<import addon="script.module.libArte" version="0.0.1"/>
		<import addon="script.module.libZdf" version="0.2.0"/>
    </requires>
    <extension point="xbmc.python.pluginsource" library="default.py">
        <provides>video</provides>
    </extension>
    <extension point="xbmc.addon.metadata">
        <platform>all</platform>
        <summary lang="en">Unithek</summary>
        <description lang="en">Unithek</description>
    </extension>
</addon>
