<?xml version="1.0" encoding="UTF-8" standalone="yes"?>
<addon id="script.module.libzdf" name="libzdf" version="2.1.23" provider-name="68000a">
  <requires>
    <import addon="xbmc.python" version="2.25.0"/>
    <import addon="script.module.libmediathek3" version="1.5.29" provider-name="68000a"/>
  </requires>
  <extension point="xbmc.python.module" library="lib" />
  <extension point="xbmc.addon.metadata">
    <platform>all</platform>
    <license>GNU GENERAL PUBLIC LICENSE. Version 2, June 1991</license>
    <source>https://github.com/68000a/Gigathek/tree/master/code/script.module.libzdf</source>
    <summary lang="en">This is a scraper for the ZDF Mediathek (http://www.zdf.de).</summary>
    <description lang="en">This is a scraper for the ZDF Mediathek (http://www.zdf.de).</description>
  </extension>
</addon>
