<?xml version="1.0" encoding="UTF-8"?>
<addon id="plugin.video.zdf_de_lite" name="ZDF Mediathek" version="3.0.0" provider-name="membrane">
    <requires>
        <import addon="xbmc.python" version="2.1.0"/>
		<import addon="script.module.libZdf" version="1.0.0"/>
    </requires>
    <extension point="xbmc.python.pluginsource" library="default.py">
        <provides>video</provides>
    </extension>
    <extension point="xbmc.addon.metadata">
        <platform>all</platform>
        <summary lang="en">Watch videos on demand from the ZDF Mediathek.</summary>
        <description lang="en">Watch videos on demand from the ZDF Mediathek.</description>
    </extension>
</addon>
