<?xml version="1.0" encoding="UTF-8" standalone="yes"?>
<addon id="script.module.libdaserste" 
	     name="libdaserste" 
	     version="0.1.0" 
	     provider-name="membrane">
  <requires>
    <import addon="xbmc.python" version="2.24.0" />
    <import addon="script.module.libmediathek3" version="1.1.7"/>
  </requires>
  <extension point="xbmc.python.module" library="lib" />
  <extension point="xbmc.addon.metadata">
    <platform>all</platform>
    <summary lang="en">libDasErste</summary>
    <description lang="en">libDasErste</description>
  </extension>
</addon>
