{"list": [{"url": "http://ndr.de/mediathek/mediatheksuche105_broadcast-1571.html", "_type": "dir", "mode": "libNdrListVideos", "_name": "#EinMomentDerBleibt"}, {"url": "http://ndr.de/mediathek/mediatheksuche105_broadcast-1391.html", "_type": "dir", "mode": "libNdrListVideos", "_name": "45 Min"}, {"url": "http://ndr.de/mediathek/mediatheksuche105_broadcast-1469.html", "_type": "dir", "mode": "libNdrListVideos", "_name": "7 Tage"}, {"url": "http://ndr.de/mediathek/mediatheksuche105_broadcast-1577.html", "_type": "dir", "mode": "libNdrListVideos", "_name": "Am Kap der wilden Tiere"}, {"url": "http://ndr.de/mediathek/mediatheksuche105_broadcast-1533.html", "_type": "dir", "mode": "libNdrListVideos", "_name": "Bettina und Bommes"}, {"url": "http://ndr.de/mediathek/mediatheksuche105_broadcast-2.html", "_type": "dir", "mode": "libNdrListVideos", "_name": "Bingo! - Die Umweltlotterie"}, {"url": "http://ndr.de/mediathek/mediatheksuche105_broadcast-4.html", "_type": "dir", "mode": "libNdrListVideos", "_name": "B\u00fccherjournal"}, {"url": "http://ndr.de/mediathek/mediatheksuche105_broadcast-5.html", "_type": "dir", "mode": "libNdrListVideos", "_name": "DAS!"}, {"url": "http://ndr.de/mediathek/mediatheksuche105_broadcast-1448.html", "_type": "dir", "mode": "libNdrListVideos", "_name": "DAS! Wunschmen\u00fc"}, {"url": "http://ndr.de/mediathek/mediatheksuche105_broadcast-1585.html", "_type": "dir", "mode": "libNdrListVideos", "_name": "Der Abenteuerfotograf"}, {"url": "http://ndr.de/mediathek/mediatheksuche105_broadcast-1516.html", "_type": "dir", "mode": "libNdrListVideos", "_name": "Der Tatortreiniger"}, {"url": "http://ndr.de/mediathek/mediatheksuche105_broadcast-1444.html", "_type": "dir", "mode": "libNdrListVideos", "_name": "Der XXL-Ostfriese"}, {"url": "http://ndr.de/mediathek/mediatheksuche105_broadcast-1530.html", "_type": "dir", "mode": "libNdrListVideos", "_name": "Die Ern\u00e4hrungs-Docs"}, {"url": "http://ndr.de/mediathek/mediatheksuche105_broadcast-28.html", "_type": "dir", "mode": "libNdrListVideos", "_name": "Die NDR Quizshow"}, {"url": "http://ndr.de/mediathek/mediatheksuche105_broadcast-1318.html", "_type": "dir", "mode": "libNdrListVideos", "_name": "Die Nordreportage"}, {"url": "http://ndr.de/mediathek/mediatheksuche105_broadcast-1495.html", "_type": "dir", "mode": "libNdrListVideos", "_name": "die nordstory"}, {"url": "http://ndr.de/mediathek/mediatheksuche105_broadcast-1321.html", "_type": "dir", "mode": "libNdrListVideos", "_name": "DIE REPORTAGE"}, {"url": "http://ndr.de/mediathek/mediatheksuche105_broadcast-1578.html", "_type": "dir", "mode": "libNdrListVideos", "_name": "Dr. Wimmer: Wissen ist die beste Medizin"}, {"url": "http://ndr.de/mediathek/mediatheksuche105_broadcast-45.html", "_type": "dir", "mode": "libNdrListVideos", "_name": "Expeditionen ins Tierreich"}, {"url": "http://ndr.de/mediathek/mediatheksuche105_broadcast-9.html", "_type": "dir", "mode": "libNdrListVideos", "_name": "extra 3"}, {"url": "http://ndr.de/mediathek/mediatheksuche105_broadcast-1569.html", "_type": "dir", "mode": "libNdrListVideos", "_name": "Film im NDR"}, {"url": "http://ndr.de/mediathek/mediatheksuche105_broadcast-1376.html", "_type": "dir", "mode": "libNdrListVideos", "_name": "Gro\u00dfstadtrevier"}, {"url": "http://ndr.de/mediathek/mediatheksuche105_broadcast-1023.html", "_type": "dir", "mode": "libNdrListVideos", "_name": "Hallo Niedersachsen"}, {"url": "http://ndr.de/mediathek/mediatheksuche105_broadcast-14.html", "_type": "dir", "mode": "libNdrListVideos", "_name": "Hamburg Journal"}, {"url": "http://ndr.de/mediathek/mediatheksuche105_broadcast-15.html", "_type": "dir", "mode": "libNdrListVideos", "_name": "Hamburg Journal 18.00"}, {"url": "http://ndr.de/mediathek/mediatheksuche105_broadcast-16.html", "_type": "dir", "mode": "libNdrListVideos", "_name": "Hanseblick"}, {"url": "http://ndr.de/mediathek/mediatheksuche105_broadcast-1568.html", "_type": "dir", "mode": "libNdrListVideos", "_name": "Heiter bis t\u00f6dlich"}, {"url": "http://ndr.de/mediathek/mediatheksuche105_broadcast-1287.html", "_type": "dir", "mode": "libNdrListVideos", "_name": "Inas Nacht"}, {"url": "http://ndr.de/mediathek/mediatheksuche105_broadcast-1572.html", "_type": "dir", "mode": "libNdrListVideos", "_name": "Iss besser!"}, {"url": "http://ndr.de/mediathek/mediatheksuche105_broadcast-1587.html", "_type": "dir", "mode": "libNdrListVideos", "_name": "Kaum zu glauben!"}, {"url": "http://ndr.de/mediathek/mediatheksuche105_broadcast-1579.html", "_type": "dir", "mode": "libNdrListVideos", "_name": "Klosterk\u00fcche"}, {"url": "http://ndr.de/mediathek/mediatheksuche105_broadcast-19.html", "_type": "dir", "mode": "libNdrListVideos", "_name": "Kulturjournal"}, {"url": "http://ndr.de/mediathek/mediatheksuche105_broadcast-21.html", "_type": "dir", "mode": "libNdrListVideos", "_name": "Landpartie - Im Norden unterwegs"}, {"url": "http://ndr.de/mediathek/mediatheksuche105_broadcast-1402.html", "_type": "dir", "mode": "libNdrListVideos", "_name": "Leopard, Seeb\u00e4r & Co."}, {"url": "http://ndr.de/mediathek/mediatheksuche105_broadcast-24.html", "_type": "dir", "mode": "libNdrListVideos", "_name": "Lieb & Teuer"}, {"url": "http://ndr.de/mediathek/mediatheksuche105_broadcast-123.html", "_type": "dir", "mode": "libNdrListVideos", "_name": "Lust auf Norden"}, {"url": "http://ndr.de/mediathek/mediatheksuche105_broadcast-20.html", "_type": "dir", "mode": "libNdrListVideos", "_name": "L\u00e4nder - Menschen - Abenteuer"}, {"url": "http://ndr.de/mediathek/mediatheksuche105_broadcast-25.html", "_type": "dir", "mode": "libNdrListVideos", "_name": "mareTV"}, {"url": "http://ndr.de/mediathek/mediatheksuche105_broadcast-26.html", "_type": "dir", "mode": "libNdrListVideos", "_name": "Markt"}, {"url": "http://ndr.de/mediathek/mediatheksuche105_broadcast-1245.html", "_type": "dir", "mode": "libNdrListVideos", "_name": "Mein Nachmittag"}, {"url": "http://ndr.de/mediathek/mediatheksuche105_broadcast-1473.html", "_type": "dir", "mode": "libNdrListVideos", "_name": "Mein sch\u00f6nes Land TV"}, {"url": "http://ndr.de/mediathek/mediatheksuche105_broadcast-1322.html", "_type": "dir", "mode": "libNdrListVideos", "_name": "NaturNah"}, {"url": "http://ndr.de/mediathek/mediatheksuche105_broadcast-1406.html", "_type": "dir", "mode": "libNdrListVideos", "_name": "NDR Comedy Contest"}, {"url": "http://ndr.de/mediathek/mediatheksuche105_broadcast-29.html", "_type": "dir", "mode": "libNdrListVideos", "_name": "NDR Talk Show"}, {"url": "http://ndr.de/mediathek/mediatheksuche105_broadcast-1413.html", "_type": "dir", "mode": "libNdrListVideos", "_name": "NDR Talk Show classics"}, {"url": "http://ndr.de/mediathek/mediatheksuche105_broadcast-27.html", "_type": "dir", "mode": "libNdrListVideos", "_name": "NDR//Aktuell"}, {"url": "http://ndr.de/mediathek/mediatheksuche105_broadcast-129.html", "_type": "dir", "mode": "libNdrListVideos", "_name": "Neues aus B\u00fcttenwarder"}, {"url": "http://ndr.de/mediathek/mediatheksuche105_broadcast-1022.html", "_type": "dir", "mode": "libNdrListVideos", "_name": "Niedersachsen 18.00 Uhr"}, {"url": "http://ndr.de/mediathek/mediatheksuche105_broadcast-30.html", "_type": "dir", "mode": "libNdrListVideos", "_name": "Nordmagazin"}, {"url": "http://ndr.de/mediathek/mediatheksuche105_broadcast-22.html", "_type": "dir", "mode": "libNdrListVideos", "_name": "Nordmagazin - Land und Leute"}, {"url": "http://ndr.de/mediathek/mediatheksuche105_broadcast-31.html", "_type": "dir", "mode": "libNdrListVideos", "_name": "Nordseereport"}, {"url": "http://ndr.de/mediathek/mediatheksuche105_broadcast-32.html", "_type": "dir", "mode": "libNdrListVideos", "_name": "Nordtour"}, {"url": "http://ndr.de/mediathek/mediatheksuche105_broadcast-33.html", "_type": "dir", "mode": "libNdrListVideos", "_name": "Ostsee Report"}, {"url": "http://ndr.de/mediathek/mediatheksuche105_broadcast-1311.html", "_type": "dir", "mode": "libNdrListVideos", "_name": "Panorama - die Reporter"}, {"url": "http://ndr.de/mediathek/mediatheksuche105_broadcast-1468.html", "_type": "dir", "mode": "libNdrListVideos", "_name": "Panorama 3"}, {"url": "http://ndr.de/mediathek/mediatheksuche105_broadcast-92.html", "_type": "dir", "mode": "libNdrListVideos", "_name": "plietsch."}, {"url": "http://ndr.de/mediathek/mediatheksuche105_broadcast-1515.html", "_type": "dir", "mode": "libNdrListVideos", "_name": "Postillon24"}, {"url": "http://ndr.de/mediathek/mediatheksuche105_broadcast-1299.html", "_type": "dir", "mode": "libNdrListVideos", "_name": "Rote Rosen"}, {"url": "http://ndr.de/mediathek/mediatheksuche105_broadcast-35.html", "_type": "dir", "mode": "libNdrListVideos", "_name": "Rund um den Michel"}, {"url": "http://ndr.de/mediathek/mediatheksuche105_broadcast-1566.html", "_type": "dir", "mode": "libNdrListVideos", "_name": "Rute raus, der Spa\u00df beginnt!"}, {"url": "http://ndr.de/mediathek/mediatheksuche105_broadcast-1514.html", "_type": "dir", "mode": "libNdrListVideos", "_name": "Sass: So isst der Norden"}, {"url": "http://ndr.de/mediathek/mediatheksuche105_broadcast-37.html", "_type": "dir", "mode": "libNdrListVideos", "_name": "Schleswig-Holstein 18:00"}, {"url": "http://ndr.de/mediathek/mediatheksuche105_broadcast-36.html", "_type": "dir", "mode": "libNdrListVideos", "_name": "Schleswig-Holstein Magazin"}, {"url": "http://ndr.de/mediathek/mediatheksuche105_broadcast-59.html", "_type": "dir", "mode": "libNdrListVideos", "_name": "Sesamstra\u00dfe"}, {"url": "http://ndr.de/mediathek/mediatheksuche105_broadcast-38.html", "_type": "dir", "mode": "libNdrListVideos", "_name": "Sportclub"}, {"url": "http://ndr.de/mediathek/mediatheksuche105_broadcast-1300.html", "_type": "dir", "mode": "libNdrListVideos", "_name": "Sturm der Liebe"}, {"url": "http://ndr.de/mediathek/mediatheksuche105_broadcast-1528.html", "_type": "dir", "mode": "libNdrListVideos", "_name": "Theresas K\u00fcche - Kochen mit Freunden"}, {"url": "http://ndr.de/mediathek/mediatheksuche105_broadcast-1512.html", "_type": "dir", "mode": "libNdrListVideos", "_name": "Tim M\u00e4lzer kocht!"}, {"url": "http://ndr.de/mediathek/mediatheksuche105_broadcast-1608.html", "_type": "dir", "mode": "libNdrListVideos", "_name": "Treckerfahrer d\u00fcrfen das!"}, {"url": "http://ndr.de/mediathek/mediatheksuche105_broadcast-1320.html", "_type": "dir", "mode": "libNdrListVideos", "_name": "Typisch!"}, {"url": "http://ndr.de/mediathek/mediatheksuche105_broadcast-1461.html", "_type": "dir", "mode": "libNdrListVideos", "_name": "Unsere Geschichte"}, {"url": "http://ndr.de/mediathek/mediatheksuche105_broadcast-46.html", "_type": "dir", "mode": "libNdrListVideos", "_name": "Visite"}, {"url": "http://ndr.de/mediathek/mediatheksuche105_broadcast-47.html", "_type": "dir", "mode": "libNdrListVideos", "_name": "Weltbilder"}, {"url": "http://ndr.de/mediathek/mediatheksuche105_broadcast-1574.html", "_type": "dir", "mode": "libNdrListVideos", "_name": "Wie geht das?"}, {"url": "http://ndr.de/mediathek/mediatheksuche105_broadcast-1513.html", "_type": "dir", "mode": "libNdrListVideos", "_name": "X:enius"}, {"url": "http://ndr.de/mediathek/mediatheksuche105_broadcast-51.html", "_type": "dir", "mode": "libNdrListVideos", "_name": "ZAPP"}], "cachetime": "TODO cachetime", "scriptname": "libNdr", "scriptpath": "script.module.libNdr", "ttl": "TODO ttl", "channel": "NDR"}