[{"url": "http://www.ardmediathek.de/appdata/servlet/tv/Sendung?documentId=26607604&json", "name": "#Beckmann"}, {"url": "http://www.ardmediathek.de/appdata/servlet/tv/Sendung?documentId=31938368&json", "name": "#EinMomentDerBleibt"}, {"url": "http://www.ardmediathek.de/appdata/servlet/tv/Sendung?documentId=16888632&json", "name": "#waszurwahl"}, {"url": "http://www.ardmediathek.de/appdata/servlet/tv/Sendung?documentId=15918032&json", "name": "103.7 UnserDing"}, {"url": "http://www.ardmediathek.de/appdata/servlet/tv/Sendung?documentId=28168076&json", "name": "1080NerdScope"}, {"url": "http://www.ardmediathek.de/appdata/servlet/tv/Sendung?documentId=29503360&json", "name": "2 durch Deutschland"}, {"url": "http://www.ardmediathek.de/appdata/servlet/tv/Sendung?documentId=8638714&json", "name": "2 Mann f\u00fcr alle G\u00e4nge"}, {"url": "http://www.ardmediathek.de/appdata/servlet/tv/Sendung?documentId=26009346&json", "name": "3. Stock links. Die Kabarett-WG"}, {"url": "http://www.ardmediathek.de/appdata/servlet/tv/Sendung?documentId=17399976&json", "name": "30 Favoriten"}, {"url": "http://www.ardmediathek.de/appdata/servlet/tv/Sendung?documentId=967542&json", "name": "3nach9"}, {"url": "http://www.ardmediathek.de/appdata/servlet/tv/Sendung?documentId=12772246&json", "name": "45 Min"}, {"url": "http://www.ardmediathek.de/appdata/servlet/tv/Sendung?documentId=14049104&json", "name": "7 Tage"}, {"url": "http://www.ardmediathek.de/appdata/servlet/tv/Sendung?documentId=33861568&json", "name": "Ab durch die Heimat"}, {"url": "http://www.ardmediathek.de/appdata/servlet/tv/Sendung?documentId=3822076&json", "name": "Abendschau"}, {"url": "http://www.ardmediathek.de/appdata/servlet/tv/Sendung?documentId=14913430&json", "name": "Abendschau"}, {"url": "http://www.ardmediathek.de/appdata/servlet/tv/Sendung?documentId=14913448&json", "name": "Abendschau - Der S\u00fcden"}, {"url": "http://www.ardmediathek.de/appdata/servlet/tv/Sendung?documentId=12882012&json", "name": "Abenteuer Erde"}, {"url": "http://www.ardmediathek.de/appdata/servlet/tv/Sendung?documentId=32325376&json", "name": "Akte Ex"}, {"url": "http://www.ardmediathek.de/appdata/servlet/tv/Sendung?documentId=26851724&json", "name": "Akte Ex"}, {"url": "http://www.ardmediathek.de/appdata/servlet/tv/Sendung?documentId=743240&json", "name": "aktuell (16 Uhr)"}, {"url": "http://www.ardmediathek.de/appdata/servlet/tv/Sendung?documentId=8638772&json", "name": "aktuell (17 Uhr)"}, {"url": "http://www.ardmediathek.de/appdata/servlet/tv/Sendung?documentId=4040654&json", "name": "Aktuell (18 Uhr)"}, {"url": "http://www.ardmediathek.de/appdata/servlet/tv/Sendung?documentId=26837706&json", "name": "Aktuell (21:45 Uhr)"}, {"url": "http://www.ardmediathek.de/appdata/servlet/tv/Sendung?documentId=743232&json", "name": "Aktueller Bericht"}, {"url": "http://www.ardmediathek.de/appdata/servlet/tv/Sendung?documentId=7293524&json", "name": "Aktuelle Stunde"}, {"url": "http://www.ardmediathek.de/appdata/servlet/tv/Sendung?documentId=8638738&json", "name": "Alfons und G\u00e4ste"}, {"url": "http://www.ardmediathek.de/appdata/servlet/tv/Sendung?documentId=15528234&json", "name": "alfredissimo!"}, {"url": "http://www.ardmediathek.de/appdata/servlet/tv/Sendung?documentId=25679250&json", "name": "Alle Augen Auf..."}, {"url": "http://www.ardmediathek.de/appdata/servlet/tv/Sendung?documentId=33834946&json", "name": "Alles Klara"}, {"url": "http://www.ardmediathek.de/appdata/servlet/tv/Sendung?documentId=3416170&json", "name": "alles wissen"}, {"url": "http://www.ardmediathek.de/appdata/servlet/tv/Sendung?documentId=3350202&json", "name": "alle wetter!"}, {"url": "http://www.ardmediathek.de/appdata/servlet/tv/Sendung?documentId=22399478&json", "name": "Alois Alzheimer - Verloren im Vergessen"}, {"url": "http://www.ardmediathek.de/appdata/servlet/tv/Sendung?documentId=14912506&json", "name": "Alpen-Donau-Adria"}, {"url": "http://www.ardmediathek.de/appdata/servlet/tv/Sendung?documentId=14912932&json", "name": "alpha-Campus"}, {"url": "http://www.ardmediathek.de/appdata/servlet/tv/Sendung?documentId=32576090&json", "name": "alpha-Campus CINEMA"}, {"url": "http://www.ardmediathek.de/appdata/servlet/tv/Sendung?documentId=14913860&json", "name": "alpha-Campus - Das Magazin"}, {"url": "http://www.ardmediathek.de/appdata/servlet/tv/Sendung?documentId=14913006&json", "name": "alpha-Centauri"}, {"url": "http://www.ardmediathek.de/appdata/servlet/tv/Sendung?documentId=14912942&json", "name": "alpha-Forum"}, {"url": "http://www.ardmediathek.de/appdata/servlet/tv/Sendung?documentId=29685242&json", "name": "Am Kap der wilden Tiere"}, {"url": "http://www.ardmediathek.de/appdata/servlet/tv/Sendung?documentId=16030060&json", "name": "Anke hat Zeit"}, {"url": "http://www.ardmediathek.de/appdata/servlet/tv/Sendung?documentId=25014972&json", "name": "Anna und die wilden Tiere"}, {"url": "http://www.ardmediathek.de/appdata/servlet/tv/Sendung?documentId=328454&json", "name": "Anne Will"}, {"url": "http://www.ardmediathek.de/appdata/servlet/tv/Sendung?documentId=18112332&json", "name": "Anselm Gr\u00fcn"}, {"url": "http://www.ardmediathek.de/appdata/servlet/tv/Sendung?documentId=428628&json", "name": "ARD-Buffet"}, {"url": "http://www.ardmediathek.de/appdata/servlet/tv/Sendung?documentId=3304234&json", "name": "ARD-Sondersendung"}, {"url": "http://www.ardmediathek.de/appdata/servlet/tv/Sendung?documentId=24718452&json", "name": "ARD Themenwoche 2014"}, {"url": "http://www.ardmediathek.de/appdata/servlet/tv/Sendung?documentId=30922708&json", "name": "ARD Themenwoche 2015"}, {"url": "http://www.ardmediathek.de/appdata/servlet/tv/Sendung?documentId=4040668&json", "name": "Arena am Samstag"}, {"url": "http://www.ardmediathek.de/appdata/servlet/tv/Sendung?documentId=7545220&json", "name": "artour"}, {"url": "http://www.ardmediathek.de/appdata/servlet/tv/Sendung?documentId=14913342&json", "name": "As\u00fcl f\u00fcr alle"}, {"url": "http://www.ardmediathek.de/appdata/servlet/tv/Sendung?documentId=11790164&json", "name": "Auf 3 Sofas durch..."}, {"url": "http://www.ardmediathek.de/appdata/servlet/tv/Sendung?documentId=20571316&json", "name": "Aufgegabelt von Alexander Herrmann"}, {"url": "http://www.ardmediathek.de/appdata/servlet/tv/Sendung?documentId=23414126&json", "name": "Auf Leben und Tod"}, {"url": "http://www.ardmediathek.de/appdata/servlet/tv/Sendung?documentId=7545164&json", "name": "Auf schmaler Spur"}, {"url": "http://www.ardmediathek.de/appdata/servlet/tv/Sendung?documentId=27670304&json", "name": "Auf wendischen Spuren"}, {"url": "http://www.ardmediathek.de/appdata/servlet/tv/Sendung?documentId=8638724&json", "name": "Aus christlicher Sicht"}, {"url": "http://www.ardmediathek.de/appdata/servlet/tv/Sendung?documentId=35846908&json", "name": "Ausgerechnet"}, {"url": "http://www.ardmediathek.de/appdata/servlet/tv/Sendung?documentId=13165946&json", "name": "Au\u00dfenseiter Spitzenreiter"}, {"url": "http://www.ardmediathek.de/appdata/servlet/tv/Sendung?documentId=15447264&json", "name": "B.sucht"}, {"url": "http://www.ardmediathek.de/appdata/servlet/tv/Sendung?documentId=5651352&json", "name": "Baden-W\u00fcrttemberg extra"}, {"url": "http://www.ardmediathek.de/appdata/servlet/tv/Sendung?documentId=9602930&json", "name": "Bauer sucht Kultur"}, {"url": "http://www.ardmediathek.de/appdata/servlet/tv/Sendung?documentId=19060068&json", "name": "Bayerische Olympiageschichten"}, {"url": "http://www.ardmediathek.de/appdata/servlet/tv/Sendung?documentId=34585934&json", "name": "Bayern erleben"}, {"url": "http://www.ardmediathek.de/appdata/servlet/tv/Sendung?documentId=22672202&json", "name": "Bayern feiern"}, {"url": "http://www.ardmediathek.de/appdata/servlet/tv/Sendung?documentId=14912822&json", "name": "Bayern isst bunt"}, {"url": "http://www.ardmediathek.de/appdata/servlet/tv/Sendung?documentId=14912558&json", "name": "Bayerntour"}, {"url": "http://www.ardmediathek.de/appdata/servlet/tv/Sendung?documentId=35831960&json", "name": "Beckmanns Sportschule"}, {"url": "http://www.ardmediathek.de/appdata/servlet/tv/Sendung?documentId=14920860&json", "name": "Bei uns dahoam"}, {"url": "http://www.ardmediathek.de/appdata/servlet/tv/Sendung?documentId=7545308&json", "name": "Bei uns entdeckt"}, {"url": "http://www.ardmediathek.de/appdata/servlet/tv/Sendung?documentId=5739838&json", "name": "Bekannt im Land"}, {"url": "http://www.ardmediathek.de/appdata/servlet/tv/Sendung?documentId=17989552&json", "name": "Bergauf-Bergab"}, {"url": "http://www.ardmediathek.de/appdata/servlet/tv/Sendung?documentId=340982&json", "name": "Bericht aus Berlin"}, {"url": "http://www.ardmediathek.de/appdata/servlet/tv/Sendung?documentId=6392536&json", "name": "Berlinale-Studio"}, {"url": "http://www.ardmediathek.de/appdata/servlet/tv/Sendung?documentId=35806510&json", "name": "Best of Enemies"}, {"url": "http://www.ardmediathek.de/appdata/servlet/tv/Sendung?documentId=1100786&json", "name": "betrifft: ..."}, {"url": "http://www.ardmediathek.de/appdata/servlet/tv/Sendung?documentId=26460566&json", "name": "Bettina und Bommes"}, {"url": "http://www.ardmediathek.de/appdata/servlet/tv/Sendung?documentId=33031968&json", "name": "Bingo! - Die Umweltlotterie"}, {"url": "http://www.ardmediathek.de/appdata/servlet/tv/Sendung?documentId=7545396&json", "name": "Biwak"}, {"url": "http://www.ardmediathek.de/appdata/servlet/tv/Sendung?documentId=14913164&json", "name": "Blickpunkt Sport"}, {"url": "http://www.ardmediathek.de/appdata/servlet/tv/Sendung?documentId=1920542&json", "name": "Blickpunkt Sport - Bayerisches Fernsehen"}, {"url": "http://www.ardmediathek.de/appdata/servlet/tv/Sendung?documentId=14913174&json", "name": "Blickpunkt Sport Bayern"}, {"url": "http://www.ardmediathek.de/appdata/servlet/tv/Sendung?documentId=4106&json", "name": "B\u00f6rse vor acht"}, {"url": "http://www.ardmediathek.de/appdata/servlet/tv/Sendung?documentId=3822126&json", "name": "Brandenburg aktuell"}, {"url": "http://www.ardmediathek.de/appdata/servlet/tv/Sendung?documentId=1082266&json", "name": "Brennpunkt"}, {"url": "http://www.ardmediathek.de/appdata/servlet/tv/Sendung?documentId=18109440&json", "name": "Brettl-Spitzen"}, {"url": "http://www.ardmediathek.de/appdata/servlet/tv/Sendung?documentId=14913410&json", "name": "BR extra"}, {"url": "http://www.ardmediathek.de/appdata/servlet/tv/Sendung?documentId=17396062&json", "name": "Brisant"}, {"url": "http://www.ardmediathek.de/appdata/servlet/tv/Sendung?documentId=2673662&json", "name": "BRISANT"}, {"url": "http://www.ardmediathek.de/appdata/servlet/tv/Sendung?documentId=14049112&json", "name": "B\u00fccherjournal"}, {"url": "http://www.ardmediathek.de/appdata/servlet/tv/Sendung?documentId=11685336&json", "name": "B\u00fccher und Moor"}, {"url": "http://www.ardmediathek.de/appdata/servlet/tv/Sendung?documentId=3341190&json", "name": "Bundesliga am Sonntag"}, {"url": "http://www.ardmediathek.de/appdata/servlet/tv/Sendung?documentId=2958612&json", "name": "Bundestag live"}, {"url": "http://www.ardmediathek.de/appdata/servlet/tv/Sendung?documentId=14912486&json", "name": "B\u00fcrgerForum live"}, {"url": "http://www.ardmediathek.de/appdata/servlet/tv/Sendung?documentId=967552&json", "name": "buten un binnen Regionalmagazin"}, {"url": "http://www.ardmediathek.de/appdata/servlet/tv/Sendung?documentId=6494936&json", "name": "buten un binnen Sportblitz"}, {"url": "http://www.ardmediathek.de/appdata/servlet/tv/Sendung?documentId=6690994&json", "name": "buten un binnen um 6"}, {"url": "http://www.ardmediathek.de/appdata/servlet/tv/Sendung?documentId=16978272&json", "name": "buten un binnen Wetter"}, {"url": "http://www.ardmediathek.de/appdata/servlet/tv/Sendung?documentId=24072178&json", "name": "Campus Magazin"}, {"url": "http://www.ardmediathek.de/appdata/servlet/tv/Sendung?documentId=14913352&json", "name": "Capriccio"}, {"url": "http://www.ardmediathek.de/appdata/servlet/tv/Sendung?documentId=33031960&json", "name": "Carlos Koch-Chaos"}, {"url": "http://www.ardmediathek.de/appdata/servlet/tv/Sendung?documentId=27092622&json", "name": "Carolin Kebekus: PussyTerror TV"}, {"url": "http://www.ardmediathek.de/appdata/servlet/tv/Sendung?documentId=14913438&json", "name": "Charles Darwin"}, {"url": "http://www.ardmediathek.de/appdata/servlet/tv/Sendung?documentId=11526406&json", "name": "Check Eins Dokumentation"}, {"url": "http://www.ardmediathek.de/appdata/servlet/tv/Sendung?documentId=17250800&json", "name": "Checker Tobi"}, {"url": "http://www.ardmediathek.de/appdata/servlet/tv/Sendung?documentId=19100642&json", "name": "ClubBEATZZ"}, {"url": "http://www.ardmediathek.de/appdata/servlet/tv/Sendung?documentId=10017896&json", "name": "coldmirror"}, {"url": "http://www.ardmediathek.de/appdata/servlet/tv/Sendung?documentId=15355648&json", "name": "Comedy"}, {"url": "http://www.ardmediathek.de/appdata/servlet/tv/Sendung?documentId=18916210&json", "name": "Comedy"}, {"url": "http://www.ardmediathek.de/appdata/servlet/tv/Sendung?documentId=25304236&json", "name": "Comedy &amp; Satire im Ersten"}, {"url": "http://www.ardmediathek.de/appdata/servlet/tv/Sendung?documentId=23547074&json", "name": "Comedy mit Karsten"}, {"url": "http://www.ardmediathek.de/appdata/servlet/tv/Sendung?documentId=12877076&json", "name": "Cosmo TV"}, {"url": "http://www.ardmediathek.de/appdata/servlet/tv/Sendung?documentId=7293532&json", "name": "daheim + unterwegs"}, {"url": "http://www.ardmediathek.de/appdata/servlet/tv/Sendung?documentId=14913698&json", "name": "Dahoam is Dahoam"}, {"url": "http://www.ardmediathek.de/appdata/servlet/tv/Sendung?documentId=12577900&json", "name": "Damals war&#039;s"}, {"url": "http://www.ardmediathek.de/appdata/servlet/tv/Sendung?documentId=33031952&json", "name": "DAS!"}, {"url": "http://www.ardmediathek.de/appdata/servlet/tv/Sendung?documentId=14913046&json", "name": "Das 1 x 1 der Wirtschaft"}, {"url": "http://www.ardmediathek.de/appdata/servlet/tv/Sendung?documentId=17864678&json", "name": "Das Buch der B\u00fccher"}, {"url": "http://www.ardmediathek.de/appdata/servlet/tv/Sendung?documentId=12439650&json", "name": "DASDING.tv"}, {"url": "http://www.ardmediathek.de/appdata/servlet/tv/Sendung?documentId=35033192&json", "name": "Das Lachen der Anderen"}, {"url": "http://www.ardmediathek.de/appdata/servlet/tv/Sendung?documentId=20985044&json", "name": "Das Mittelalter im S\u00fcdwesten"}, {"url": "http://www.ardmediathek.de/appdata/servlet/tv/Sendung?documentId=25983654&json", "name": "Das Mutcamp"}, {"url": "http://www.ardmediathek.de/appdata/servlet/tv/Sendung?documentId=9029008&json", "name": "Das Waisenhaus f\u00fcr wilde Tiere"}, {"url": "http://www.ardmediathek.de/appdata/servlet/tv/Sendung?documentId=442936&json", "name": "Das Wort zum Sonntag"}, {"url": "http://www.ardmediathek.de/appdata/servlet/tv/Sendung?documentId=4040676&json", "name": "Daten der Woche"}, {"url": "http://www.ardmediathek.de/appdata/servlet/tv/Sendung?documentId=8638748&json", "name": "da will ich hin!"}, {"url": "http://www.ardmediathek.de/appdata/servlet/tv/Sendung?documentId=3437388&json", "name": "defacto"}, {"url": "http://www.ardmediathek.de/appdata/servlet/tv/Sendung?documentId=14913016&json", "name": "Denker des Abendlandes"}, {"url": "http://www.ardmediathek.de/appdata/servlet/tv/Sendung?documentId=14913066&json", "name": "Denkraum"}, {"url": "http://www.ardmediathek.de/appdata/servlet/tv/Sendung?documentId=14913390&json", "name": "Der Bauernhoftester"}, {"url": "http://www.ardmediathek.de/appdata/servlet/tv/Sendung?documentId=14912952&json", "name": "Der bayerischen Geschichte auf der Spur"}, {"url": "http://www.ardmediathek.de/appdata/servlet/tv/Sendung?documentId=11421672&json", "name": "Der Berlin-Brandenburg Check"}, {"url": "http://www.ardmediathek.de/appdata/servlet/tv/Sendung?documentId=19883954&json", "name": "Der Dicke"}, {"url": "http://www.ardmediathek.de/appdata/servlet/tv/Sendung?documentId=7613208&json", "name": "Der Haushaltscheck"}, {"url": "http://www.ardmediathek.de/appdata/servlet/tv/Sendung?documentId=23162708&json", "name": "Der Kampf mit den Buchstaben"}, {"url": "http://www.ardmediathek.de/appdata/servlet/tv/Sendung?documentId=14912892&json", "name": "Der Kom\u00f6dienstadel"}, {"url": "http://www.ardmediathek.de/appdata/servlet/tv/Sendung?documentId=14912962&json", "name": "Der lange Schatten von Kultur"}, {"url": "http://www.ardmediathek.de/appdata/servlet/tv/Sendung?documentId=22876986&json", "name": "Der Markencheck"}, {"url": "http://www.ardmediathek.de/appdata/servlet/tv/Sendung?documentId=22834010&json", "name": "Der Montags-Check"}, {"url": "http://www.ardmediathek.de/appdata/servlet/tv/Sendung?documentId=9397858&json", "name": "Der Osten - Entdecke wo du lebst"}, {"url": "http://www.ardmediathek.de/appdata/servlet/tv/Sendung?documentId=8758550&json", "name": "Der Sonntagabend"}, {"url": "http://www.ardmediathek.de/appdata/servlet/tv/Sendung?documentId=19673410&json", "name": "Der S\u00fcdwesten von oben"}, {"url": "http://www.ardmediathek.de/appdata/servlet/tv/Sendung?documentId=12882044&json", "name": "Der Vorkoster"}, {"url": "http://www.ardmediathek.de/appdata/servlet/tv/Sendung?documentId=10317588&json", "name": "Der Wolf"}, {"url": "http://www.ardmediathek.de/appdata/servlet/tv/Sendung?documentId=14049120&json", "name": "Der XXL-Ostfriese"}, {"url": "http://www.ardmediathek.de/appdata/servlet/tv/Sendung?documentId=18583212&json", "name": "Der XXL-Ostfriese"}, {"url": "http://www.ardmediathek.de/appdata/servlet/tv/Sendung?documentId=29931638&json", "name": "Deutschland. Dein Tag"}, {"url": "http://www.ardmediathek.de/appdata/servlet/tv/Sendung?documentId=25710252&json", "name": "Deutschlandbilder"}, {"url": "http://www.ardmediathek.de/appdata/servlet/tv/Sendung?documentId=34417798&json", "name": "Deutschland und seine Volkshochschulen"}, {"url": "http://www.ardmediathek.de/appdata/servlet/tv/Sendung?documentId=14912972&json", "name": "Die 4 Elemente"}, {"url": "http://www.ardmediathek.de/appdata/servlet/tv/Sendung?documentId=18922392&json", "name": "Die beliebtesten ..."}, {"url": "http://www.ardmediathek.de/appdata/servlet/tv/Sendung?documentId=28119756&json", "name": "Die beste Klasse Deutschlands"}, {"url": "http://www.ardmediathek.de/appdata/servlet/tv/Sendung?documentId=30652394&json", "name": "Die Bodensee-Polizei"}, {"url": "http://www.ardmediathek.de/appdata/servlet/tv/Sendung?documentId=26111552&json", "name": "Die Ern\u00e4hrungs-Docs"}, {"url": "http://www.ardmediathek.de/appdata/servlet/tv/Sendung?documentId=247338&json", "name": "Die Fallers"}, {"url": "http://www.ardmediathek.de/appdata/servlet/tv/Sendung?documentId=34634648&json", "name": "Die Feste mit Florian Silbereisen"}, {"url": "http://www.ardmediathek.de/appdata/servlet/tv/Sendung?documentId=30292384&json", "name": "Die Kanzlei"}, {"url": "http://www.ardmediathek.de/appdata/servlet/tv/Sendung?documentId=11321236&json", "name": "Die Kelten im S\u00fcdwesten"}, {"url": "http://www.ardmediathek.de/appdata/servlet/tv/Sendung?documentId=13489530&json", "name": "Die Kirche bleibt im Dorf"}, {"url": "http://www.ardmediathek.de/appdata/servlet/tv/Sendung?documentId=14912720&json", "name": "Die Komiker"}, {"url": "http://www.ardmediathek.de/appdata/servlet/tv/Sendung?documentId=7825658&json", "name": "Die Mathias Richling Show"}, {"url": "http://www.ardmediathek.de/appdata/servlet/tv/Sendung?documentId=15713334&json", "name": "Die Nibelungen"}, {"url": "http://www.ardmediathek.de/appdata/servlet/tv/Sendung?documentId=14049232&json", "name": "Die Nordreportage"}, {"url": "http://www.ardmediathek.de/appdata/servlet/tv/Sendung?documentId=26460574&json", "name": "die nordstory"}, {"url": "http://www.ardmediathek.de/appdata/servlet/tv/Sendung?documentId=5556544&json", "name": "Die Pfefferk\u00f6rner"}, {"url": "http://www.ardmediathek.de/appdata/servlet/tv/Sendung?documentId=14913076&json", "name": "Die Physik Albert Einsteins"}, {"url": "http://www.ardmediathek.de/appdata/servlet/tv/Sendung?documentId=248886&json", "name": "Die Pierre M. Krause Show - SWR3 latenight"}, {"url": "http://www.ardmediathek.de/appdata/servlet/tv/Sendung?documentId=32831688&json", "name": "Die Quiz-Helden"}, {"url": "http://www.ardmediathek.de/appdata/servlet/tv/Sendung?documentId=16269336&json", "name": "Die rbb Reporter"}, {"url": "http://www.ardmediathek.de/appdata/servlet/tv/Sendung?documentId=3856484&json", "name": "Die Reportage"}, {"url": "http://www.ardmediathek.de/appdata/servlet/tv/Sendung?documentId=22380564&json", "name": "Die Sendung mit dem Elefanten"}, {"url": "http://www.ardmediathek.de/appdata/servlet/tv/Sendung?documentId=1458&json", "name": "Die Sendung mit der Maus"}, {"url": "http://www.ardmediathek.de/appdata/servlet/tv/Sendung?documentId=22380500&json", "name": "Die Sendung mit der Maus"}, {"url": "http://www.ardmediathek.de/appdata/servlet/tv/Sendung?documentId=25708604&json", "name": "Die Spur der Ahnen"}, {"url": "http://www.ardmediathek.de/appdata/servlet/tv/Sendung?documentId=8739802&json", "name": "Die Spur der T\u00e4ter"}, {"url": "http://www.ardmediathek.de/appdata/servlet/tv/Sendung?documentId=7486242&json", "name": "die story"}, {"url": "http://www.ardmediathek.de/appdata/servlet/tv/Sendung?documentId=22380484&json", "name": "Die unwahrscheinlichen Ereignisse im Leben von..."}, {"url": "http://www.ardmediathek.de/appdata/servlet/tv/Sendung?documentId=23022010&json", "name": "Die Videoblogs der ARD-Korrespondenten"}, {"url": "http://www.ardmediathek.de/appdata/servlet/tv/Sendung?documentId=3011224&json", "name": "Die Wahl bei uns"}, {"url": "http://www.ardmediathek.de/appdata/servlet/tv/Sendung?documentId=3011232&json", "name": "Die Wahl bei uns"}, {"url": "http://www.ardmediathek.de/appdata/servlet/tv/Sendung?documentId=13618360&json", "name": "Die Wiwaldi Show"}, {"url": "http://www.ardmediathek.de/appdata/servlet/tv/Sendung?documentId=11140718&json", "name": "Die Wiwaldi-Show"}, {"url": "http://www.ardmediathek.de/appdata/servlet/tv/Sendung?documentId=14847140&json", "name": "dings vom dach"}, {"url": "http://www.ardmediathek.de/appdata/servlet/tv/Sendung?documentId=4040684&json", "name": "Direkt dabei"}, {"url": "http://www.ardmediathek.de/appdata/servlet/tv/Sendung?documentId=53390&json", "name": "Dittsche"}, {"url": "http://www.ardmediathek.de/appdata/servlet/tv/Sendung?documentId=12877116&json", "name": "Doku am Freitag"}, {"url": "http://www.ardmediathek.de/appdata/servlet/tv/Sendung?documentId=13980890&json", "name": "Doku in Einsfestival"}, {"url": "http://www.ardmediathek.de/appdata/servlet/tv/Sendung?documentId=1105036&json", "name": "Dokumentarfilm"}, {"url": "http://www.ardmediathek.de/appdata/servlet/tv/Sendung?documentId=17603862&json", "name": "Dokumentarfilme"}, {"url": "http://www.ardmediathek.de/appdata/servlet/tv/Sendung?documentId=26131780&json", "name": "Dokumentationen und Reportagen"}, {"url": "http://www.ardmediathek.de/appdata/servlet/tv/Sendung?documentId=3822114&json", "name": "Dokumentation und Reportage"}, {"url": "http://www.ardmediathek.de/appdata/servlet/tv/Sendung?documentId=1512722&json", "name": "Doku-Serie"}, {"url": "http://www.ardmediathek.de/appdata/servlet/tv/Sendung?documentId=17603894&json", "name": "Doku-Soap"}, {"url": "http://www.ardmediathek.de/appdata/servlet/tv/Sendung?documentId=10318994&json", "name": "Donna Leon"}, {"url": "http://www.ardmediathek.de/appdata/servlet/tv/Sendung?documentId=13401098&json", "name": "Donnerwetter"}, {"url": "http://www.ardmediathek.de/appdata/servlet/tv/Sendung?documentId=23538620&json", "name": "dorfgeschichten"}, {"url": "http://www.ardmediathek.de/appdata/servlet/tv/Sendung?documentId=24831852&json", "name": "DoX - Der Dokumentarfilm im BR"}, {"url": "http://www.ardmediathek.de/appdata/servlet/tv/Sendung?documentId=339944&json", "name": "Druckfrisch"}, {"url": "http://www.ardmediathek.de/appdata/servlet/tv/Sendung?documentId=23557186&json", "name": "Du bist STYLE!"}, {"url": "http://www.ardmediathek.de/appdata/servlet/tv/Sendung?documentId=26725648&json", "name": "Echo 2016"}, {"url": "http://www.ardmediathek.de/appdata/servlet/tv/Sendung?documentId=12937906&json", "name": "Echt - Das Magazin zum Staunen"}, {"url": "http://www.ardmediathek.de/appdata/servlet/tv/Sendung?documentId=4995380&json", "name": "Ehrensache"}, {"url": "http://www.ardmediathek.de/appdata/servlet/tv/Sendung?documentId=14912862&json", "name": "Einfach. Gut. Bachmeier"}, {"url": "http://www.ardmediathek.de/appdata/servlet/tv/Sendung?documentId=12994070&json", "name": "Einfach &amp; k\u00f6stlich"}, {"url": "http://www.ardmediathek.de/appdata/servlet/tv/Sendung?documentId=11062302&json", "name": "Einfach DIE BESTEN"}, {"url": "http://www.ardmediathek.de/appdata/servlet/tv/Sendung?documentId=7545364&json", "name": "Einfach genial"}, {"url": "http://www.ardmediathek.de/appdata/servlet/tv/Sendung?documentId=23816294&json", "name": "Ein Fall von Liebe"}, {"url": "http://www.ardmediathek.de/appdata/servlet/tv/Sendung?documentId=16877148&json", "name": "Einigkeit und Recht und Freiheit"}, {"url": "http://www.ardmediathek.de/appdata/servlet/tv/Sendung?documentId=3540670&json", "name": "Einsfestival"}, {"url": "http://www.ardmediathek.de/appdata/servlet/tv/Sendung?documentId=35281268&json", "name": "Ein Sommer an der Spree"}, {"url": "http://www.ardmediathek.de/appdata/servlet/tv/Sendung?documentId=11425004&json", "name": "EinsPlus"}, {"url": "http://www.ardmediathek.de/appdata/servlet/tv/Sendung?documentId=15185012&json", "name": "EINSWEITERgefragt"}, {"url": "http://www.ardmediathek.de/appdata/servlet/tv/Sendung?documentId=7293540&json", "name": "eins zu eins"}, {"url": "http://www.ardmediathek.de/appdata/servlet/tv/Sendung?documentId=1100776&json", "name": "Eisenbahn-Romantik"}, {"url": "http://www.ardmediathek.de/appdata/servlet/tv/Sendung?documentId=7545276&json", "name": "Elefant, Tiger &amp; Co."}, {"url": "http://www.ardmediathek.de/appdata/servlet/tv/Sendung?documentId=8528318&json", "name": "Elefant, Tiger &amp; Co."}, {"url": "http://www.ardmediathek.de/appdata/servlet/tv/Sendung?documentId=33031944&json", "name": "Endlich Urlaub!"}, {"url": "http://www.ardmediathek.de/appdata/servlet/tv/Sendung?documentId=30384088&json", "name": "Erlebnis Hessen"}, {"url": "http://www.ardmediathek.de/appdata/servlet/tv/Sendung?documentId=11420190&json", "name": "Erlebnis Musik"}, {"url": "http://www.ardmediathek.de/appdata/servlet/tv/Sendung?documentId=12882060&json", "name": "Erlebnisreisen"}, {"url": "http://www.ardmediathek.de/appdata/servlet/tv/Sendung?documentId=20214138&json", "name": "Erster Weltkrieg"}, {"url": "http://www.ardmediathek.de/appdata/servlet/tv/Sendung?documentId=3407050&json", "name": "Essgeschichten"}, {"url": "http://www.ardmediathek.de/appdata/servlet/tv/Sendung?documentId=14913722&json", "name": "Et(h)ikette"}, {"url": "http://www.ardmediathek.de/appdata/servlet/tv/Sendung?documentId=14912534&json", "name": "euroblick"}, {"url": "http://www.ardmediathek.de/appdata/servlet/tv/Sendung?documentId=342024&json", "name": "Europamagazin"}, {"url": "http://www.ardmediathek.de/appdata/servlet/tv/Sendung?documentId=9525092&json", "name": "Eurovision Song Contest"}, {"url": "http://www.ardmediathek.de/appdata/servlet/tv/Sendung?documentId=17603902&json", "name": "Events"}, {"url": "http://www.ardmediathek.de/appdata/servlet/tv/Sendung?documentId=7545124&json", "name": "Exakt"}, {"url": "http://www.ardmediathek.de/appdata/servlet/tv/Sendung?documentId=7545348&json", "name": "Exakt - die Story"}, {"url": "http://www.ardmediathek.de/appdata/servlet/tv/Sendung?documentId=3856516&json", "name": "Expeditionen ins Tierreich"}, {"url": "http://www.ardmediathek.de/appdata/servlet/tv/Sendung?documentId=9946790&json", "name": "Expedition in die Heimat"}, {"url": "http://www.ardmediathek.de/appdata/servlet/tv/Sendung?documentId=3709210&json", "name": "extra 3"}, {"url": "http://www.ardmediathek.de/appdata/servlet/tv/Sendung?documentId=23817212&json", "name": "extra 3"}, {"url": "http://www.ardmediathek.de/appdata/servlet/tv/Sendung?documentId=249202&json", "name": "Fahr mal hin"}, {"url": "http://www.ardmediathek.de/appdata/servlet/tv/Sendung?documentId=310854&json", "name": "FAKT"}, {"url": "http://www.ardmediathek.de/appdata/servlet/tv/Sendung?documentId=7545460&json", "name": "Fakt ist!"}, {"url": "http://www.ardmediathek.de/appdata/servlet/tv/Sendung?documentId=13271346&json", "name": "Familie Dr. Kleist"}, {"url": "http://www.ardmediathek.de/appdata/servlet/tv/Sendung?documentId=643290&json", "name": "Farbe bekennen"}, {"url": "http://www.ardmediathek.de/appdata/servlet/tv/Sendung?documentId=6223214&json", "name": "Fastnacht"}, {"url": "http://www.ardmediathek.de/appdata/servlet/tv/Sendung?documentId=14912700&json", "name": "Faszination Wissen"}, {"url": "http://www.ardmediathek.de/appdata/servlet/tv/Sendung?documentId=27156308&json", "name": "Fernsehfilm"}, {"url": "http://www.ardmediathek.de/appdata/servlet/tv/Sendung?documentId=28777454&json", "name": "FIFA Frauen-Weltmeisterschaft Kanada 2015"}, {"url": "http://www.ardmediathek.de/appdata/servlet/tv/Sendung?documentId=21675666&json", "name": "FIFA WM 2014"}, {"url": "http://www.ardmediathek.de/appdata/servlet/tv/Sendung?documentId=8758566&json", "name": "Film &amp; Serie"}, {"url": "http://www.ardmediathek.de/appdata/servlet/tv/Sendung?documentId=27258646&json", "name": "Film &amp; Serie in Einsfestival"}, {"url": "http://www.ardmediathek.de/appdata/servlet/tv/Sendung?documentId=10317610&json", "name": "FilmDeb\u00fct im Ersten"}, {"url": "http://www.ardmediathek.de/appdata/servlet/tv/Sendung?documentId=25505674&json", "name": "Filme"}, {"url": "http://www.ardmediathek.de/appdata/servlet/tv/Sendung?documentId=17603924&json", "name": "Filme"}, {"url": "http://www.ardmediathek.de/appdata/servlet/tv/Sendung?documentId=1933898&json", "name": "Filme im Ersten"}, {"url": "http://www.ardmediathek.de/appdata/servlet/tv/Sendung?documentId=33863522&json", "name": "Film im NDR"}, {"url": "http://www.ardmediathek.de/appdata/servlet/tv/Sendung?documentId=10009780&json", "name": "Film im rbb"}, {"url": "http://www.ardmediathek.de/appdata/servlet/tv/Sendung?documentId=10318946&json", "name": "FilmMittwoch im Ersten"}, {"url": "http://www.ardmediathek.de/appdata/servlet/tv/Sendung?documentId=24787788&json", "name": "Film und Serie"}, {"url": "http://www.ardmediathek.de/appdata/servlet/tv/Sendung?documentId=8638764&json", "name": "Flohmarkt"}, {"url": "http://www.ardmediathek.de/appdata/servlet/tv/Sendung?documentId=14912642&json", "name": "Fluch des Falken"}, {"url": "http://www.ardmediathek.de/appdata/servlet/tv/Sendung?documentId=19384600&json", "name": "Fluch des Falken"}, {"url": "http://www.ardmediathek.de/appdata/servlet/tv/Sendung?documentId=209758&json", "name": "Flutlicht"}, {"url": "http://www.ardmediathek.de/appdata/servlet/tv/Sendung?documentId=16874426&json", "name": "Frag doch mal die Maus"}, {"url": "http://www.ardmediathek.de/appdata/servlet/tv/Sendung?documentId=22673646&json", "name": "Frankenschau"}, {"url": "http://www.ardmediathek.de/appdata/servlet/tv/Sendung?documentId=14913732&json", "name": "Frankenschau aktuell"}, {"url": "http://www.ardmediathek.de/appdata/servlet/tv/Sendung?documentId=31081388&json", "name": "Frau Heinrich kommt"}, {"url": "http://www.ardmediathek.de/appdata/servlet/tv/Sendung?documentId=7535528&json", "name": "Frau tv"}, {"url": "http://www.ardmediathek.de/appdata/servlet/tv/Sendung?documentId=19248874&json", "name": "Freisprecher"}, {"url": "http://www.ardmediathek.de/appdata/servlet/tv/Sendung?documentId=13618400&json", "name": "Freitag tischt auf"}, {"url": "http://www.ardmediathek.de/appdata/servlet/tv/Sendung?documentId=17989562&json", "name": "freizeit"}, {"url": "http://www.ardmediathek.de/appdata/servlet/tv/Sendung?documentId=7545196&json", "name": "Fr\u00f6hlich lesen"}, {"url": "http://www.ardmediathek.de/appdata/servlet/tv/Sendung?documentId=21034796&json", "name": "Gartenlust"}, {"url": "http://www.ardmediathek.de/appdata/servlet/tv/Sendung?documentId=33031940&json", "name": "g\u00e4rtnern nat\u00fcrlich"}, {"url": "http://www.ardmediathek.de/appdata/servlet/tv/Sendung?documentId=30025068&json", "name": "Gef\u00e4llt mir"}, {"url": "http://www.ardmediathek.de/appdata/servlet/tv/Sendung?documentId=28362548&json", "name": "Gefragt - gejagt"}, {"url": "http://www.ardmediathek.de/appdata/servlet/tv/Sendung?documentId=25993150&json", "name": "Geheimnisvolle Orte"}, {"url": "http://www.ardmediathek.de/appdata/servlet/tv/Sendung?documentId=14912902&json", "name": "Geist &amp; Gehirn"}, {"url": "http://www.ardmediathek.de/appdata/servlet/tv/Sendung?documentId=14913400&json", "name": "Geld und Leben"}, {"url": "http://www.ardmediathek.de/appdata/servlet/tv/Sendung?documentId=15713292&json", "name": "George"}, {"url": "http://www.ardmediathek.de/appdata/servlet/tv/Sendung?documentId=14913378&json", "name": "Gernstl unterwegs"}, {"url": "http://www.ardmediathek.de/appdata/servlet/tv/Sendung?documentId=11768582&json", "name": "Geschichte Mitteldeutschlands"}, {"url": "http://www.ardmediathek.de/appdata/servlet/tv/Sendung?documentId=8412258&json", "name": "Geschichte Mitteldeutschlands "}, {"url": "http://www.ardmediathek.de/appdata/servlet/tv/Sendung?documentId=3374172&json", "name": "Geschichten aus Hessen"}, {"url": "http://www.ardmediathek.de/appdata/servlet/tv/Sendung?documentId=8758212&json", "name": "Geschichtsdokumentationen"}, {"url": "http://www.ardmediathek.de/appdata/servlet/tv/Sendung?documentId=17986474&json", "name": "Gesundheit!"}, {"url": "http://www.ardmediathek.de/appdata/servlet/tv/Sendung?documentId=14912710&json", "name": "Gipfeltreffen"}, {"url": "http://www.ardmediathek.de/appdata/servlet/tv/Sendung?documentId=2467350&json", "name": "Giraffe, Erdm\u00e4nnchen &amp; Co."}, {"url": "http://www.ardmediathek.de/appdata/servlet/tv/Sendung?documentId=18929644&json", "name": "Giraffe, Erdm\u00e4nnchen &amp; Co."}, {"url": "http://www.ardmediathek.de/appdata/servlet/tv/Sendung?documentId=20281138&json", "name": "Glaube - Liebe - Lust"}, {"url": "http://www.ardmediathek.de/appdata/servlet/tv/Sendung?documentId=7545428&json", "name": "Glaubw\u00fcrdig"}, {"url": "http://www.ardmediathek.de/appdata/servlet/tv/Sendung?documentId=14913086&json", "name": "GMBH"}, {"url": "http://www.ardmediathek.de/appdata/servlet/tv/Sendung?documentId=17603916&json", "name": "Gottesdienst"}, {"url": "http://www.ardmediathek.de/appdata/servlet/tv/Sendung?documentId=2833732&json", "name": "Gott und die Welt"}, {"url": "http://www.ardmediathek.de/appdata/servlet/tv/Sendung?documentId=14913096&json", "name": "GRIPS Deutsch"}, {"url": "http://www.ardmediathek.de/appdata/servlet/tv/Sendung?documentId=14913106&json", "name": "GRIPS Englisch"}, {"url": "http://www.ardmediathek.de/appdata/servlet/tv/Sendung?documentId=14913850&json", "name": "GRIPS Mathe"}, {"url": "http://www.ardmediathek.de/appdata/servlet/tv/Sendung?documentId=3001570&json", "name": "Gro\u00dfstadtrevier"}, {"url": "http://www.ardmediathek.de/appdata/servlet/tv/Sendung?documentId=14912750&json", "name": "Gr\u00fcnwald Freitagscomedy"}, {"url": "http://www.ardmediathek.de/appdata/servlet/tv/Sendung?documentId=249330&json", "name": "gr\u00fcnzeug"}, {"url": "http://www.ardmediathek.de/appdata/servlet/tv/Sendung?documentId=8109878&json", "name": "G\u00fcnther Jauch"}, {"url": "http://www.ardmediathek.de/appdata/servlet/tv/Sendung?documentId=19811342&json", "name": "Habe die Ehre"}, {"url": "http://www.ardmediathek.de/appdata/servlet/tv/Sendung?documentId=6899640&json", "name": "Hakan Nesser"}, {"url": "http://www.ardmediathek.de/appdata/servlet/tv/Sendung?documentId=9537582&json", "name": "hallo hessen"}, {"url": "http://www.ardmediathek.de/appdata/servlet/tv/Sendung?documentId=25231206&json", "name": "Hallo Niedersachsen"}, {"url": "http://www.ardmediathek.de/appdata/servlet/tv/Sendung?documentId=25231214&json", "name": "Hamburg Journal"}, {"url": "http://www.ardmediathek.de/appdata/servlet/tv/Sendung?documentId=31893876&json", "name": "Hamburg Journal 18.00"}, {"url": "http://www.ardmediathek.de/appdata/servlet/tv/Sendung?documentId=17732560&json", "name": "Hammer &amp; Sichl"}, {"url": "http://www.ardmediathek.de/appdata/servlet/tv/Sendung?documentId=17662568&json", "name": "Hannes und der B\u00fcrgermeister"}, {"url": "http://www.ardmediathek.de/appdata/servlet/tv/Sendung?documentId=14049128&json", "name": "Hanseblick"}, {"url": "http://www.ardmediathek.de/appdata/servlet/tv/Sendung?documentId=561146&json", "name": "Hart aber fair"}, {"url": "http://www.ardmediathek.de/appdata/servlet/tv/Sendung?documentId=7545180&json", "name": "Hauptsache gesund"}, {"url": "http://www.ardmediathek.de/appdata/servlet/tv/Sendung?documentId=3469854&json", "name": "hauptsache kultur"}, {"url": "http://www.ardmediathek.de/appdata/servlet/tv/Sendung?documentId=14913116&json", "name": "Heimatbilder"}, {"url": "http://www.ardmediathek.de/appdata/servlet/tv/Sendung?documentId=3913636&json", "name": "HEIMATJOURNAL"}, {"url": "http://www.ardmediathek.de/appdata/servlet/tv/Sendung?documentId=14913136&json", "name": "Heimatrauschen"}, {"url": "http://www.ardmediathek.de/appdata/servlet/tv/Sendung?documentId=14913332&json", "name": "Heimatsound (BR Fernsehen)"}, {"url": "http://www.ardmediathek.de/appdata/servlet/tv/Sendung?documentId=34547976&json", "name": "Hei\u00dfmann + Rassau"}, {"url": "http://www.ardmediathek.de/appdata/servlet/tv/Sendung?documentId=3473934&json", "name": "herkules"}, {"url": "http://www.ardmediathek.de/appdata/servlet/tv/Sendung?documentId=30385176&json", "name": "Herrliches Hessen"}, {"url": "http://www.ardmediathek.de/appdata/servlet/tv/Sendung?documentId=3343878&json", "name": "Herzenssache"}, {"url": "http://www.ardmediathek.de/appdata/servlet/tv/Sendung?documentId=18965696&json", "name": "Hessen \u00e0 la carte"}, {"url": "http://www.ardmediathek.de/appdata/servlet/tv/Sendung?documentId=18719278&json", "name": "hessen extra"}, {"url": "http://www.ardmediathek.de/appdata/servlet/tv/Sendung?documentId=3469022&json", "name": "Hessenquiz"}, {"url": "http://www.ardmediathek.de/appdata/servlet/tv/Sendung?documentId=3366970&json", "name": "hessenreporter"}, {"url": "http://www.ardmediathek.de/appdata/servlet/tv/Sendung?documentId=3301950&json", "name": "hessenschau"}, {"url": "http://www.ardmediathek.de/appdata/servlet/tv/Sendung?documentId=3473942&json", "name": "hessentipp"}, {"url": "http://www.ardmediathek.de/appdata/servlet/tv/Sendung?documentId=13401106&json", "name": "Heute auf Tour"}, {"url": "http://www.ardmediathek.de/appdata/servlet/tv/Sendung?documentId=14106094&json", "name": "Heute im Osten"}, {"url": "http://www.ardmediathek.de/appdata/servlet/tv/Sendung?documentId=9951424&json", "name": "Heute im Parlament"}, {"url": "http://www.ardmediathek.de/appdata/servlet/tv/Sendung?documentId=13618324&json", "name": "HIER UND HEUTE"}, {"url": "http://www.ardmediathek.de/appdata/servlet/tv/Sendung?documentId=574758&json", "name": "Hierzuland"}, {"url": "http://www.ardmediathek.de/appdata/servlet/tv/Sendung?documentId=3907830&json", "name": "Himmel und Erde"}, {"url": "http://www.ardmediathek.de/appdata/servlet/tv/Sendung?documentId=14923584&json", "name": "Hirschhausens Quiz des Menschen"}, {"url": "http://www.ardmediathek.de/appdata/servlet/tv/Sendung?documentId=29503374&json", "name": "Hirschhausens Quiz des Menschen"}, {"url": "http://www.ardmediathek.de/appdata/servlet/tv/Sendung?documentId=3474872&json", "name": "horizonte"}, {"url": "http://www.ardmediathek.de/appdata/servlet/tv/Sendung?documentId=32325502&json", "name": "Hubert und Staller"}, {"url": "http://www.ardmediathek.de/appdata/servlet/tv/Sendung?documentId=30176536&json", "name": "Huck"}, {"url": "http://www.ardmediathek.de/appdata/servlet/tv/Sendung?documentId=27127872&json", "name": "HumorZone"}, {"url": "http://www.ardmediathek.de/appdata/servlet/tv/Sendung?documentId=31787402&json", "name": "HundertprozentIch"}, {"url": "http://www.ardmediathek.de/appdata/servlet/tv/Sendung?documentId=14913126&json", "name": "Ich mach&#039;s!"}, {"url": "http://www.ardmediathek.de/appdata/servlet/tv/Sendung?documentId=32588892&json", "name": "Ich mach&#039; weiter"}, {"url": "http://www.ardmediathek.de/appdata/servlet/tv/Sendung?documentId=22380516&json", "name": "Ich stelle mich"}, {"url": "http://www.ardmediathek.de/appdata/servlet/tv/Sendung?documentId=34823856&json", "name": "Ihre Meinung"}, {"url": "http://www.ardmediathek.de/appdata/servlet/tv/Sendung?documentId=27081432&json", "name": "Im S\u00fcdwesten"}, {"url": "http://www.ardmediathek.de/appdata/servlet/tv/Sendung?documentId=10535908&json", "name": "in.puncto"}, {"url": "http://www.ardmediathek.de/appdata/servlet/tv/Sendung?documentId=6032920&json", "name": "In aller Freundschaft"}, {"url": "http://www.ardmediathek.de/appdata/servlet/tv/Sendung?documentId=13258516&json", "name": "In aller Freundschaft"}, {"url": "http://www.ardmediathek.de/appdata/servlet/tv/Sendung?documentId=24966374&json", "name": "In aller Freundschaft - Die jungen \u00c4rzte"}, {"url": "http://www.ardmediathek.de/appdata/servlet/tv/Sendung?documentId=32675180&json", "name": "In aller Freundschaft - Die jungen \u00c4rzte"}, {"url": "http://www.ardmediathek.de/appdata/servlet/tv/Sendung?documentId=35458498&json", "name": "In aller Freundschaft - Die jungen \u00c4rzte"}, {"url": "http://www.ardmediathek.de/appdata/servlet/tv/Sendung?documentId=3411450&json", "name": "Inas Nacht"}, {"url": "http://www.ardmediathek.de/appdata/servlet/tv/Sendung?documentId=17025660&json", "name": "In Deutschland um die Welt"}, {"url": "http://www.ardmediathek.de/appdata/servlet/tv/Sendung?documentId=14049136&json", "name": "Intensiv-Station"}, {"url": "http://www.ardmediathek.de/appdata/servlet/tv/Sendung?documentId=1528132&json", "name": "Interviews und Extras"}, {"url": "http://www.ardmediathek.de/appdata/servlet/tv/Sendung?documentId=33031936&json", "name": "Iss besser!"}, {"url": "http://www.ardmediathek.de/appdata/servlet/tv/Sendung?documentId=13697880&json", "name": "It&#039;s Fashion"}, {"url": "http://www.ardmediathek.de/appdata/servlet/tv/Sendung?documentId=33031928&json", "name": "Jennifer - Sehnsucht nach was Besseres"}, {"url": "http://www.ardmediathek.de/appdata/servlet/tv/Sendung?documentId=22318404&json", "name": "Jetzt mal ehrlich"}, {"url": "http://www.ardmediathek.de/appdata/servlet/tv/Sendung?documentId=14912496&json", "name": "jetzt red i"}, {"url": "http://www.ardmediathek.de/appdata/servlet/tv/Sendung?documentId=14913420&json", "name": "Jetzt red i - Europa"}, {"url": "http://www.ardmediathek.de/appdata/servlet/tv/Sendung?documentId=14913026&json", "name": "Joseph von Fraunhofer - Dunkle Linien im Sonnenlicht"}, {"url": "http://www.ardmediathek.de/appdata/servlet/tv/Sendung?documentId=247654&json", "name": "Kabarett &amp; Comedy"}, {"url": "http://www.ardmediathek.de/appdata/servlet/tv/Sendung?documentId=14913322&json", "name": "Kabarett aus Franken"}, {"url": "http://www.ardmediathek.de/appdata/servlet/tv/Sendung?documentId=243480&json", "name": "Kaffee oder Tee"}, {"url": "http://www.ardmediathek.de/appdata/servlet/tv/Sendung?documentId=30159178&json", "name": "Kann es Johannes"}, {"url": "http://www.ardmediathek.de/appdata/servlet/tv/Sendung?documentId=35571906&json", "name": "Kann es Johannes"}, {"url": "http://www.ardmediathek.de/appdata/servlet/tv/Sendung?documentId=14913184&json", "name": "Kant f\u00fcr Anf\u00e4nger"}, {"url": "http://www.ardmediathek.de/appdata/servlet/tv/Sendung?documentId=10187260&json", "name": "Kanzleramt Pforte D"}, {"url": "http://www.ardmediathek.de/appdata/servlet/tv/Sendung?documentId=9341378&json", "name": "Karneval im Ersten"}, {"url": "http://www.ardmediathek.de/appdata/servlet/tv/Sendung?documentId=7382518&json", "name": "Kesslers Expedition"}, {"url": "http://www.ardmediathek.de/appdata/servlet/tv/Sendung?documentId=29281288&json", "name": "Kim Fisher entdeckt Schloss..."}, {"url": "http://www.ardmediathek.de/appdata/servlet/tv/Sendung?documentId=14913678&json", "name": "kinokino"}, {"url": "http://www.ardmediathek.de/appdata/servlet/tv/Sendung?documentId=8754220&json", "name": "Kino Royal"}, {"url": "http://www.ardmediathek.de/appdata/servlet/tv/Sendung?documentId=15447312&json", "name": "Kinozeit Dokumentarfilm"}, {"url": "http://www.ardmediathek.de/appdata/servlet/tv/Sendung?documentId=4112710&json", "name": "Kirchliche Sendungen"}, {"url": "http://www.ardmediathek.de/appdata/servlet/tv/Sendung?documentId=17603912&json", "name": "Kissenkino"}, {"url": "http://www.ardmediathek.de/appdata/servlet/tv/Sendung?documentId=3913652&json", "name": "KLARTEXT"}, {"url": "http://www.ardmediathek.de/appdata/servlet/tv/Sendung?documentId=14913194&json", "name": "Klassiker der Weltliteratur"}, {"url": "http://www.ardmediathek.de/appdata/servlet/tv/Sendung?documentId=10535916&json", "name": "Klub Konkret"}, {"url": "http://www.ardmediathek.de/appdata/servlet/tv/Sendung?documentId=13005518&json", "name": "Kochen mit Martina und Moritz"}, {"url": "http://www.ardmediathek.de/appdata/servlet/tv/Sendung?documentId=16335704&json", "name": "K\u00f6che und Moor"}, {"url": "http://www.ardmediathek.de/appdata/servlet/tv/Sendung?documentId=12877154&json", "name": "K\u00f6lner Treff"}, {"url": "http://www.ardmediathek.de/appdata/servlet/tv/Sendung?documentId=12384312&json", "name": "Kommissar Wallander"}, {"url": "http://www.ardmediathek.de/appdata/servlet/tv/Sendung?documentId=13005502&json", "name": "K\u00f6nnes k\u00e4mpft"}, {"url": "http://www.ardmediathek.de/appdata/servlet/tv/Sendung?documentId=14913214&json", "name": "Konrad Duden"}, {"url": "http://www.ardmediathek.de/appdata/servlet/tv/Sendung?documentId=431796&json", "name": "Kontraste"}, {"url": "http://www.ardmediathek.de/appdata/servlet/tv/Sendung?documentId=14913688&json", "name": "Kontrovers"}, {"url": "http://www.ardmediathek.de/appdata/servlet/tv/Sendung?documentId=443428&json", "name": "Kopfball"}, {"url": "http://www.ardmediathek.de/appdata/servlet/tv/Sendung?documentId=16361776&json", "name": "Kowalski &amp; Schmidt"}, {"url": "http://www.ardmediathek.de/appdata/servlet/tv/Sendung?documentId=27680744&json", "name": "Krause kommt"}, {"url": "http://www.ardmediathek.de/appdata/servlet/tv/Sendung?documentId=14199392&json", "name": "Kripo live"}, {"url": "http://www.ardmediathek.de/appdata/servlet/tv/Sendung?documentId=34483788&json", "name": "KR\u00d6MER - Late Night Show"}, {"url": "http://www.ardmediathek.de/appdata/servlet/tv/Sendung?documentId=3487828&json", "name": "Kulturjournal"}, {"url": "http://www.ardmediathek.de/appdata/servlet/tv/Sendung?documentId=19396202&json", "name": "kulturmatin\u00e9e"}, {"url": "http://www.ardmediathek.de/appdata/servlet/tv/Sendung?documentId=4040692&json", "name": "Kulturspiegel"}, {"url": "http://www.ardmediathek.de/appdata/servlet/tv/Sendung?documentId=18349524&json", "name": "Kunscht!"}, {"url": "http://www.ardmediathek.de/appdata/servlet/tv/Sendung?documentId=14912882&json", "name": "Kunst &amp; Krempel"}, {"url": "http://www.ardmediathek.de/appdata/servlet/tv/Sendung?documentId=17603882&json", "name": "Kurzfilme"}, {"url": "http://www.ardmediathek.de/appdata/servlet/tv/Sendung?documentId=24833612&json", "name": "Kurzfilm-Nacht"}, {"url": "http://www.ardmediathek.de/appdata/servlet/tv/Sendung?documentId=24073074&json", "name": "Ladies Night"}, {"url": "http://www.ardmediathek.de/appdata/servlet/tv/Sendung?documentId=23019652&json", "name": "Landauer - der Mann, der den FC Bayern erfand"}, {"url": "http://www.ardmediathek.de/appdata/servlet/tv/Sendung?documentId=11360794&json", "name": "L\u00e4nder kompakt"}, {"url": "http://www.ardmediathek.de/appdata/servlet/tv/Sendung?documentId=983328&json", "name": "l\u00e4nder menschen abenteuer"}, {"url": "http://www.ardmediathek.de/appdata/servlet/tv/Sendung?documentId=14464364&json", "name": "L\u00e4nder - Menschen - Abenteuer"}, {"url": "http://www.ardmediathek.de/appdata/servlet/tv/Sendung?documentId=1026398&json", "name": "Landesart"}, {"url": "http://www.ardmediathek.de/appdata/servlet/tv/Sendung?documentId=254078&json", "name": "Landesschau aktuell Baden-W\u00fcrttemberg"}, {"url": "http://www.ardmediathek.de/appdata/servlet/tv/Sendung?documentId=205724&json", "name": "Landesschau aktuell Rheinland-Pfalz"}, {"url": "http://www.ardmediathek.de/appdata/servlet/tv/Sendung?documentId=250286&json", "name": "Landesschau Baden-W\u00fcrttemberg"}, {"url": "http://www.ardmediathek.de/appdata/servlet/tv/Sendung?documentId=24925108&json", "name": "Landesschau Mobil"}, {"url": "http://www.ardmediathek.de/appdata/servlet/tv/Sendung?documentId=207880&json", "name": "Landesschau Rheinland-Pfalz"}, {"url": "http://www.ardmediathek.de/appdata/servlet/tv/Sendung?documentId=2790120&json", "name": "Landesschau unterwegs"}, {"url": "http://www.ardmediathek.de/appdata/servlet/tv/Sendung?documentId=14912808&json", "name": "Landgasth\u00e4user"}, {"url": "http://www.ardmediathek.de/appdata/servlet/tv/Sendung?documentId=34394882&json", "name": "Landleben4.0"}, {"url": "http://www.ardmediathek.de/appdata/servlet/tv/Sendung?documentId=14049144&json", "name": "Landpartie - Im Norden unterwegs"}, {"url": "http://www.ardmediathek.de/appdata/servlet/tv/Sendung?documentId=30180608&json", "name": "Landschw\u00e4rmer"}, {"url": "http://www.ardmediathek.de/appdata/servlet/tv/Sendung?documentId=7470294&json", "name": "Land und lecker"}, {"url": "http://www.ardmediathek.de/appdata/servlet/tv/Sendung?documentId=10535924&json", "name": "LEBEN!"}, {"url": "http://www.ardmediathek.de/appdata/servlet/tv/Sendung?documentId=14912774&json", "name": "Lebensl\u00e4nglich Mord"}, {"url": "http://www.ardmediathek.de/appdata/servlet/tv/Sendung?documentId=23950672&json", "name": "Lebensl\u00e4ufe"}, {"url": "http://www.ardmediathek.de/appdata/servlet/tv/Sendung?documentId=14913740&json", "name": "Lebenslinien"}, {"url": "http://www.ardmediathek.de/appdata/servlet/tv/Sendung?documentId=18941746&json", "name": "Lebensretter"}, {"url": "http://www.ardmediathek.de/appdata/servlet/tv/Sendung?documentId=7825656&json", "name": "Lecker aufs Land - eine kulinarische Reise"}, {"url": "http://www.ardmediathek.de/appdata/servlet/tv/Sendung?documentId=28638166&json", "name": "Leibspeise mal ANDERS"}, {"url": "http://www.ardmediathek.de/appdata/servlet/tv/Sendung?documentId=30117288&json", "name": "Leichtathletik-WM 2015 in Peking"}, {"url": "http://www.ardmediathek.de/appdata/servlet/tv/Sendung?documentId=25308354&json", "name": "Leif trifft..."}, {"url": "http://www.ardmediathek.de/appdata/servlet/tv/Sendung?documentId=1100796&json", "name": "lesenswert"}, {"url": "http://www.ardmediathek.de/appdata/servlet/tv/Sendung?documentId=14912624&json", "name": "LeseZeichen"}, {"url": "http://www.ardmediathek.de/appdata/servlet/tv/Sendung?documentId=8758476&json", "name": "Leute night"}, {"url": "http://www.ardmediathek.de/appdata/servlet/tv/Sendung?documentId=7545188&json", "name": "LexiTV"}, {"url": "http://www.ardmediathek.de/appdata/servlet/tv/Sendung?documentId=25307758&json", "name": "Lichters Originale"}, {"url": "http://www.ardmediathek.de/appdata/servlet/tv/Sendung?documentId=13618392&json", "name": "Lichters Schnitzeljagd"}, {"url": "http://www.ardmediathek.de/appdata/servlet/tv/Sendung?documentId=14912680&json", "name": "LIDO"}, {"url": "http://www.ardmediathek.de/appdata/servlet/tv/Sendung?documentId=33031912&json", "name": "Lieb &amp; Teuer"}, {"url": "http://www.ardmediathek.de/appdata/servlet/tv/Sendung?documentId=5280&json", "name": "Lindenstra\u00dfe"}, {"url": "http://www.ardmediathek.de/appdata/servlet/tv/Sendung?documentId=14913222&json", "name": "L\u00f3gos"}, {"url": "http://www.ardmediathek.de/appdata/servlet/tv/Sendung?documentId=25377998&json", "name": "Lokalzeit"}, {"url": "http://www.ardmediathek.de/appdata/servlet/tv/Sendung?documentId=7293556&json", "name": "Lokalzeit aus Aachen"}, {"url": "http://www.ardmediathek.de/appdata/servlet/tv/Sendung?documentId=7293564&json", "name": "Lokalzeit aus Bonn"}, {"url": "http://www.ardmediathek.de/appdata/servlet/tv/Sendung?documentId=7293572&json", "name": "Lokalzeit aus Dortmund"}, {"url": "http://www.ardmediathek.de/appdata/servlet/tv/Sendung?documentId=7293588&json", "name": "Lokalzeit aus Duisburg"}, {"url": "http://www.ardmediathek.de/appdata/servlet/tv/Sendung?documentId=7293580&json", "name": "Lokalzeit aus D\u00fcsseldorf"}, {"url": "http://www.ardmediathek.de/appdata/servlet/tv/Sendung?documentId=7293596&json", "name": "Lokalzeit aus K\u00f6ln"}, {"url": "http://www.ardmediathek.de/appdata/servlet/tv/Sendung?documentId=7293604&json", "name": "Lokalzeit Bergisches Land"}, {"url": "http://www.ardmediathek.de/appdata/servlet/tv/Sendung?documentId=14765016&json", "name": "Lokalzeitgeschichten"}, {"url": "http://www.ardmediathek.de/appdata/servlet/tv/Sendung?documentId=7293612&json", "name": "Lokalzeit M\u00fcnsterland"}, {"url": "http://www.ardmediathek.de/appdata/servlet/tv/Sendung?documentId=7293620&json", "name": "Lokalzeit OWL"}, {"url": "http://www.ardmediathek.de/appdata/servlet/tv/Sendung?documentId=7293628&json", "name": "Lokalzeit Ruhr"}, {"url": "http://www.ardmediathek.de/appdata/servlet/tv/Sendung?documentId=7293636&json", "name": "Lokalzeit S\u00fcdwestfalen"}, {"url": "http://www.ardmediathek.de/appdata/servlet/tv/Sendung?documentId=15404624&json", "name": "Lust auf ..."}, {"url": "http://www.ardmediathek.de/appdata/servlet/tv/Sendung?documentId=35033204&json", "name": "Lust auf Backen"}, {"url": "http://www.ardmediathek.de/appdata/servlet/tv/Sendung?documentId=33031904&json", "name": "Lust auf Norden"}, {"url": "http://www.ardmediathek.de/appdata/servlet/tv/Sendung?documentId=3914776&json", "name": "Luzyca"}, {"url": "http://www.ardmediathek.de/appdata/servlet/tv/Sendung?documentId=9980146&json", "name": "Mach dich ran"}, {"url": "http://www.ardmediathek.de/appdata/servlet/tv/Sendung?documentId=32943652&json", "name": "Mach mal"}, {"url": "http://www.ardmediathek.de/appdata/servlet/tv/Sendung?documentId=29815332&json", "name": "machtan"}, {"url": "http://www.ardmediathek.de/appdata/servlet/tv/Sendung?documentId=22597030&json", "name": "Made in Berlin"}, {"url": "http://www.ardmediathek.de/appdata/servlet/tv/Sendung?documentId=2499530&json", "name": "made in S\u00fcdwest"}, {"url": "http://www.ardmediathek.de/appdata/servlet/tv/Sendung?documentId=4040700&json", "name": "mag&#039;s"}, {"url": "http://www.ardmediathek.de/appdata/servlet/tv/Sendung?documentId=14913310&json", "name": "Maibockanstich"}, {"url": "http://www.ardmediathek.de/appdata/servlet/tv/Sendung?documentId=3414220&json", "name": "maintower"}, {"url": "http://www.ardmediathek.de/appdata/servlet/tv/Sendung?documentId=1585104&json", "name": "Mainz bleibt Mainz"}, {"url": "http://www.ardmediathek.de/appdata/servlet/tv/Sendung?documentId=311210&json", "name": "Maischberger"}, {"url": "http://www.ardmediathek.de/appdata/servlet/tv/Sendung?documentId=10318954&json", "name": "Mankells Wallander"}, {"url": "http://www.ardmediathek.de/appdata/servlet/tv/Sendung?documentId=34634264&json", "name": "Mann/Frau"}, {"url": "http://www.ardmediathek.de/appdata/servlet/tv/Sendung?documentId=22654962&json", "name": "MANN/FRAU"}, {"url": "http://www.ardmediathek.de/appdata/servlet/tv/Sendung?documentId=17603866&json", "name": "M\u00e4rchen"}, {"url": "http://www.ardmediathek.de/appdata/servlet/tv/Sendung?documentId=14049152&json", "name": "mareTV"}, {"url": "http://www.ardmediathek.de/appdata/servlet/tv/Sendung?documentId=13618388&json", "name": "Markencheck"}, {"url": "http://www.ardmediathek.de/appdata/servlet/tv/Sendung?documentId=7486252&json", "name": "Markt"}, {"url": "http://www.ardmediathek.de/appdata/servlet/tv/Sendung?documentId=14049160&json", "name": "Markt"}, {"url": "http://www.ardmediathek.de/appdata/servlet/tv/Sendung?documentId=1665616&json", "name": "MARKTCHECK"}, {"url": "http://www.ardmediathek.de/appdata/servlet/tv/Sendung?documentId=14913232&json", "name": "Mathematik zum Anfassen"}, {"url": "http://www.ardmediathek.de/appdata/servlet/tv/Sendung?documentId=15123138&json", "name": "MDR +"}, {"url": "http://www.ardmediathek.de/appdata/servlet/tv/Sendung?documentId=7545132&json", "name": "MDR aktuell"}, {"url": "http://www.ardmediathek.de/appdata/servlet/tv/Sendung?documentId=7545436&json", "name": "MDR extra"}, {"url": "http://www.ardmediathek.de/appdata/servlet/tv/Sendung?documentId=7545092&json", "name": "MDR Garten"}, {"url": "http://www.ardmediathek.de/appdata/servlet/tv/Sendung?documentId=7545148&json", "name": "MDR SACHSEN-ANHALT HEUTE"}, {"url": "http://www.ardmediathek.de/appdata/servlet/tv/Sendung?documentId=7545252&json", "name": "MDR SACHSEN-ANHALT HEUTE kompakt"}, {"url": "http://www.ardmediathek.de/appdata/servlet/tv/Sendung?documentId=7545204&json", "name": "MDR SACHSENSPIEGEL"}, {"url": "http://www.ardmediathek.de/appdata/servlet/tv/Sendung?documentId=7545292&json", "name": "MDR SACHSENSPIEGEL kompakt"}, {"url": "http://www.ardmediathek.de/appdata/servlet/tv/Sendung?documentId=7545420&json", "name": "MDR TH\u00dcRINGEN JOURNAL"}, {"url": "http://www.ardmediathek.de/appdata/servlet/tv/Sendung?documentId=7545332&json", "name": "MDR TH\u00dcRINGEN JOURNAL kompakt"}, {"url": "http://www.ardmediathek.de/appdata/servlet/tv/Sendung?documentId=18679606&json", "name": "MDR um 11"}, {"url": "http://www.ardmediathek.de/appdata/servlet/tv/Sendung?documentId=18560338&json", "name": "MDR um 2"}, {"url": "http://www.ardmediathek.de/appdata/servlet/tv/Sendung?documentId=18560348&json", "name": "MDR um 4"}, {"url": "http://www.ardmediathek.de/appdata/servlet/tv/Sendung?documentId=9375388&json", "name": "MDR vor Ort"}, {"url": "http://www.ardmediathek.de/appdata/servlet/tv/Sendung?documentId=30383700&json", "name": "MDR Zeitreise"}, {"url": "http://www.ardmediathek.de/appdata/servlet/tv/Sendung?documentId=27866224&json", "name": "Medienethik"}, {"url": "http://www.ardmediathek.de/appdata/servlet/tv/Sendung?documentId=34621334&json", "name": "mehr/wert"}, {"url": "http://www.ardmediathek.de/appdata/servlet/tv/Sendung?documentId=17603850&json", "name": "Meine neue Familie"}, {"url": "http://www.ardmediathek.de/appdata/servlet/tv/Sendung?documentId=20413134&json", "name": "Meine zweite Chance"}, {"url": "http://www.ardmediathek.de/appdata/servlet/tv/Sendung?documentId=34799632&json", "name": "Mein Garten, Dein Garten"}, {"url": "http://www.ardmediathek.de/appdata/servlet/tv/Sendung?documentId=33031896&json", "name": "Mein Nachmittag"}, {"url": "http://www.ardmediathek.de/appdata/servlet/tv/Sendung?documentId=14049168&json", "name": "Mein sch\u00f6nes Land TV"}, {"url": "http://www.ardmediathek.de/appdata/servlet/tv/Sendung?documentId=10107494&json", "name": "Meister des Alltags"}, {"url": "http://www.ardmediathek.de/appdata/servlet/tv/Sendung?documentId=29323100&json", "name": "Meisterk\u00fcche"}, {"url": "http://www.ardmediathek.de/appdata/servlet/tv/Sendung?documentId=34152204&json", "name": "Mensch, bin ich toll"}, {"url": "http://www.ardmediathek.de/appdata/servlet/tv/Sendung?documentId=7535538&json", "name": "Menschen hautnah"}, {"url": "http://www.ardmediathek.de/appdata/servlet/tv/Sendung?documentId=8758536&json", "name": "Menschen unter uns"}, {"url": "http://www.ardmediathek.de/appdata/servlet/tv/Sendung?documentId=8758102&json", "name": "MENSCH LEUTE"}, {"url": "http://www.ardmediathek.de/appdata/servlet/tv/Sendung?documentId=6223222&json", "name": "MENSCH LEUTE Baden-W\u00fcrttemberg"}, {"url": "http://www.ardmediathek.de/appdata/servlet/tv/Sendung?documentId=3475172&json", "name": "mex"}, {"url": "http://www.ardmediathek.de/appdata/servlet/tv/Sendung?documentId=27040332&json", "name": "Mit Bock durchs Land"}, {"url": "http://www.ardmediathek.de/appdata/servlet/tv/Sendung?documentId=17624222&json", "name": "Mit leichtem Gep\u00e4ck"}, {"url": "http://www.ardmediathek.de/appdata/servlet/tv/Sendung?documentId=314636&json", "name": "Mittagsmagazin"}, {"url": "http://www.ardmediathek.de/appdata/servlet/tv/Sendung?documentId=34392786&json", "name": "Mitten in Deutschland: NSU"}, {"url": "http://www.ardmediathek.de/appdata/servlet/tv/Sendung?documentId=12877190&json", "name": "Mitternachtsspitzen"}, {"url": "http://www.ardmediathek.de/appdata/servlet/tv/Sendung?documentId=438224&json", "name": "Monitor"}, {"url": "http://www.ardmediathek.de/appdata/servlet/tv/Sendung?documentId=26727218&json", "name": "MORA"}, {"url": "http://www.ardmediathek.de/appdata/servlet/tv/Sendung?documentId=6683938&json", "name": "Mordkommission Istanbul"}, {"url": "http://www.ardmediathek.de/appdata/servlet/tv/Sendung?documentId=435054&json", "name": "Morgenmagazin"}, {"url": "http://www.ardmediathek.de/appdata/servlet/tv/Sendung?documentId=11501420&json", "name": "motzgurke.tv"}, {"url": "http://www.ardmediathek.de/appdata/servlet/tv/Sendung?documentId=35310924&json", "name": "M\u00fcnchen 7"}, {"url": "http://www.ardmediathek.de/appdata/servlet/tv/Sendung?documentId=14913468&json", "name": "M\u00fcnchner Runde"}, {"url": "http://www.ardmediathek.de/appdata/servlet/tv/Sendung?documentId=18967316&json", "name": "Musik"}, {"url": "http://www.ardmediathek.de/appdata/servlet/tv/Sendung?documentId=17603842&json", "name": "Musik &amp; Show"}, {"url": "http://www.ardmediathek.de/appdata/servlet/tv/Sendung?documentId=14913242&json", "name": "Musikgeschichte(n)"}, {"url": "http://www.ardmediathek.de/appdata/servlet/tv/Sendung?documentId=7021916&json", "name": "Musiksendungen im Ersten"}, {"url": "http://www.ardmediathek.de/appdata/servlet/tv/Sendung?documentId=23445080&json", "name": "Mut gegen Macht"}, {"url": "http://www.ardmediathek.de/appdata/servlet/tv/Sendung?documentId=15304566&json", "name": "My Hometown"}, {"url": "http://www.ardmediathek.de/appdata/servlet/tv/Sendung?documentId=14913252&json", "name": "Mythen"}, {"url": "http://www.ardmediathek.de/appdata/servlet/tv/Sendung?documentId=14912614&json", "name": "nachbarn"}, {"url": "http://www.ardmediathek.de/appdata/servlet/tv/Sendung?documentId=34554760&json", "name": "nacht:sicht"}, {"url": "http://www.ardmediathek.de/appdata/servlet/tv/Sendung?documentId=247716&json", "name": "NACHTCAF\u00e9"}, {"url": "http://www.ardmediathek.de/appdata/servlet/tv/Sendung?documentId=14913146&json", "name": "Nachtlinie"}, {"url": "http://www.ardmediathek.de/appdata/servlet/tv/Sendung?documentId=331152&json", "name": "Nachtmagazin"}, {"url": "http://www.ardmediathek.de/appdata/servlet/tv/Sendung?documentId=11573640&json", "name": "Nadia auf den Spuren der Liebe"}, {"url": "http://www.ardmediathek.de/appdata/servlet/tv/Sendung?documentId=7545244&json", "name": "Nah dran"}, {"url": "http://www.ardmediathek.de/appdata/servlet/tv/Sendung?documentId=3849826&json", "name": "Nashorn, Zebra &amp; Co."}, {"url": "http://www.ardmediathek.de/appdata/servlet/tv/Sendung?documentId=17603854&json", "name": "Naturfilme"}, {"url": "http://www.ardmediathek.de/appdata/servlet/tv/Sendung?documentId=1026394&json", "name": "nat\u00fcrlich!"}, {"url": "http://www.ardmediathek.de/appdata/servlet/tv/Sendung?documentId=14049240&json", "name": "NaturNah"}, {"url": "http://www.ardmediathek.de/appdata/servlet/tv/Sendung?documentId=14464388&json", "name": "NDR aktuell"}, {"url": "http://www.ardmediathek.de/appdata/servlet/tv/Sendung?documentId=14049248&json", "name": "NDR Comedy Contest"}, {"url": "http://www.ardmediathek.de/appdata/servlet/tv/Sendung?documentId=14049264&json", "name": "NDR  Das Beste am Norden"}, {"url": "http://www.ardmediathek.de/appdata/servlet/tv/Sendung?documentId=3750154&json", "name": "NDR-Reportagen f\u00fcr Das Erste"}, {"url": "http://www.ardmediathek.de/appdata/servlet/tv/Sendung?documentId=16409712&json", "name": "NDR Talk Show"}, {"url": "http://www.ardmediathek.de/appdata/servlet/tv/Sendung?documentId=33031888&json", "name": "NDR Talk Show classics"}, {"url": "http://www.ardmediathek.de/appdata/servlet/tv/Sendung?documentId=14464356&json", "name": "Neues aus B\u00fcttenwarder"}, {"url": "http://www.ardmediathek.de/appdata/servlet/tv/Sendung?documentId=431486&json", "name": "neuneinhalb - das Nachrichtenmagazin f\u00fcr Kinder"}, {"url": "http://www.ardmediathek.de/appdata/servlet/tv/Sendung?documentId=31893884&json", "name": "Niedersachsen 18.00 Uhr"}, {"url": "http://www.ardmediathek.de/appdata/servlet/tv/Sendung?documentId=3321800&json", "name": "Nie wieder keine Ahnung!"}, {"url": "http://www.ardmediathek.de/appdata/servlet/tv/Sendung?documentId=3341592&json", "name": "NightWash"}, {"url": "http://www.ardmediathek.de/appdata/servlet/tv/Sendung?documentId=21076392&json", "name": "NightWash"}, {"url": "http://www.ardmediathek.de/appdata/servlet/tv/Sendung?documentId=25231222&json", "name": "Nordmagazin"}, {"url": "http://www.ardmediathek.de/appdata/servlet/tv/Sendung?documentId=31893892&json", "name": "Nordmagazin - Land und Leute"}, {"url": "http://www.ardmediathek.de/appdata/servlet/tv/Sendung?documentId=14464404&json", "name": "Nordseereport"}, {"url": "http://www.ardmediathek.de/appdata/servlet/tv/Sendung?documentId=33031880&json", "name": "Nordtour"}, {"url": "http://www.ardmediathek.de/appdata/servlet/tv/Sendung?documentId=30596148&json", "name": "Nuhr ab 18"}, {"url": "http://www.ardmediathek.de/appdata/servlet/tv/Sendung?documentId=1858312&json", "name": "NUHR im Ersten - Der Satiregipfel"}, {"url": "http://www.ardmediathek.de/appdata/servlet/tv/Sendung?documentId=246888&json", "name": "odysso - Wissen im SWR"}, {"url": "http://www.ardmediathek.de/appdata/servlet/tv/Sendung?documentId=33031868&json", "name": "Offen gesagt"}, {"url": "http://www.ardmediathek.de/appdata/servlet/tv/Sendung?documentId=19337182&json", "name": "Olaf verbessert die Welt!"}, {"url": "http://www.ardmediathek.de/appdata/servlet/tv/Sendung?documentId=14049176&json", "name": "Ostsee Report"}, {"url": "http://www.ardmediathek.de/appdata/servlet/tv/Sendung?documentId=3914784&json", "name": "OZON unterwegs"}, {"url": "http://www.ardmediathek.de/appdata/servlet/tv/Sendung?documentId=33436616&json", "name": "Paarduell"}, {"url": "http://www.ardmediathek.de/appdata/servlet/tv/Sendung?documentId=30403748&json", "name": "P\u00e4lzisch im Abgang"}, {"url": "http://www.ardmediathek.de/appdata/servlet/tv/Sendung?documentId=10027190&json", "name": "Panda, Gorilla &amp; Co."}, {"url": "http://www.ardmediathek.de/appdata/servlet/tv/Sendung?documentId=16355486&json", "name": "Panda, Gorilla &amp; Co."}, {"url": "http://www.ardmediathek.de/appdata/servlet/tv/Sendung?documentId=310918&json", "name": "Panorama"}, {"url": "http://www.ardmediathek.de/appdata/servlet/tv/Sendung?documentId=14049184&json", "name": "Panorama 3"}, {"url": "http://www.ardmediathek.de/appdata/servlet/tv/Sendung?documentId=14049192&json", "name": "Panorama - die Reporter"}, {"url": "http://www.ardmediathek.de/appdata/servlet/tv/Sendung?documentId=28704902&json", "name": "Papageien, Palmen &amp; Co."}, {"url": "http://www.ardmediathek.de/appdata/servlet/tv/Sendung?documentId=27228764&json", "name": "Paula, Anna und die wilden Lieder"}, {"url": "http://www.ardmediathek.de/appdata/servlet/tv/Sendung?documentId=11296590&json", "name": "Paulas Sommer"}, {"url": "http://www.ardmediathek.de/appdata/servlet/tv/Sendung?documentId=10318970&json", "name": "Pfarrer Braun"}, {"url": "http://www.ardmediathek.de/appdata/servlet/tv/Sendung?documentId=8758252&json", "name": "Planet Schule"}, {"url": "http://www.ardmediathek.de/appdata/servlet/tv/Sendung?documentId=25233996&json", "name": "Planet Wissen"}, {"url": "http://www.ardmediathek.de/appdata/servlet/tv/Sendung?documentId=12994052&json", "name": "Planet Wissen"}, {"url": "http://www.ardmediathek.de/appdata/servlet/tv/Sendung?documentId=33031854&json", "name": "plietsch."}, {"url": "http://www.ardmediathek.de/appdata/servlet/tv/Sendung?documentId=432744&json", "name": "Plusminus"}, {"url": "http://www.ardmediathek.de/appdata/servlet/tv/Sendung?documentId=33477916&json", "name": "Pole Position"}, {"url": "http://www.ardmediathek.de/appdata/servlet/tv/Sendung?documentId=14049200&json", "name": "Polettos Kochschule"}, {"url": "http://www.ardmediathek.de/appdata/servlet/tv/Sendung?documentId=34208920&json", "name": "Polettos Kochschule"}, {"url": "http://www.ardmediathek.de/appdata/servlet/tv/Sendung?documentId=1933890&json", "name": "Polizeiruf 110"}, {"url": "http://www.ardmediathek.de/appdata/servlet/tv/Sendung?documentId=15757552&json", "name": "Polizeiruf 110"}, {"url": "http://www.ardmediathek.de/appdata/servlet/tv/Sendung?documentId=20960082&json", "name": "Postillon24"}, {"url": "http://www.ardmediathek.de/appdata/servlet/tv/Sendung?documentId=311790&json", "name": "Presseclub"}, {"url": "http://www.ardmediathek.de/appdata/servlet/tv/Sendung?documentId=18496332&json", "name": "Preu\u00dfisch Blau"}, {"url": "http://www.ardmediathek.de/appdata/servlet/tv/Sendung?documentId=23384174&json", "name": "Pro &amp; Contra"}, {"url": "http://www.ardmediathek.de/appdata/servlet/tv/Sendung?documentId=739072&json", "name": "Programmtrailer und Extras"}, {"url": "http://www.ardmediathek.de/appdata/servlet/tv/Sendung?documentId=23961358&json", "name": "punkt. Einfach Wissen"}, {"url": "http://www.ardmediathek.de/appdata/servlet/tv/Sendung?documentId=14912740&json", "name": "puzzle"}, {"url": "http://www.ardmediathek.de/appdata/servlet/tv/Sendung?documentId=7450356&json", "name": "Quarks &amp; Co"}, {"url": "http://www.ardmediathek.de/appdata/servlet/tv/Sendung?documentId=29592074&json", "name": "Quarks im Ersten"}, {"url": "http://www.ardmediathek.de/appdata/servlet/tv/Sendung?documentId=15037798&json", "name": "Querbeet"}, {"url": "http://www.ardmediathek.de/appdata/servlet/tv/Sendung?documentId=14912730&json", "name": "quer mit Christoph S\u00fc\u00df"}, {"url": "http://www.ardmediathek.de/appdata/servlet/tv/Sendung?documentId=14478074&json", "name": "Quickie"}, {"url": "http://www.ardmediathek.de/appdata/servlet/tv/Sendung?documentId=21280836&json", "name": "Quizduell"}, {"url": "http://www.ardmediathek.de/appdata/servlet/tv/Sendung?documentId=3907840&json", "name": "rbb AKTUELL"}, {"url": "http://www.ardmediathek.de/appdata/servlet/tv/Sendung?documentId=8256334&json", "name": "rbb Fernsehen - weitere Sendungen"}, {"url": "http://www.ardmediathek.de/appdata/servlet/tv/Sendung?documentId=3913628&json", "name": "rbb Gartenzeit"}, {"url": "http://www.ardmediathek.de/appdata/servlet/tv/Sendung?documentId=6331656&json", "name": "rbb PRAXIS"}, {"url": "http://www.ardmediathek.de/appdata/servlet/tv/Sendung?documentId=4112492&json", "name": "rbb SPEZIAL"}, {"url": "http://www.ardmediathek.de/appdata/servlet/tv/Sendung?documentId=30445748&json", "name": "rbb UM4"}, {"url": "http://www.ardmediathek.de/appdata/servlet/tv/Sendung?documentId=9597140&json", "name": "rbb UM6"}, {"url": "http://www.ardmediathek.de/appdata/servlet/tv/Sendung?documentId=33216668&json", "name": "RebellComedy"}, {"url": "http://www.ardmediathek.de/appdata/servlet/tv/Sendung?documentId=18910908&json", "name": "Reisen"}, {"url": "http://www.ardmediathek.de/appdata/servlet/tv/Sendung?documentId=10535948&json", "name": "Reload"}, {"url": "http://www.ardmediathek.de/appdata/servlet/tv/Sendung?documentId=799280&json", "name": "Reportage &amp; Dokumentation"}, {"url": "http://www.ardmediathek.de/appdata/servlet/tv/Sendung?documentId=310120&json", "name": "REPORT MAINZ"}, {"url": "http://www.ardmediathek.de/appdata/servlet/tv/Sendung?documentId=431936&json", "name": "report M\u00dcNCHEN"}, {"url": "http://www.ardmediathek.de/appdata/servlet/tv/Sendung?documentId=5651338&json", "name": "Rheinland-Pfalz extra"}, {"url": "http://www.ardmediathek.de/appdata/servlet/tv/Sendung?documentId=15238084&json", "name": "Rheinland-Pfalz-Tag"}, {"url": "http://www.ardmediathek.de/appdata/servlet/tv/Sendung?documentId=8378414&json", "name": "Riverboat"}, {"url": "http://www.ardmediathek.de/appdata/servlet/tv/Sendung?documentId=8051040&json", "name": "Rockpalast"}, {"url": "http://www.ardmediathek.de/appdata/servlet/tv/Sendung?documentId=317766&json", "name": "Rote Rosen"}, {"url": "http://www.ardmediathek.de/appdata/servlet/tv/Sendung?documentId=15178448&json", "name": "Royalty"}, {"url": "http://www.ardmediathek.de/appdata/servlet/tv/Sendung?documentId=14049208&json", "name": "Rund um den Michel"}, {"url": "http://www.ardmediathek.de/appdata/servlet/tv/Sendung?documentId=33031850&json", "name": "Rute raus, der Spa\u00df beginnt"}, {"url": "http://www.ardmediathek.de/appdata/servlet/tv/Sendung?documentId=4040708&json", "name": "SaarLorL\u00fcx"}, {"url": "http://www.ardmediathek.de/appdata/servlet/tv/Sendung?documentId=8638706&json", "name": "saartalk."}, {"url": "http://www.ardmediathek.de/appdata/servlet/tv/Sendung?documentId=19429720&json", "name": "Sagenhaft"}, {"url": "http://www.ardmediathek.de/appdata/servlet/tv/Sendung?documentId=6503982&json", "name": "Sandmann"}, {"url": "http://www.ardmediathek.de/appdata/servlet/tv/Sendung?documentId=33031842&json", "name": "Sass: So isst der Norden"}, {"url": "http://www.ardmediathek.de/appdata/servlet/tv/Sendung?documentId=1512718&json", "name": "Sch\u00e4tze der Welt"}, {"url": "http://www.ardmediathek.de/appdata/servlet/tv/Sendung?documentId=29780026&json", "name": "Schau in meine Welt"}, {"url": "http://www.ardmediathek.de/appdata/servlet/tv/Sendung?documentId=14913458&json", "name": "schlachthof"}, {"url": "http://www.ardmediathek.de/appdata/servlet/tv/Sendung?documentId=14912770&json", "name": "SchleichFernsehen"}, {"url": "http://www.ardmediathek.de/appdata/servlet/tv/Sendung?documentId=31893900&json", "name": "Schleswig-Holstein 18:00"}, {"url": "http://www.ardmediathek.de/appdata/servlet/tv/Sendung?documentId=25231230&json", "name": "Schleswig-Holstein Magazin"}, {"url": "http://www.ardmediathek.de/appdata/servlet/tv/Sendung?documentId=13271338&json", "name": "Schloss Einstein"}, {"url": "http://www.ardmediathek.de/appdata/servlet/tv/Sendung?documentId=9026246&json", "name": "schlossplatz 1"}, {"url": "http://www.ardmediathek.de/appdata/servlet/tv/Sendung?documentId=19100638&json", "name": "Schmecksplosion"}, {"url": "http://www.ardmediathek.de/appdata/servlet/tv/Sendung?documentId=34694138&json", "name": "Schnauze Simon"}, {"url": "http://www.ardmediathek.de/appdata/servlet/tv/Sendung?documentId=8757918&json", "name": "Schreinerei Fleischmann"}, {"url": "http://www.ardmediathek.de/appdata/servlet/tv/Sendung?documentId=14912852&json", "name": "Schuhbecks"}, {"url": "http://www.ardmediathek.de/appdata/servlet/tv/Sendung?documentId=14913702&json", "name": "Schwaben &amp; Altbayern"}, {"url": "http://www.ardmediathek.de/appdata/servlet/tv/Sendung?documentId=13455192&json", "name": "Schwarzwaldgeschichten"}, {"url": "http://www.ardmediathek.de/appdata/servlet/tv/Sendung?documentId=30129338&json", "name": "Sedwitz"}, {"url": "http://www.ardmediathek.de/appdata/servlet/tv/Sendung?documentId=7668808&json", "name": "Seehund, Puma &amp; Co."}, {"url": "http://www.ardmediathek.de/appdata/servlet/tv/Sendung?documentId=35162606&json", "name": "Seenflimmern"}, {"url": "http://www.ardmediathek.de/appdata/servlet/tv/Sendung?documentId=13271334&json", "name": "Sehen statt H\u00f6ren"}, {"url": "http://www.ardmediathek.de/appdata/servlet/tv/Sendung?documentId=14912912&json", "name": "Sehen statt H\u00f6ren"}, {"url": "http://www.ardmediathek.de/appdata/servlet/tv/Sendung?documentId=7545356&json", "name": "Selbstbestimmt!"}, {"url": "http://www.ardmediathek.de/appdata/servlet/tv/Sendung?documentId=4172488&json", "name": "Sellemols"}, {"url": "http://www.ardmediathek.de/appdata/servlet/tv/Sendung?documentId=3362814&json", "name": "service: gesundheit"}, {"url": "http://www.ardmediathek.de/appdata/servlet/tv/Sendung?documentId=3373068&json", "name": "service: reisen"}, {"url": "http://www.ardmediathek.de/appdata/servlet/tv/Sendung?documentId=3380080&json", "name": "service: trends"}, {"url": "http://www.ardmediathek.de/appdata/servlet/tv/Sendung?documentId=8131388&json", "name": "service: zuhause"}, {"url": "http://www.ardmediathek.de/appdata/servlet/tv/Sendung?documentId=7582764&json", "name": "Servicezeit"}, {"url": "http://www.ardmediathek.de/appdata/servlet/tv/Sendung?documentId=2673654&json", "name": "Shows im Ersten"}, {"url": "http://www.ardmediathek.de/appdata/servlet/tv/Sendung?documentId=14464396&json", "name": "So ein Tag!"}, {"url": "http://www.ardmediathek.de/appdata/servlet/tv/Sendung?documentId=30403570&json", "name": "So lacht der S\u00fcdwesten"}, {"url": "http://www.ardmediathek.de/appdata/servlet/tv/Sendung?documentId=29428368&json", "name": "Sommer in Berlin &amp; Brandenburg"}, {"url": "http://www.ardmediathek.de/appdata/servlet/tv/Sendung?documentId=30743596&json", "name": "Soundtrack Deutschland"}, {"url": "http://www.ardmediathek.de/appdata/servlet/tv/Sendung?documentId=29951874&json", "name": "So will ich wohnen"}, {"url": "http://www.ardmediathek.de/appdata/servlet/tv/Sendung?documentId=7873742&json", "name": "Sp\u00e4tschicht"}, {"url": "http://www.ardmediathek.de/appdata/servlet/tv/Sendung?documentId=7784754&json", "name": "Sp\u00e4tschicht"}, {"url": "http://www.ardmediathek.de/appdata/servlet/tv/Sendung?documentId=10159874&json", "name": "Sport"}, {"url": "http://www.ardmediathek.de/appdata/servlet/tv/Sendung?documentId=4040716&json", "name": "Sport-Arena"}, {"url": "http://www.ardmediathek.de/appdata/servlet/tv/Sendung?documentId=12772238&json", "name": "Sportclub"}, {"url": "http://www.ardmediathek.de/appdata/servlet/tv/Sendung?documentId=3647642&json", "name": "Sport extra"}, {"url": "http://www.ardmediathek.de/appdata/servlet/tv/Sendung?documentId=249964&json", "name": "Sport im Dritten"}, {"url": "http://www.ardmediathek.de/appdata/servlet/tv/Sendung?documentId=7545380&json", "name": "Sport im Osten"}, {"url": "http://www.ardmediathek.de/appdata/servlet/tv/Sendung?documentId=10160094&json", "name": "Sport im Westen"}, {"url": "http://www.ardmediathek.de/appdata/servlet/tv/Sendung?documentId=14913156&json", "name": "Sport in der Abendschau"}, {"url": "http://www.ardmediathek.de/appdata/servlet/tv/Sendung?documentId=1493328&json", "name": "Sport inside"}, {"url": "http://www.ardmediathek.de/appdata/servlet/tv/Sendung?documentId=780932&json", "name": "Sport live im Westen"}, {"url": "http://www.ardmediathek.de/appdata/servlet/tv/Sendung?documentId=13470354&json", "name": "SPORTNETZSCHAU"}, {"url": "http://www.ardmediathek.de/appdata/servlet/tv/Sendung?documentId=53524&json", "name": "Sportschau"}, {"url": "http://www.ardmediathek.de/appdata/servlet/tv/Sendung?documentId=11458194&json", "name": "sportschau.de"}, {"url": "http://www.ardmediathek.de/appdata/servlet/tv/Sendung?documentId=13470370&json", "name": "Sportschau-Club"}, {"url": "http://www.ardmediathek.de/appdata/servlet/tv/Sendung?documentId=723230&json", "name": "Sportschau live"}, {"url": "http://www.ardmediathek.de/appdata/servlet/tv/Sendung?documentId=21318358&json", "name": "Stadt, Rad, Hund"}, {"url": "http://www.ardmediathek.de/appdata/servlet/tv/Sendung?documentId=6329660&json", "name": "Stadt-Land-Kreis"}, {"url": "http://www.ardmediathek.de/appdata/servlet/tv/Sendung?documentId=18794102&json", "name": "Stadt - Land - Quiz"}, {"url": "http://www.ardmediathek.de/appdata/servlet/tv/Sendung?documentId=14912594&json", "name": "Stadtspazierg\u00e4nge"}, {"url": "http://www.ardmediathek.de/appdata/servlet/tv/Sendung?documentId=14913478&json", "name": "STATIONEN"}, {"url": "http://www.ardmediathek.de/appdata/servlet/tv/Sendung?documentId=17603908&json", "name": "Steimles Welt"}, {"url": "http://www.ardmediathek.de/appdata/servlet/tv/Sendung?documentId=3914800&json", "name": "Stilbruch"}, {"url": "http://www.ardmediathek.de/appdata/servlet/tv/Sendung?documentId=14913262&json", "name": "Stil-Epochen"}, {"url": "http://www.ardmediathek.de/appdata/servlet/tv/Sendung?documentId=21060350&json", "name": "Stofferl Wells Bayern"}, {"url": "http://www.ardmediathek.de/appdata/servlet/tv/Sendung?documentId=14847148&json", "name": "strassen stars"}, {"url": "http://www.ardmediathek.de/appdata/servlet/tv/Sendung?documentId=12882108&json", "name": "Stratmanns"}, {"url": "http://www.ardmediathek.de/appdata/servlet/tv/Sendung?documentId=5290&json", "name": "Sturm der Liebe"}, {"url": "http://www.ardmediathek.de/appdata/servlet/tv/Sendung?documentId=34633636&json", "name": "S\u00dcDLICHT"}, {"url": "http://www.ardmediathek.de/appdata/servlet/tv/Sendung?documentId=5286834&json", "name": "SWR extra"}, {"url": "http://www.ardmediathek.de/appdata/servlet/tv/Sendung?documentId=35292980&json", "name": "SWR Gartenk\u00fcche"}, {"url": "http://www.ardmediathek.de/appdata/servlet/tv/Sendung?documentId=7313034&json", "name": "SWR in Aktion"}, {"url": "http://www.ardmediathek.de/appdata/servlet/tv/Sendung?documentId=7543394&json", "name": "tag7"}, {"url": "http://www.ardmediathek.de/appdata/servlet/tv/Sendung?documentId=4326&json", "name": "Tagesschau"}, {"url": "http://www.ardmediathek.de/appdata/servlet/tv/Sendung?documentId=6753968&json", "name": "tagesschau24"}, {"url": "http://www.ardmediathek.de/appdata/servlet/tv/Sendung?documentId=6737788&json", "name": "Tagesschau extra"}, {"url": "http://www.ardmediathek.de/appdata/servlet/tv/Sendung?documentId=12722002&json", "name": "Tagesschau mit Geb\u00e4rdensprache"}, {"url": "http://www.ardmediathek.de/appdata/servlet/tv/Sendung?documentId=3914&json", "name": "Tagesthemen"}, {"url": "http://www.ardmediathek.de/appdata/servlet/tv/Sendung?documentId=5250638&json", "name": "T\u00e4ter - Opfer - Polizei"}, {"url": "http://www.ardmediathek.de/appdata/servlet/tv/Sendung?documentId=602916&json", "name": "Tatort"}, {"url": "http://www.ardmediathek.de/appdata/servlet/tv/Sendung?documentId=15757542&json", "name": "Tatort"}, {"url": "http://www.ardmediathek.de/appdata/servlet/tv/Sendung?documentId=30556746&json", "name": "Tatort"}, {"url": "http://www.ardmediathek.de/appdata/servlet/tv/Sendung?documentId=34547988&json", "name": "Tatort"}, {"url": "http://www.ardmediathek.de/appdata/servlet/tv/Sendung?documentId=29382356&json", "name": "Test S\u00fcdwest"}, {"url": "http://www.ardmediathek.de/appdata/servlet/tv/Sendung?documentId=3822098&json", "name": "THADEUSZ"}, {"url": "http://www.ardmediathek.de/appdata/servlet/tv/Sendung?documentId=14046988&json", "name": "THADEUSZ und die Beobachter"}, {"url": "http://www.ardmediathek.de/appdata/servlet/tv/Sendung?documentId=3914808&json", "name": "Theodor"}, {"url": "http://www.ardmediathek.de/appdata/servlet/tv/Sendung?documentId=8739794&json", "name": "Thomas Junker unterwegs"}, {"url": "http://www.ardmediathek.de/appdata/servlet/tv/Sendung?documentId=16811160&json", "name": "Tier\u00e4rztin Dr. Mertens"}, {"url": "http://www.ardmediathek.de/appdata/servlet/tv/Sendung?documentId=12226390&json", "name": "Tiere suchen ein Zuhause"}, {"url": "http://www.ardmediathek.de/appdata/servlet/tv/Sendung?documentId=30214754&json", "name": "Tiergeschichten von damals"}, {"url": "http://www.ardmediathek.de/appdata/servlet/tv/Sendung?documentId=7545228&json", "name": "Tierisch tierisch"}, {"url": "http://www.ardmediathek.de/appdata/servlet/tv/Sendung?documentId=34390052&json", "name": "Tierparkgeschichten"}, {"url": "http://www.ardmediathek.de/appdata/servlet/tv/Sendung?documentId=10432182&json", "name": "tier zuliebe"}, {"url": "http://www.ardmediathek.de/appdata/servlet/tv/Sendung?documentId=8967946&json", "name": "Tigerenten Club"}, {"url": "http://www.ardmediathek.de/appdata/servlet/tv/Sendung?documentId=3407060&json", "name": "Treffpunkt Baden-W\u00fcrttemberg"}, {"url": "http://www.ardmediathek.de/appdata/servlet/tv/Sendung?documentId=431902&json", "name": "ttt \u2013 titel, thesen, temperamente"}, {"url": "http://www.ardmediathek.de/appdata/servlet/tv/Sendung?documentId=14049256&json", "name": "Typisch!"}, {"url": "http://www.ardmediathek.de/appdata/servlet/tv/Sendung?documentId=1555306&json", "name": "Um Himmels Willen"}, {"url": "http://www.ardmediathek.de/appdata/servlet/tv/Sendung?documentId=7545140&json", "name": "Umschau"}, {"url": "http://www.ardmediathek.de/appdata/servlet/tv/Sendung?documentId=15254962&json", "name": "UMZUG!"}, {"url": "http://www.ardmediathek.de/appdata/servlet/tv/Sendung?documentId=30858426&json", "name": "Und es schmeckt doch"}, {"url": "http://www.ardmediathek.de/appdata/servlet/tv/Sendung?documentId=7545284&json", "name": "unicato"}, {"url": "http://www.ardmediathek.de/appdata/servlet/tv/Sendung?documentId=14913036&json", "name": "UNKRAUT"}, {"url": "http://www.ardmediathek.de/appdata/servlet/tv/Sendung?documentId=33101394&json", "name": "Unser Dorf hat Wochenende"}, {"url": "http://www.ardmediathek.de/appdata/servlet/tv/Sendung?documentId=13992080&json", "name": "Unsere k\u00f6stliche Heimat"}, {"url": "http://www.ardmediathek.de/appdata/servlet/tv/Sendung?documentId=23783172&json", "name": "Unser Erbe Bayern"}, {"url": "http://www.ardmediathek.de/appdata/servlet/tv/Sendung?documentId=33404008&json", "name": "Unsere zweite Haut"}, {"url": "http://www.ardmediathek.de/appdata/servlet/tv/Sendung?documentId=14912650&json", "name": "Unser Land"}, {"url": "http://www.ardmediathek.de/appdata/servlet/tv/Sendung?documentId=11094342&json", "name": "Unser Sandm\u00e4nnchen"}, {"url": "http://www.ardmediathek.de/appdata/servlet/tv/Sendung?documentId=8405046&json", "name": "Unter Uns"}, {"url": "http://www.ardmediathek.de/appdata/servlet/tv/Sendung?documentId=14912798&json", "name": "Unter unserem Himmel"}, {"url": "http://www.ardmediathek.de/appdata/servlet/tv/Sendung?documentId=7545068&json", "name": "Unterwegs in ..."}, {"url": "http://www.ardmediathek.de/appdata/servlet/tv/Sendung?documentId=21698418&json", "name": "Uschis Vereinsgeschichten"}, {"url": "http://www.ardmediathek.de/appdata/servlet/tv/Sendung?documentId=14913272&json", "name": "VaterUnser"}, {"url": "http://www.ardmediathek.de/appdata/servlet/tv/Sendung?documentId=439104&json", "name": "Verbotene Liebe"}, {"url": "http://www.ardmediathek.de/appdata/servlet/tv/Sendung?documentId=3280910&json", "name": "Verbotene Liebe Extra"}, {"url": "http://www.ardmediathek.de/appdata/servlet/tv/Sendung?documentId=14913840&json", "name": "Vereinsheim Schwabing"}, {"url": "http://www.ardmediathek.de/appdata/servlet/tv/Sendung?documentId=13491232&json", "name": "vernetzt ? verkuppelt ? verliebt"}, {"url": "http://www.ardmediathek.de/appdata/servlet/tv/Sendung?documentId=3583382&json", "name": "Verr\u00fcckt nach Meer"}, {"url": "http://www.ardmediathek.de/appdata/servlet/tv/Sendung?documentId=437898&json", "name": "Verstehen Sie Spa\u00df?"}, {"url": "http://www.ardmediathek.de/appdata/servlet/tv/Sendung?documentId=16104442&json", "name": "Verstehen Sie was?"}, {"url": "http://www.ardmediathek.de/appdata/servlet/tv/Sendung?documentId=14913282&json", "name": "Viele Wege - ein Ziel"}, {"url": "http://www.ardmediathek.de/appdata/servlet/tv/Sendung?documentId=22828172&json", "name": "Vier Unschuldige und ein Todesfall"}, {"url": "http://www.ardmediathek.de/appdata/servlet/tv/Sendung?documentId=14049224&json", "name": "Visite"}, {"url": "http://www.ardmediathek.de/appdata/servlet/tv/Sendung?documentId=14913290&json", "name": "Vom Ahorn bis zur Zwiebel"}, {"url": "http://www.ardmediathek.de/appdata/servlet/tv/Sendung?documentId=14912660&json", "name": "Vor Ort - Die Reportage"}, {"url": "http://www.ardmediathek.de/appdata/servlet/tv/Sendung?documentId=27720756&json", "name": "Vorstadtweiber"}, {"url": "http://www.ardmediathek.de/appdata/servlet/tv/Sendung?documentId=27740386&json", "name": "Voss &amp; Team"}, {"url": "http://www.ardmediathek.de/appdata/servlet/tv/Sendung?documentId=1026408&json", "name": "Wahl der Deutschen Weink\u00f6nigin"}, {"url": "http://www.ardmediathek.de/appdata/servlet/tv/Sendung?documentId=9273664&json", "name": "Warschauer Notizen"}, {"url": "http://www.ardmediathek.de/appdata/servlet/tv/Sendung?documentId=26282956&json", "name": "Warum bin ich, wie ich bin"}, {"url": "http://www.ardmediathek.de/appdata/servlet/tv/Sendung?documentId=3914816&json", "name": "was!"}, {"url": "http://www.ardmediathek.de/appdata/servlet/tv/Sendung?documentId=17573262&json", "name": "Was macht die Zeit, wenn sie vergeht?"}, {"url": "http://www.ardmediathek.de/appdata/servlet/tv/Sendung?documentId=14913300&json", "name": "Was wir noch nicht wissen"}, {"url": "http://www.ardmediathek.de/appdata/servlet/tv/Sendung?documentId=18198186&json", "name": "WDR"}, {"url": "http://www.ardmediathek.de/appdata/servlet/tv/Sendung?documentId=12877260&json", "name": "WDR.DOK"}, {"url": "http://www.ardmediathek.de/appdata/servlet/tv/Sendung?documentId=7293644&json", "name": "WDR aktuell"}, {"url": "http://www.ardmediathek.de/appdata/servlet/tv/Sendung?documentId=12994200&json", "name": "WDR extra"}, {"url": "http://www.ardmediathek.de/appdata/servlet/tv/Sendung?documentId=33514760&json", "name": "WDR Fernsehen Live"}, {"url": "http://www.ardmediathek.de/appdata/servlet/tv/Sendung?documentId=33854270&json", "name": "WDR KLASSIK"}, {"url": "http://www.ardmediathek.de/appdata/servlet/tv/Sendung?documentId=7989132&json", "name": "WDR Weltweit"}, {"url": "http://www.ardmediathek.de/appdata/servlet/tv/Sendung?documentId=5439278&json", "name": "Weissensee"}, {"url": "http://www.ardmediathek.de/appdata/servlet/tv/Sendung?documentId=3906326&json", "name": "Weltbilder"}, {"url": "http://www.ardmediathek.de/appdata/servlet/tv/Sendung?documentId=329478&json", "name": "Weltspiegel"}, {"url": "http://www.ardmediathek.de/appdata/servlet/tv/Sendung?documentId=14937890&json", "name": "Wer&#039;s bringt, gewinnt"}, {"url": "http://www.ardmediathek.de/appdata/servlet/tv/Sendung?documentId=29322328&json", "name": "Wer wei\u00df denn sowas?"}, {"url": "http://www.ardmediathek.de/appdata/servlet/tv/Sendung?documentId=13618368&json", "name": "WESTART Jazzline"}, {"url": "http://www.ardmediathek.de/appdata/servlet/tv/Sendung?documentId=13618372&json", "name": "WESTART Klassik"}, {"url": "http://www.ardmediathek.de/appdata/servlet/tv/Sendung?documentId=35007896&json", "name": "WESTART Live"}, {"url": "http://www.ardmediathek.de/appdata/servlet/tv/Sendung?documentId=13618380&json", "name": "WESTART Magazin"}, {"url": "http://www.ardmediathek.de/appdata/servlet/tv/Sendung?documentId=13618376&json", "name": "WESTART Meisterwerke"}, {"url": "http://www.ardmediathek.de/appdata/servlet/tv/Sendung?documentId=13618364&json", "name": "WESTART Talk"}, {"url": "http://www.ardmediathek.de/appdata/servlet/tv/Sendung?documentId=12877276&json", "name": "WESTPOL"}, {"url": "http://www.ardmediathek.de/appdata/servlet/tv/Sendung?documentId=7545404&json", "name": "Wetter f\u00fcr 3"}, {"url": "http://www.ardmediathek.de/appdata/servlet/tv/Sendung?documentId=338188&json", "name": "Wetter vor acht"}, {"url": "http://www.ardmediathek.de/appdata/servlet/tv/Sendung?documentId=33863514&json", "name": "Wie geht das?"}, {"url": "http://www.ardmediathek.de/appdata/servlet/tv/Sendung?documentId=4040724&json", "name": "Wir im Saarland"}, {"url": "http://www.ardmediathek.de/appdata/servlet/tv/Sendung?documentId=14913362&json", "name": "Wir in Bayern"}, {"url": "http://www.ardmediathek.de/appdata/servlet/tv/Sendung?documentId=8758698&json", "name": "Wir in Rheinland-Pfalz"}, {"url": "http://www.ardmediathek.de/appdata/servlet/tv/Sendung?documentId=14912842&json", "name": "Wirtshausmusikanten"}, {"url": "http://www.ardmediathek.de/appdata/servlet/tv/Sendung?documentId=28104962&json", "name": "Wissen im Fluss"}, {"url": "http://www.ardmediathek.de/appdata/servlet/tv/Sendung?documentId=1430&json", "name": "Wissen macht Ah!"}, {"url": "http://www.ardmediathek.de/appdata/servlet/tv/Sendung?documentId=35571882&json", "name": "Wissen macht Ah!"}, {"url": "http://www.ardmediathek.de/appdata/servlet/tv/Sendung?documentId=21155340&json", "name": "Wissen vor acht - Mensch"}, {"url": "http://www.ardmediathek.de/appdata/servlet/tv/Sendung?documentId=15526316&json", "name": "Wissen vor acht - Natur"}, {"url": "http://www.ardmediathek.de/appdata/servlet/tv/Sendung?documentId=11274520&json", "name": "Wissen vor acht - Werkstatt"}, {"url": "http://www.ardmediathek.de/appdata/servlet/tv/Sendung?documentId=11274512&json", "name": "Wissen vor acht - Zukunft"}, {"url": "http://www.ardmediathek.de/appdata/servlet/tv/Sendung?documentId=427480&json", "name": "Wochenspiegel"}, {"url": "http://www.ardmediathek.de/appdata/servlet/tv/Sendung?documentId=32396932&json", "name": "Wo unser Wetter entsteht"}, {"url": "http://www.ardmediathek.de/appdata/servlet/tv/Sendung?documentId=17025702&json", "name": "WTF?!"}, {"url": "http://www.ardmediathek.de/appdata/servlet/tv/Sendung?documentId=7545372&json", "name": "Wuhladko"}, {"url": "http://www.ardmediathek.de/appdata/servlet/tv/Sendung?documentId=12877292&json", "name": "Wundersch\u00f6n!"}, {"url": "http://www.ardmediathek.de/appdata/servlet/tv/Sendung?documentId=8029410&json", "name": "Wunschprogramm"}, {"url": "http://www.ardmediathek.de/appdata/servlet/tv/Sendung?documentId=427262&json", "name": "W wie Wissen"}, {"url": "http://www.ardmediathek.de/appdata/servlet/tv/Sendung?documentId=14950946&json", "name": "Z&#039;am rocken"}, {"url": "http://www.ardmediathek.de/appdata/servlet/tv/Sendung?documentId=3714742&json", "name": "Zapp"}, {"url": "http://www.ardmediathek.de/appdata/servlet/tv/Sendung?documentId=15397972&json", "name": "Z\u00e4rtlichkeiten im Bus"}, {"url": "http://www.ardmediathek.de/appdata/servlet/tv/Sendung?documentId=8502614&json", "name": "Zeiglers wunderbare Welt des Fu\u00dfballs"}, {"url": "http://www.ardmediathek.de/appdata/servlet/tv/Sendung?documentId=14912690&json", "name": "Zeit und Ewigkeit"}, {"url": "http://www.ardmediathek.de/appdata/servlet/tv/Sendung?documentId=3822084&json", "name": "zibb"}, {"url": "http://www.ardmediathek.de/appdata/servlet/tv/Sendung?documentId=7535548&json", "name": "Zimmer frei!"}, {"url": "http://www.ardmediathek.de/appdata/servlet/tv/Sendung?documentId=19399052&json", "name": "Zoobabies"}, {"url": "http://www.ardmediathek.de/appdata/servlet/tv/Sendung?documentId=14912832&json", "name": "Zsammg&#039;spuit"}, {"url": "http://www.ardmediathek.de/appdata/servlet/tv/Sendung?documentId=610194&json", "name": "Zur Sache Baden-W\u00fcrttemberg!"}, {"url": "http://www.ardmediathek.de/appdata/servlet/tv/Sendung?documentId=6223218&json", "name": "zur Sache Rheinland-Pfalz!"}, {"url": "http://www.ardmediathek.de/appdata/servlet/tv/Sendung?documentId=33740834&json", "name": "Zwischen den Zeilen"}, {"url": "http://www.ardmediathek.de/appdata/servlet/tv/Sendung?documentId=14913712&json", "name": "Zwischen Spessart und Karwendel"}]
