<?xml version="1.0" encoding="UTF-8" standalone="yes"?>
<addon id="script.module.mediathekxmlservice" 
	     name="mediathekxmlservice" 
	     version="0.1.0" 
	     provider-name="membrane">
  <requires>
    <import addon="xbmc.python" version="2.1.0" />
    <import addon="script.module.libmediathek3" version="1.1.1"/>
  </requires>
  <extension point="xbmc.python.module" library="lib" />
  <extension point="xbmc.addon.metadata">
    <platform>all</platform>
    <summary lang="en">Lib for xmlservice style websources</summary>
    <description lang="en">Needed for 3sat and ZDF Mediathek</description>
  </extension>
</addon>
