<?xml version="1.0" encoding="UTF-8"?>
<addon id="plugin.video.brmediathek" name="BR Mediathek" version="1.1.5" provider-name="68000a">
    <requires>
        <import addon="xbmc.python" version="2.25.0"/>
        <import addon="script.module.libbr" version="2.0.9" provider-name="68000a"/>
    </requires>
    <extension point="xbmc.python.pluginsource" library="default.py">
        <provides>video</provides>
    </extension>
    <extension point="xbmc.addon.metadata">
        <platform>all</platform>
        <language>de</language>
        <license>GNU GENERAL PUBLIC LICENSE. Version 2, June 1991</license>
        <source>https://github.com/68000a/Gigathek/tree/master/code/plugin.video.brmediathek</source>
        <summary lang="en">This is an add-on for the BR Mediathek http://www.br.de/mediathek/video/index.html.</summary>
        <description lang="en">This add-on provides access to the German VOD platform http://www.br.de/mediathek/video/index.html.</description>
        <summary lang="de">Sendebeiträge der BR Mediathek.</summary>
        <description lang="de">Dieses Add-on bietet Zugriff auf die Bibliothek des BR. Zur Auswahl stehen unter anderem Dokumentationen und Serien.</description>
        <disclaimer lang="de">Dieses Add-on wird von keiner Sendeanstalt unterstützt und ist daher inoffiziell.</disclaimer>
        <assets>
            <icon>icon.png</icon>
            <fanart>fanart.png</fanart>
        </assets>
    </extension>
</addon>
