<?xml version="1.0" encoding="UTF-8" standalone="yes"?>
<addon id="script.module.libMediathek2" 
	     name="libMediathek2" 
	     version="1.1.15" 
	     provider-name="membrane">
  <requires>
    <import addon="xbmc.python" version="2.1.0" />
  </requires>
  <extension point="xbmc.python.module" library="lib" />
  <extension point="xbmc.addon.metadata">
    <platform>all</platform>
    <summary lang="en">Supplementary lib for libArd, libArte, libBr, libServus and libZdf</summary>
    <description lang="en">Supplementary lib for libArd, libArte, libBr, libServus and libZdf</description>
  </extension>
</addon>
