<?xml version="1.0" encoding="UTF-8"?>
<addon id="plugin.context.replay" name="PVR RePlay Beta - Krypton only!" version="0.1.0" provider-name="membrane">
    <requires>
        <import addon="xbmc.python" version="2.25.0"/>
		<import addon="script.module.libZdf" version="0.2.1"/>
		<import addon="script.module.libArd" version="0.1.1"/>
		<import addon="script.module.libBr" version="0.0.1"/>
    </requires>
	<extension point="kodi.context.item" library="context.py">
		<item>
			<label>30000</label>
			<visible>ListItem.HasEpg</visible>
			<!--<visible>StringCompare(Container.Content(LiveTV),true)</visible>
			<visible>String.IsEqual(Container.Content(LiveTV),true)</visible>
			<visible>StringCompare(Window.IsVisible(tvguide),true)</visible>
			<visible>StringCompare(ListItem.HasEpg ,true)</visible>
			<visible>StringCompare(Window.IsActive(tvguide),true)</visible>
			<visible>StringCompare(Control.IsEnabled(10702),true)</visible>
			<visible>true</visible>
			<visible>Container.Content(LiveTV)</visible> -->
		</item>
	</extension>
	<!--
	<extension point="kodi.context.item" library="similar.py">
		<item>
			<label>30002</label>
			<visible>StringCompare(Container.Content(LiveTV),true)</visible>
		</item>
	</extension>
	-->
    <extension point="xbmc.addon.metadata">
        <platform>all</platform>
        <summary lang="en">PVR RePlay Beta</summary>
        <description lang="en">PVR RePlay Beta</description>
    </extension>
</addon>
