<?xml version="1.0" encoding="UTF-8" standalone="yes"?>
<addon id="script.module.libwdr" name="libwdr" version="1.2.4" provider-name="68000a">
  <requires>
    <import addon="xbmc.python" version="2.25.0" />
    <import addon="script.module.libmediathek3" version="1.5.4"/>
  </requires>
  <extension point="xbmc.python.module" library="lib" />
  <extension point="xbmc.addon.metadata">
    <platform>all</platform>
    <license>GNU GENERAL PUBLIC LICENSE. Version 2, June 1991</license>
    <source>https://github.com/prof-membrane/script.module.libWdr</source>
    <summary lang="en">This is a scraper for content of the German broadcaster "WDR".</summary>
    <description lang="en">This is a scraper for content of the German broadcaster "WDR".</description>
  </extension>
</addon>
