<?xml version="1.0" encoding="UTF-8" standalone="yes"?>
<addon id="script.module.libmediathek3" name="libmediathek3" version="1.5.15" provider-name="68000a">
  <requires>
    <import addon="xbmc.python" version="2.25.0" />
  </requires>
  <extension point="xbmc.python.module" library="lib" />
  <extension point="xbmc.addon.metadata">
    <platform>all</platform>
    <license>GNU GENERAL PUBLIC LICENSE. Version 2, June 1991</license>
    <source>https://github.com/prof-membrane/plugin.video.libmediathek3</source>
    <summary lang="en">Supplementary lib for Mediathek add-ons.</summary>
    <description lang="en">This lib is a mini framework. It is used in following "Mediathek" Scrapers: 3sat, ARD, BR, Das Erste, MDR, SR, SWR, WDR, ZDF. It is also used in the add-ons Funk Mediathek, NHL Videocenter and Phoenix Mediathek.</description>
  </extension>
</addon>
