<?xml version="1.0" encoding="UTF-8" standalone="yes"?>
<addon id="script.module.libkika" 
	     name="libkika" 
	     version="1.1.0" 
	     provider-name="sarbes">
  <requires>
    <import addon="xbmc.python" version="2.25.0" />
    <import addon="script.module.libmediathek3" version="1.4.0"/>
    <import addon="script.module.libmdr" version="1.1.0"/>
  </requires>
  <extension point="xbmc.python.module" library="lib" />
  <extension point="xbmc.addon.metadata">
    <platform>all</platform>
    <license>GNU GENERAL PUBLIC LICENSE. Version 2, June 1991</license>
    <source>https://github.com/prof-membrane/script.module.libkika</source>
    <summary lang="en">This is a scraper for the KiKa Mediathek (http://www.kika.de).</summary>
    <description lang="en">This is a scraper for the KiKa Mediathek (http://www.kika.de).</description>
  </extension>
</addon>
