<?xml version="1.0" encoding="UTF-8"?>
<addon id="plugin.video.ardmediathek_de" name="ARD Mediathek" version="4.9.3" provider-name="membrane">
    <requires>
        <import addon="xbmc.python" version="2.1.0"/>
		<import addon="script.module.libard" version="0.4.0"/>
    </requires>
    <extension point="xbmc.python.pluginsource" library="default.py">
        <provides>video</provides>
    </extension>
    <extension point="xbmc.addon.metadata">
        <platform>all</platform>
        <summary lang="en">ARD Mediathek</summary>
        <description lang="en">ARD Mediathek</description>
    </extension>
</addon>
