<?xml version="1.0" encoding="UTF-8"?>
<addon id="plugin.video.artemediathek" name="Arte Mediathek" version="1.0.2" provider-name="sarbes">
    <requires>
        <import addon="xbmc.python" version="2.25.0"/>
		<import addon="script.module.libarte" version="1.0.2"/>
    </requires>
    <extension point="xbmc.python.pluginsource" library="default.py">
        <provides>video</provides>
    </extension>
    <extension point="xbmc.addon.metadata">
        <platform>all</platform>
		<language>de</language>
		<license>GNU GENERAL PUBLIC LICENSE. Version 2, June 1991</license>
    </extension>
</addon>
