<?xml version="1.0" encoding="UTF-8"?>
<addon id="plugin.video.bergdoktor" name="ZDF - Der Bergdoktor/Die Bergretter in UHD/HDR" version="1.1.0" provider-name="sarbes">
    <requires>
		<import addon="xbmc.python" version="2.25.0"/>
		<import addon="script.module.libmediathek3" version="1.4.0"/>
    </requires>
    <extension point="xbmc.python.pluginsource" library="default.py">
        <provides>video</provides>
    </extension>
    <extension point="xbmc.addon.metadata">
        <platform>all</platform>
		<language>de</language>
		<license>GNU GENERAL PUBLIC LICENSE. Version 2, June 1991</license>
		<source>TODO</source>
		<forum>TODO</forum>
        <summary lang="en">TODO</summary>
        <description lang="en">TODO</description>
        <summary lang="de">TODO</summary>
        <description lang="de">TODO</description>
        <disclaimer lang="de">TODO</disclaimer>
    </extension>
</addon>
