<?xml version="1.0" encoding="UTF-8"?>
<addon id="plugin.video.phoenixmediathek" name="Phoenix Mediathek" version="1.0.0" provider-name="membrane">
    <requires>
		<import addon="xbmc.python" version="2.1.0"/>
		<import addon="script.module.libMediathek" version="0.0.1"/>
		<import addon="script.module.mediathekxmlservice" version="0.1.0"/>
    </requires>
    <extension point="xbmc.python.pluginsource" library="default.py">
        <provides>video</provides>
    </extension>
    <extension point="xbmc.addon.metadata">
        <platform>all</platform>
        <summary lang="en">Phoenix Mediathek</summary>
        <description lang="en">Phoenix Mediathek</description>
    </extension>
</addon>
