<?xml version="1.0" encoding="UTF-8"?>
<addon id="plugin.video.ndrmediathek" name="NDR Mediathek" version="1.1.4" provider-name="68000a">
    <requires>
        <import addon="xbmc.python" version="2.25.0"/>
        <import addon="script.module.libmediathek3" version="1.4.0"/>
    </requires>
    <extension point="xbmc.python.pluginsource" library="default.py">
        <provides>video</provides>
    </extension>
    <extension point="xbmc.addon.metadata">
        <platform>all</platform>
        <language>de</language>
        <license>GNU GENERAL PUBLIC LICENSE. Version 2, June 1991</license>
        <source>https://github.com/prof-membrane/plugin.video.ndrmediathek</source>
        <summary lang="en">This is an add-on for http://www.ndr.de/mediathek/.</summary>
        <description lang="en">This add-on provides access to the German VOD platform http://www.ndr.de/mediathek/.</description>
        <summary lang="de">Sendebeiträge der NDR Mediathek.</summary>
        <description lang="de">Dieses Add-on bietet Zugriff auf die Bibliothek des NDR. Zur Auswahl stehen unter anderem Reportagen und Serien.</description>
        <disclaimer lang="de">Dieses Add-on wird von keiner Sendeanstalt unterstützt und ist daher inoffiziell.</disclaimer>
    </extension>
</addon>
