<?xml version="1.0" encoding="UTF-8"?>
<addon id="plugin.video.unithek" name="Unithek" version="0.3.0" provider-name="membrane">
    <requires>
        <import addon="xbmc.python" version="2.1.0"/>
		<import addon="script.module.lib3sat" version="0.0.1"/>
		<!--<import addon="script.module.libarte" version="0.0.1"/>-->
		<import addon="script.module.libard" version="0.1.1"/>
		<import addon="script.module.libbr" version="0.0.1"/>
		<import addon="script.module.libdaserste" version="0.0.1"/>
		<import addon="script.module.libmdr" version="0.0.1"/>
		<import addon="script.module.libsr" version="0.0.1"/>
		<import addon="script.module.libswr" version="0.0.1"/>
		<import addon="script.module.libwdr" version="0.0.1"/>
		<import addon="script.module.libzdf" version="0.2.1"/>
		<import addon="script.module.libmediathek3" version="0.0.1"/>
    </requires>
    <extension point="xbmc.python.pluginsource" library="default.py">
        <provides>video</provides>
    </extension>
    <extension point="xbmc.addon.metadata">
        <platform>all</platform>
        <summary lang="en">Unithek</summary>
        <description lang="en">Unithek</description>
    </extension>
</addon>
